@timestamp;@version;capacity_bytes;date;failure;model;serial_number;lifetime
2018-01-01T09:38:29.732Z;1;8001563222016.0;2017-04-18T21:00:00.000Z;1;ST8000DM002;ZA11WTAK;374
2018-01-01T09:38:01.463Z;1;250059350016.0;2017-04-18T21:00:00.000Z;1;ST250LM004 HN;S2T0J9ACB00405;468
2018-01-01T09:57:00.561Z;1;4000787030016.0;2017-04-28T21:00:00.000Z;1;ST4000DM000;Z300GQJ1;94
2018-01-01T09:45:45.712Z;1;8001563222016.0;2017-04-20T21:00:00.000Z;1;ST8000DM002;ZA13QBYE;779
2018-01-01T09:49:00.954Z;1;4000787030016.0;2017-04-22T21:00:00.000Z;1;ST4000DM000;Z3040KMY;655
2018-01-01T09:54:40.751Z;1;4000787030016.0;2017-04-26T21:00:00.000Z;1;ST4000DM000;W300DD6P;449
2018-01-01T09:59:25.231Z;1;4000787030016.0;2017-04-29T21:00:00.000Z;1;ST4000DM000;S300XBP0;106
2018-01-01T10:00:03.164Z;1;4000787030016.0;2017-04-30T21:00:00.000Z;1;ST4000DM000;Z305BNDZ;710
2018-01-01T09:48:32.821Z;1;8001563222016.0;2017-04-22T21:00:00.000Z;1;ST8000DM002;ZA12QCHW;676
2018-01-01T09:13:19.327Z;1;4000787030016.0;2017-04-04T21:00:00.000Z;1;HGST HMS5C4040BLE640;PL2331LAH46A7J;815
2018-01-01T09:31:22.089Z;1;4000787030016.0;2017-04-13T21:00:00.000Z;1;ST4000DM000;Z3059LJ1;2397
2018-01-01T09:35:12.935Z;1;4000787030016.0;2017-04-16T21:00:00.000Z;1;ST4000DX000;Z1Z054BY;149
2018-01-01T09:30:04.909Z;1;4000787030016.0;2017-04-13T21:00:00.000Z;1;HGST HMS5C4040BLE640;PL1331LAHBSRGH;1269
2018-01-01T09:21:49.393Z;1;4000787030016.0;2017-04-08T21:00:00.000Z;1;HGST HMS5C4040ALE640;PL1331LAGSE14H;1029
2018-01-01T09:29:39.918Z;1;4000787030016.0;2017-04-12T21:00:00.000Z;1;ST4000DM000;Z305BAKB;972
2018-01-01T09:34:46.476Z;1;4000787030016.0;2017-04-16T21:00:00.000Z;1;ST4000DM000;Z300GQ7V;10
2018-01-01T09:20:14.617Z;1;4000787030016.0;2017-04-07T21:00:00.000Z;1;ST4000DM000;W300D26M;139
2018-01-01T09:23:30.574Z;1;4000787030016.0;2017-04-09T21:00:00.000Z;1;ST4000DM000;Z3054HPN;424
2018-01-01T09:30:58.762Z;1;4000787030016.0;2017-04-13T21:00:00.000Z;1;ST4000DM000;Z300GZBV;365
2018-01-01T09:33:51.310Z;1;4000787030016.0;2017-04-15T21:00:00.000Z;1;ST4000DM000;Z3024W1C;366
2018-01-01T09:14:06.779Z;1;4000787030016.0;2017-04-05T21:00:00.000Z;1;ST4000DX000;Z1Z03J9E;142
2018-01-01T10:07:19.672Z;1;4000787030016.0;2017-05-05T21:00:00.000Z;1;ST4000DM000;Z304L9P8;533
2018-01-01T10:06:52.702Z;1;4000787030016.0;2017-05-04T21:00:00.000Z;1;ST4000DM000;Z3023X6K;2116
2018-01-01T10:10:33.557Z;1;4000787030016.0;2017-05-07T21:00:00.000Z;1;ST4000DM000;Z302AKQS;1660
2018-01-01T10:12:23.701Z;1;4000787030016.0;2017-05-08T21:00:00.000Z;1;Hitachi HDS5C4040ALE630;PL2311LAG1L4AC;55
2018-01-01T10:18:32.637Z;1;4000787030016.0;2017-05-12T21:00:00.000Z;1;HGST HMS5C4040BLE640;PL2331LAHBAP3J;90
2018-01-01T10:17:49.741Z;1;4000787030016.0;2017-05-12T21:00:00.000Z;1;ST4000DM000;Z305D2KE;254
2018-01-01T10:13:10.020Z;1;4000787030016.0;2017-05-09T21:00:00.000Z;1;ST4000DM000;W300J8DX;298
2018-01-01T10:10:51.144Z;1;4000787030016.0;2017-05-07T21:00:00.000Z;1;ST4000DM000;Z300TXH6;526
2018-01-01T10:10:59.993Z;1;4000787030016.0;2017-05-07T21:00:00.000Z;1;ST4000DM000;Z3015SZN;1011
2018-01-01T10:50:23.320Z;1;4000787030016.0;2017-06-02T21:00:00.000Z;1;HGST HMS5C4040BLE640;PL1331LAHBS6NH;1715
2018-01-01T10:50:28.521Z;1;6001175126016.0;2017-06-02T21:00:00.000Z;1;ST6000DX000;Z4D084X3;77
2018-01-01T10:51:10.343Z;1;4000787030016.0;2017-06-03T21:00:00.000Z;1;ST4000DM000;Z304KBXJ;209
2018-01-01T10:51:03.372Z;1;4000787030016.0;2017-06-03T21:00:00.000Z;1;ST4000DM000;Z304JW3S;629
2018-01-01T10:38:24.651Z;1;4000787030016.0;2017-05-25T21:00:00.000Z;1;ST4000DM000;Z300GZ1R;428
2018-01-01T10:38:24.556Z;1;4000787030016.0;2017-05-25T21:00:00.000Z;1;ST4000DM000;Z3027GDY;1470
2018-01-01T10:31:01.169Z;1;4000787030016.0;2017-05-20T21:00:00.000Z;1;ST4000DM000;Z305NSS5;436
2018-01-01T10:39:31.556Z;1;4000787030016.0;2017-05-26T21:00:00.000Z;1;ST4000DX000;Z1Z059JQ;1413
2018-01-01T10:23:21.197Z;1;4000787030016.0;2017-05-15T21:00:00.000Z;1;ST4000DM000;Z305D2BM;558
2018-01-01T10:26:59.567Z;1;4000787030016.0;2017-05-17T21:00:00.000Z;1;ST4000DM000;Z30260WC;2357
2018-01-01T10:32:31.004Z;1;4000787030016.0;2017-05-21T21:00:00.000Z;1;ST4000DM000;Z30262K4;258
2018-01-01T10:32:13.941Z;1;4000787030016.0;2017-05-21T21:00:00.000Z;1;ST4000DM000;Z305GWPW;171
2018-01-01T10:53:31.445Z;1;4000787030016.0;2017-06-04T21:00:00.000Z;1;ST4000DM000;W30088ZB;229
2018-01-01T11:16:26.542Z;1;4000787030016.0;2017-06-18T21:00:00.000Z;1;ST4000DM000;Z30330GD;1275
2018-01-01T11:16:11.425Z;1;4000787030016.0;2017-06-18T21:00:00.000Z;1;ST4000DX000;Z1Z05CDK;490
2018-01-01T11:16:43.019Z;1;4000787030016.0;2017-06-19T21:00:00.000Z;1;ST4000DM000;Z3001G79;2016
2018-01-01T11:18:45.821Z;1;4000787030016.0;2017-06-20T21:00:00.000Z;1;ST4000DM000;Z303THHV;3844
2018-01-01T11:07:16.595Z;1;500107862016.0;2017-06-13T21:00:00.000Z;1;ST500LM012 HN;S2ZYJ9GGB02833;431
2018-01-01T11:10:43.336Z;1;4000787030016.0;2017-06-15T21:00:00.000Z;1;ST4000DM000;Z300PC7X;694
2018-01-01T11:10:43.441Z;1;4000787030016.0;2017-06-15T21:00:00.000Z;1;ST4000DM000;Z304JKHX;344
2018-01-01T11:19:40.269Z;1;4000787030016.0;2017-06-20T21:00:00.000Z;1;ST4000DM000;Z3040Q7P;185
2018-01-01T10:56:13.631Z;1;4000787030016.0;2017-06-06T21:00:00.000Z;1;ST4000DM000;W300WRGX;526
2018-01-01T11:05:10.782Z;1;4000787030016.0;2017-06-11T21:00:00.000Z;1;ST4000DX000;Z1Z05CDD;118
2018-01-01T10:58:20.166Z;1;4000787030016.0;2017-06-07T21:00:00.000Z;1;ST4000DM000;Z300XQWQ;141
2018-01-01T11:05:21.218Z;1;4000787030016.0;2017-06-12T21:00:00.000Z;1;ST4000DM000;W300J8BR;5
2018-01-01T10:33:39.478Z;1;4000787030016.0;2017-05-22T21:00:00.000Z;1;ST4000DM000;Z3026Z5M;603
2018-01-01T10:24:13.774Z;1;4000787030016.0;2017-05-16T21:00:00.000Z;1;ST4000DM000;Z300ZSYS;403
2018-01-01T10:24:13.743Z;1;4000787030016.0;2017-05-16T21:00:00.000Z;1;ST4000DM000;Z304JMKD;701
2018-01-01T11:21:48.323Z;1;4000787030016.0;2017-06-22T21:00:00.000Z;1;ST4000DM000;Z3016PFJ;1801
2018-01-01T11:24:53.887Z;1;4000787030016.0;2017-06-23T21:00:00.000Z;1;ST4000DM000;Z302BDTD;257
2018-01-01T11:20:52.230Z;1;4000787030016.0;2017-06-21T21:00:00.000Z;1;ST4000DM000;S300X985;132
2018-01-01T11:22:09.237Z;1;4000787030016.0;2017-06-22T21:00:00.000Z;1;ST4000DM000;Z300GPGX;1083
2018-01-01T11:22:08.838Z;1;4000787030016.0;2017-06-22T21:00:00.000Z;1;ST4000DM000;Z300GYX3;272
2018-01-01T11:26:56.674Z;1;8001563222016.0;2017-06-25T21:00:00.000Z;1;ST8000DM002;ZA12FFSQ;74
2018-01-01T11:27:27.067Z;1;4000787030016.0;2017-06-25T21:00:00.000Z;1;ST4000DM000;Z300GQJK;1237
2018-01-01T11:11:43.193Z;1;4000787030016.0;2017-06-15T21:00:00.000Z;1;ST4000DM000;Z300ZS2W;175
2018-01-01T11:13:35.998Z;1;4000787030016.0;2017-06-17T21:00:00.000Z;1;ST4000DM000;Z3041BYX;158
2018-01-10T07:03:29.057Z;1;4000787030016.0;2016-10-09T21:00:00.000Z;1;ST4000DM000;Z304YS93;2570
2018-01-10T07:08:16.439Z;1;4000787030016.0;2016-10-12T21:00:00.000Z;1;ST4000DM000;Z3011WJC;589
2018-01-10T07:19:58.601Z;1;4000787030016.0;2016-10-21T21:00:00.000Z;1;ST4000DM000;Z30149E5;1401
2018-01-10T07:15:00.966Z;1;4000787030016.0;2016-10-18T21:00:00.000Z;1;ST4000DM000;Z302510P;104
2018-01-10T07:17:56.446Z;1;4000787030016.0;2016-10-20T21:00:00.000Z;1;HGST HMS5C4040ALE640;PL1331LAGRZ3DH;177
2018-01-10T07:19:58.771Z;1;8001563222016.0;2016-10-21T21:00:00.000Z;1;ST8000DM002;ZA10MCVX;140
2018-01-10T07:13:49.530Z;1;4000787030016.0;2016-10-17T21:00:00.000Z;1;ST4000DM000;Z3024TSW;2
2018-01-10T07:15:13.606Z;1;4000787030016.0;2016-10-18T21:00:00.000Z;1;ST4000DM000;Z3029FAJ;427
2018-01-10T07:16:53.359Z;1;4000787030016.0;2016-10-19T21:00:00.000Z;1;ST4000DM000;Z304Z59F;475
2018-01-10T07:18:40.415Z;1;4000787030016.0;2016-10-20T21:00:00.000Z;1;Hitachi HDS5C4040ALE630;PL1321LAG320VH;1368
2018-01-10T07:20:41.301Z;1;4000787030016.0;2016-10-22T21:00:00.000Z;1;ST4000DM000;Z300GZ1G;510
2018-01-10T07:20:44.333Z;1;4000787030016.0;2016-10-22T21:00:00.000Z;1;ST4000DM000;W3006NXV;133
2018-01-10T07:20:48.556Z;1;4000787030016.0;2016-10-22T21:00:00.000Z;1;HGST HMS5C4040BLE640;PL1331LAHBN1MH;118
2018-01-01T13:58:10.571Z;1;4000787030016.0;2017-03-27T21:00:00.000Z;1;HGST HMS5C4040BLE640;PL1331LAHG20PH;624
2018-01-01T13:59:00.849Z;1;4000787030016.0;2017-03-27T21:00:00.000Z;1;ST4000DM000;Z305B6WJ;1865
2018-01-10T06:48:56.972Z;1;4000787030016.0;2016-09-30T21:00:00.000Z;1;ST4000DM000;Z300W5HA;147
2018-01-10T06:48:35.341Z;1;4000787030016.0;2016-09-30T21:00:00.000Z;1;ST4000DM000;Z3025KXS;30
2018-01-01T13:55:16.438Z;1;4000787030016.0;2017-03-24T22:00:00.000Z;1;ST4000DM000;Z302SVG2;90
2018-01-10T06:51:40.876Z;1;4000787030016.0;2016-10-01T21:00:00.000Z;1;ST4000DM000;Z3025LF2;519
2018-01-01T13:58:30.407Z;1;4000787030016.0;2017-03-27T21:00:00.000Z;1;ST4000DM000;Z300YMWV;818
2018-01-01T14:01:47.457Z;1;4000787030016.0;2017-03-29T21:00:00.000Z;1;ST4000DM000;Z305B1MN;1165
2018-01-01T14:04:17.636Z;1;4000787030016.0;2017-03-30T21:00:00.000Z;1;ST4000DM000;Z305PEAL;223
2018-01-01T14:04:13.055Z;1;4000787030016.0;2017-03-30T21:00:00.000Z;1;ST4000DM000;Z305AQGZ;298
2018-01-01T13:59:31.681Z;1;500107862016.0;2017-03-27T21:00:00.000Z;1;TOSHIBA MQ01ABF050;96HCTBI8T;185
2018-01-01T13:59:40.250Z;1;4000787030016.0;2017-03-27T21:00:00.000Z;1;ST4000DM000;Z3023WL1;1490
2018-01-01T13:57:52.803Z;1;4000787030016.0;2017-03-26T21:00:00.000Z;1;ST4000DM000;Z305ACJX;319
2018-01-10T06:53:13.286Z;1;4000787030016.0;2016-10-02T21:00:00.000Z;1;ST4000DM000;Z30111K5;39
2018-01-01T14:03:06.967Z;1;4000787030016.0;2017-03-30T21:00:00.000Z;1;ST4000DM000;Z302BPKE;261
2018-01-10T07:04:59.466Z;1;4000787030016.0;2016-10-10T21:00:00.000Z;1;ST4000DM000;Z3015332;28
2018-01-10T07:23:33.638Z;1;4000787030016.0;2016-10-24T21:00:00.000Z;1;ST4000DM000;S30115XM;787
2018-01-10T07:35:09.971Z;1;4000787030016.0;2016-11-03T22:00:00.000Z;1;ST4000DM000;W300J82G;1364
2018-01-10T07:35:14.885Z;1;4000787030016.0;2016-11-03T22:00:00.000Z;1;ST4000DM000;Z3015CBJ;529
2018-01-10T07:37:41.737Z;1;4000787030016.0;2016-11-05T22:00:00.000Z;1;ST4000DM000;Z304GHJH;838
2018-01-10T07:25:47.835Z;1;4000787030016.0;2016-10-26T21:00:00.000Z;1;ST4000DM000;Z303YMJH;1376
2018-01-10T07:25:47.919Z;1;4000787030016.0;2016-10-26T21:00:00.000Z;1;ST4000DM000;S300YC4L;1101
2018-01-10T07:28:06.748Z;1;4000787030016.0;2016-10-28T21:00:00.000Z;1;ST4000DM000;Z3025LGC;914
2018-01-10T07:31:42.018Z;1;8001563222016.0;2016-10-31T22:00:00.000Z;1;ST8000DM002;ZA13EX9B;1566
2018-01-10T07:37:16.987Z;1;4000787030016.0;2016-11-04T22:00:00.000Z;1;ST4000DM000;W3009F9G;1260
2018-01-10T07:31:10.761Z;1;4000787030016.0;2016-10-30T22:00:00.000Z;1;ST4000DM000;Z3040ECY;624
2018-01-10T07:31:14.197Z;1;4000787030016.0;2016-10-31T22:00:00.000Z;1;ST4000DM000;Z3016SXX;4241
2018-01-10T07:27:48.791Z;1;4000787030016.0;2016-10-28T21:00:00.000Z;1;ST4000DM000;Z303JAKC;825
2018-01-10T07:38:12.281Z;1;4000787030016.0;2016-11-05T22:00:00.000Z;1;ST4000DX000;Z1Z0449D;67
2018-01-10T07:08:44.280Z;1;8001563222016.0;2016-10-13T21:00:00.000Z;1;ST8000DM002;ZA11VKXY;613
2018-01-10T07:15:45.565Z;1;4000787030016.0;2016-10-18T21:00:00.000Z;1;ST4000DM000;Z300GPAX;333
2018-01-10T07:58:33.377Z;1;4000787030016.0;2016-11-21T22:00:00.000Z;1;ST4000DM000;Z3015BWW;910
2018-01-10T07:56:58.968Z;1;8001563222016.0;2016-11-20T22:00:00.000Z;1;ST8000DM002;ZA10RYAN;478
2018-01-10T07:53:34.469Z;1;4000787030016.0;2016-11-17T22:00:00.000Z;1;ST4000DM000;Z3053NY5;1130
2018-01-10T07:42:34.540Z;1;4000787030016.0;2016-11-08T22:00:00.000Z;1;ST4000DM000;Z302F0C2;1213
2018-01-10T07:42:30.762Z;1;4000787030016.0;2016-11-08T22:00:00.000Z;1;ST4000DM000;Z304KCJV;422
2018-01-10T07:51:06.818Z;1;4000787030016.0;2016-11-15T22:00:00.000Z;1;ST4000DM000;Z305Y09F;35
2018-01-10T07:53:51.286Z;1;3000592982016.0;2016-11-17T22:00:00.000Z;1;Hitachi HDS723030ALA640;MK0333YHGPJERC;1180
2018-01-10T07:40:38.082Z;1;4000787030016.0;2016-11-07T22:00:00.000Z;1;ST4000DM000;Z304GM4F;174
2018-01-10T07:48:26.190Z;1;6001175126016.0;2016-11-13T22:00:00.000Z;1;WDC WD60EFRX;WD-WX21D947NCPV;252
2018-01-10T07:53:11.588Z;1;6001175126016.0;2016-11-17T22:00:00.000Z;1;WDC WD60EFRX;WD-WXL1H640V69F;975
2018-01-10T08:17:56.776Z;1;4000787030016.0;2016-12-03T22:00:00.000Z;1;ST4000DM000;Z300CWB9;255
2018-01-10T08:14:23.401Z;1;4000787030016.0;2016-12-01T22:00:00.000Z;1;ST4000DM000;Z300K09B;1322
2018-01-10T08:18:57.903Z;1;500107862016.0;2016-12-04T22:00:00.000Z;1;ST500LM012 HN;S2ZYJ9GGB04754;595
2018-01-10T08:18:34.885Z;1;3000592982016.0;2016-12-04T22:00:00.000Z;1;Hitachi HDS723030ALA640;MK0301YHGNLU7D;2278
2018-01-10T08:41:51.142Z;1;4000787030016.0;2016-12-20T22:00:00.000Z;1;ST4000DM000;Z30111HJ;294
2018-01-10T08:42:18.792Z;1;4000787030016.0;2016-12-20T22:00:00.000Z;1;ST4000DM000;Z302A1AJ;1628
2018-01-10T08:42:19.870Z;1;4000787030016.0;2016-12-20T22:00:00.000Z;1;ST4000DM000;Z300GPS8;1888
2018-01-10T08:43:52.319Z;1;4000787030016.0;2016-12-21T22:00:00.000Z;1;ST4000DM000;Z300GPXH;526
2018-01-10T08:46:59.648Z;1;4000787030016.0;2016-12-23T22:00:00.000Z;1;ST4000DM000;Z300NX58;296
2018-01-10T08:34:04.975Z;1;4000787030016.0;2016-12-14T22:00:00.000Z;1;ST4000DM000;Z3040DVG;201
2018-01-10T08:35:53.865Z;1;8001563222016.0;2016-12-16T22:00:00.000Z;1;ST8000DM002;ZA120N5Z;308
2018-01-10T08:36:29.412Z;1;4000787030016.0;2016-12-16T22:00:00.000Z;1;ST4000DM000;Z30250NN;1651
2018-01-10T08:26:09.964Z;1;4000787030016.0;2016-12-08T22:00:00.000Z;1;ST4000DM000;Z3012WZ8;2156
2018-01-10T08:32:11.649Z;1;4000787030016.0;2016-12-13T22:00:00.000Z;1;ST4000DM000;W300CSSV;969
2018-01-10T08:36:04.440Z;1;4000787030016.0;2016-12-16T22:00:00.000Z;1;ST4000DM000;W300AZX3;518
2018-01-10T08:24:57.198Z;1;4000787030016.0;2016-12-08T22:00:00.000Z;1;ST4000DM000;Z300WFDN;126
2018-01-10T08:49:16.199Z;1;4000787030016.0;2016-12-25T22:00:00.000Z;1;ST4000DM000;Z300GYMW;676
2018-01-10T08:51:56.605Z;1;4000787030016.0;2016-12-27T22:00:00.000Z;1;ST4000DM000;Z303PFVQ;2422
2018-01-10T11:12:56.088Z;1;4000787030016.0;2016-07-14T21:00:00.000Z;1;ST4000DM000;Z304JLDJ;51
2018-01-10T11:17:40.716Z;1;4000787030016.0;2016-07-17T21:00:00.000Z;1;ST4000DX000;Z1Z03EM1;273
2018-01-10T11:31:32.190Z;1;4000787030016.0;2016-07-26T21:00:00.000Z;1;ST4000DM000;Z302G5Q4;1742
2018-01-10T11:31:32.191Z;1;4000787030016.0;2016-07-26T21:00:00.000Z;1;ST4000DM000;Z3052GC6;46
2018-01-10T10:49:23.817Z;1;4000787030016.0;2016-06-30T21:00:00.000Z;1;ST4000DM000;Z305CE99;946
2018-01-10T11:10:17.292Z;1;4000787030016.0;2016-07-12T21:00:00.000Z;1;ST4000DM000;Z3014NPN;300
2018-01-10T11:27:54.941Z;1;4000787030016.0;2016-07-24T21:00:00.000Z;1;ST4000DM000;Z305DHNQ;550
2018-01-10T11:27:57.324Z;1;4000787030016.0;2016-07-24T21:00:00.000Z;1;ST4000DM000;Z305KVLL;1287
2018-01-10T11:15:04.960Z;1;4000787030016.0;2016-07-15T21:00:00.000Z;1;ST4000DM000;W3004Y7M;503
2018-01-10T11:19:02.142Z;1;4000787030016.0;2016-07-18T21:00:00.000Z;1;ST4000DM000;S30111L2;1101
2018-01-10T11:32:13.018Z;1;4000787030016.0;2016-07-26T21:00:00.000Z;1;ST4000DM000;Z300PM73;122
2018-01-10T11:35:16.053Z;1;4000787030016.0;2016-07-28T21:00:00.000Z;1;ST4000DM000;S300YBKS;427
2018-01-10T11:44:50.979Z;1;4000787030016.0;2016-08-04T21:00:00.000Z;1;ST4000DM000;Z3029ZR8;1693
2018-01-10T11:50:37.753Z;1;4000787030016.0;2016-08-08T21:00:00.000Z;1;ST4000DX000;Z1Z03F55;1013
2018-01-10T11:36:39.318Z;1;4000787030016.0;2016-07-29T21:00:00.000Z;1;ST4000DM000;Z30259G4;724
2018-01-10T11:33:41.982Z;1;4000787030016.0;2016-07-27T21:00:00.000Z;1;HGST HMS5C4040ALE640;PL2331LAGRWT0J;329
2018-01-10T11:33:42.055Z;1;4000787030016.0;2016-07-27T21:00:00.000Z;1;ST4000DM000;Z3042A2Q;466
2018-01-10T11:35:08.798Z;1;4000787030016.0;2016-07-28T21:00:00.000Z;1;ST4000DM000;Z3057FPB;407
2018-01-10T11:52:03.632Z;1;4000787030016.0;2016-08-08T21:00:00.000Z;1;ST4000DM000;Z300NK8E;992
2018-01-10T11:49:24.417Z;1;4000787030016.0;2016-08-07T21:00:00.000Z;1;ST4000DX000;Z1Z03JJ7;445
2018-01-10T11:39:47.362Z;1;4000787030016.0;2016-07-31T21:00:00.000Z;1;ST4000DM000;Z305KW22;982
2018-01-10T10:51:02.542Z;1;4000787030016.0;2016-07-01T21:00:00.000Z;1;ST4000DM000;Z30252GX;800
2018-01-10T11:01:52.547Z;1;4000787030016.0;2016-07-07T21:00:00.000Z;1;ST4000DM000;W300J5ZL;371
2018-01-10T11:05:44.988Z;1;4000787030016.0;2016-07-10T21:00:00.000Z;1;ST4000DM000;Z300W303;300
2018-01-10T11:09:15.681Z;1;4000787030016.0;2016-07-12T21:00:00.000Z;1;HGST HMS5C4040BLE640;PL1331LAHD2GDH;317
2018-01-10T08:56:09.323Z;1;8001563222016.0;2016-12-30T22:00:00.000Z;1;ST8000DM002;ZA10Q2F7;662
2018-01-10T10:54:54.726Z;1;4000787030016.0;2016-07-03T21:00:00.000Z;1;ST4000DM000;Z305APJ4;1840
2018-01-10T11:05:31.909Z;1;4000787030016.0;2016-07-10T21:00:00.000Z;1;ST4000DM000;Z3019HDN;775
2018-01-10T12:01:20.719Z;1;4000787030016.0;2016-08-14T21:00:00.000Z;1;ST4000DM000;Z304JGRB;31
2018-01-10T12:06:06.000Z;1;4000787030016.0;2016-08-17T21:00:00.000Z;1;ST4000DM000;S300WFAX;80
2018-01-10T12:14:37.556Z;1;4000787030016.0;2016-08-23T21:00:00.000Z;1;ST4000DM000;Z300KFN0;605
2018-01-10T11:55:16.089Z;1;4000787030016.0;2016-08-10T21:00:00.000Z;1;ST4000DM000;Z302CYFS;1777
2018-01-10T12:00:28.073Z;1;8001563222016.0;2016-08-13T21:00:00.000Z;1;ST8000DM002;ZA10Z4F2;635
2018-01-10T12:00:30.346Z;1;4000787030016.0;2016-08-13T21:00:00.000Z;1;ST4000DM000;Z304E7CZ;121
2018-01-10T12:11:24.223Z;1;4000787030016.0;2016-08-20T21:00:00.000Z;1;ST4000DM000;W300BJ07;1392
2018-01-10T12:14:06.967Z;1;4000787030016.0;2016-08-22T21:00:00.000Z;1;ST4000DM000;Z3040PZK;971
2018-01-10T11:58:59.435Z;1;4000787030016.0;2016-08-12T21:00:00.000Z;1;ST4000DM000;Z304JWNV;206
2018-01-10T12:07:21.766Z;1;4000787030016.0;2016-08-18T21:00:00.000Z;1;ST4000DM000;Z303R4WA;262
2018-01-10T12:29:30.380Z;1;4000787030016.0;2016-09-02T21:00:00.000Z;1;ST4000DM000;S301NK3V;39
2018-01-10T12:31:27.614Z;1;4000787030016.0;2016-09-03T21:00:00.000Z;1;ST4000DM000;S301PPYE;461
2018-01-10T12:16:11.322Z;1;4000787030016.0;2016-08-24T21:00:00.000Z;1;ST4000DM000;Z304KR1G;461
2018-01-10T12:33:31.519Z;1;6001175126016.0;2016-09-04T21:00:00.000Z;1;WDC WD60EFRX;WD-WXC1H3442013;1067
2018-01-10T12:17:40.072Z;1;8001563222016.0;2016-08-25T21:00:00.000Z;1;ST8000DM002;ZA110RTA;260
2018-01-10T12:25:02.923Z;1;4000787030016.0;2016-08-30T21:00:00.000Z;1;ST4000DM000;Z3023XA8;80
2018-01-10T12:32:21.413Z;1;4000787030016.0;2016-09-04T21:00:00.000Z;1;ST4000DM000;W300960V;1456
2018-01-10T12:18:34.094Z;1;4000787030016.0;2016-08-25T21:00:00.000Z;1;ST4000DM000;Z3041BT0;11
2018-01-10T12:20:38.445Z;1;4000787030016.0;2016-08-27T21:00:00.000Z;1;ST4000DM000;Z300GPL3;686
2018-01-10T12:20:51.840Z;1;4000787030016.0;2016-08-27T21:00:00.000Z;1;ST4000DM000;Z3025K82;242
2018-01-10T12:39:41.248Z;1;4000787030016.0;2016-09-08T21:00:00.000Z;1;ST4000DM000;Z3024CA7;181
2018-01-10T12:41:59.048Z;1;4000787030016.0;2016-09-10T21:00:00.000Z;1;ST4000DM000;Z3058MVP;1130
2018-01-10T12:35:23.405Z;1;4000787030016.0;2016-09-06T21:00:00.000Z;1;ST4000DM000;Z304KBTA;755
2018-01-10T12:37:10.539Z;1;160041885696.0;2016-09-07T21:00:00.000Z;1;WDC WD1600AAJS;WD-WCAV3D509504;1545
2018-01-10T12:43:39.674Z;1;4000787030016.0;2016-09-11T21:00:00.000Z;1;HGST HMS5C4040BLE640;PL1331LAHD0JSH;83
2018-01-10T12:36:14.669Z;1;4000787030016.0;2016-09-06T21:00:00.000Z;1;ST4000DM000;Z3025LA6;657
2018-01-10T12:32:49.814Z;1;4000787030016.0;2016-09-04T21:00:00.000Z;1;ST4000DM000;Z300GQ2V;427
2018-01-10T12:32:55.419Z;1;4000787030016.0;2016-09-04T21:00:00.000Z;1;ST4000DM000;Z3029ASC;72
2018-01-10T12:32:36.810Z;1;8001563222016.0;2016-09-04T21:00:00.000Z;1;ST8000DM002;ZA10ATDQ;711
2018-01-10T12:54:22.301Z;1;4000787030016.0;2016-09-19T21:00:00.000Z;1;ST4000DM000;Z300YTX5;713
2018-01-10T12:55:12.398Z;1;4000787030016.0;2016-09-20T21:00:00.000Z;1;ST4000DM000;Z3029Z3P;334
2018-01-10T12:55:37.892Z;1;4000787030016.0;2016-09-20T21:00:00.000Z;1;ST4000DM000;Z300K8FE;269
2018-01-10T12:56:46.027Z;1;4000787030016.0;2016-09-21T21:00:00.000Z;1;ST4000DM000;Z305D214;2742
2018-01-10T12:46:30.529Z;1;4000787030016.0;2016-09-13T21:00:00.000Z;1;ST4000DM000;Z3029F0E;6
2018-01-10T12:48:58.004Z;1;4000787030016.0;2016-09-15T21:00:00.000Z;1;ST4000DM000;Z302T681;1059
2018-01-10T12:49:24.977Z;1;6001175126016.0;2016-09-15T21:00:00.000Z;1;WDC WD60EFRX;WD-WXC1H3440683;819
2018-01-10T12:50:23.018Z;1;4000787030016.0;2016-09-16T21:00:00.000Z;1;ST4000DM000;Z3057DTN;310
2018-01-10T12:59:49.318Z;1;4000787030016.0;2016-09-23T21:00:00.000Z;1;HGST HMS5C4040ALE640;PL1331LAGRHGHH;1866
2018-01-10T13:00:31.221Z;1;4000787030016.0;2016-09-23T21:00:00.000Z;1;ST4000DM000;Z303VKE9;163
2018-01-10T13:00:49.788Z;1;6001175126016.0;2016-09-23T21:00:00.000Z;1;WDC WD60EFRX;WD-WX41D94RNDP3;137
2018-01-10T13:03:25.484Z;1;4000787030016.0;2016-09-25T21:00:00.000Z;1;ST4000DM000;Z3016PP6;2303
2018-01-01T12:07:24.815Z;1;4000787030016.0;2017-01-20T22:00:00.000Z;1;ST4000DM000;W300R8E5;1950
2018-01-01T12:15:50.140Z;1;4000787030016.0;2017-01-26T22:00:00.000Z;1;ST4000DM000;Z300GZEG;692
2018-01-01T12:16:03.390Z;1;4000787030016.0;2017-01-26T22:00:00.000Z;1;ST4000DM000;Z304L9JQ;409
2018-01-01T12:04:41.337Z;1;4000787030016.0;2017-01-18T22:00:00.000Z;1;ST4000DM000;W300BFT0;188
2018-01-01T12:16:55.363Z;1;8001563222016.0;2017-01-31T22:00:00.000Z;1;ST8000DM002;ZA13R7ND;517
2018-01-01T12:04:30.087Z;1;3000592982016.0;2017-01-18T22:00:00.000Z;1;Hitachi HDS5C3030ALA630;MJ0351YNG9WU5A;2176
2018-01-01T11:40:18.453Z;1;4000787030016.0;2017-01-01T22:00:00.000Z;1;ST4000DM000;Z300GPL4;169
2018-01-01T11:51:31.415Z;1;500107862016.0;2017-01-08T22:00:00.000Z;1;TOSHIBA MQ01ABF050;66GHS5NHS;186
2018-01-01T11:56:05.002Z;1;4000787030016.0;2017-01-12T22:00:00.000Z;1;ST4000DM000;Z3015BZD;259
2018-01-01T12:05:01.963Z;1;4000787030016.0;2017-01-18T22:00:00.000Z;1;ST4000DM000;Z3025113;300
2018-01-01T12:05:09.798Z;1;4000787030016.0;2017-01-18T22:00:00.000Z;1;ST4000DM000;Z300W1SW;836
2018-01-01T12:16:08.731Z;1;6001175126016.0;2017-01-26T22:00:00.000Z;1;ST6000DX000;Z4D04CD1;193
2018-01-01T12:16:28.454Z;1;4000787030016.0;2017-01-26T22:00:00.000Z;1;ST4000DX000;Z1Z05927;508
2018-01-01T12:16:48.111Z;1;8001563222016.0;2017-01-26T22:00:00.000Z;1;ST8000DM002;ZA13PM6D;202
2018-01-01T12:16:42.514Z;1;8001563222016.0;2017-01-26T22:00:00.000Z;1;ST8000DM002;ZA11TMKK;168
2018-01-01T11:53:23.342Z;1;4000787030016.0;2017-01-10T22:00:00.000Z;1;HGST HMS5C4040BLE640;PL1331LAGLXSHH;2892
2018-01-01T11:40:45.583Z;1;4000787030016.0;2017-01-01T22:00:00.000Z;1;ST4000DM000;S300X9C1;52
2018-01-01T11:46:43.722Z;1;4000787030016.0;2017-01-05T22:00:00.000Z;1;ST4000DM000;Z3029AZC;901
2018-01-01T11:57:49.046Z;1;4000787030016.0;2017-01-13T22:00:00.000Z;1;HGST HMS5C4040BLE640;PL2331LAHAWRKJ;414
2018-01-01T12:01:22.490Z;1;4000787030016.0;2017-01-15T22:00:00.000Z;1;ST4000DM000;Z302AKVP;857
2018-01-01T12:55:32.206Z;1;8001563222016.0;2017-02-27T22:00:00.000Z;1;ST8000DM002;ZA10BL8K;282
2018-01-01T13:00:05.294Z;1;4000787030016.0;2017-03-02T22:00:00.000Z;1;ST4000DM000;Z3029YY6;2244
2018-01-01T12:24:11.018Z;1;4000787030016.0;2017-02-05T22:00:00.000Z;1;ST4000DM000;Z304HR3D;632
2018-01-01T12:24:36.162Z;1;4000787030016.0;2017-02-05T22:00:00.000Z;1;ST4000DM000;Z303R5V8;710
2018-01-01T12:54:25.540Z;1;4000787030016.0;2017-02-26T22:00:00.000Z;1;ST4000DM000;Z300JCPK;0
2018-01-01T12:57:53.438Z;1;3000592982016.0;2017-02-28T22:00:00.000Z;1;Hitachi HDS723030ALA640;MK0311YHGKKBWA;228
2018-01-01T12:53:02.324Z;1;4000787030016.0;2017-02-25T22:00:00.000Z;1;ST4000DM000;Z300GQF6;90
2018-01-01T12:56:58.181Z;1;4000787030016.0;2017-02-27T22:00:00.000Z;1;ST4000DM000;Z304WFRB;1050
2018-01-01T12:34:05.047Z;1;4000787030016.0;2017-02-11T22:00:00.000Z;1;ST4000DM000;Z30349NQ;261
2018-01-01T12:37:45.152Z;1;4000787030016.0;2017-02-14T22:00:00.000Z;1;ST4000DM000;Z300ZQTH;1122
2018-01-01T12:32:55.632Z;1;4000787030016.0;2017-02-11T22:00:00.000Z;1;ST4000DM000;Z305APXY;191
2018-01-01T12:26:52.624Z;1;4000787030016.0;2017-02-07T22:00:00.000Z;1;ST4000DM000;Z305PTJQ;209
2018-01-01T12:41:24.309Z;1;8001563222016.0;2017-02-17T22:00:00.000Z;1;ST8000DM002;ZA10BMZ0;370
2018-01-01T12:42:14.828Z;1;4000787030016.0;2017-02-17T22:00:00.000Z;1;ST4000DM000;Z300WCL2;761
2018-01-01T12:42:25.276Z;1;4000787030016.0;2017-02-17T22:00:00.000Z;1;ST4000DX000;Z1Z03JP0;704
2018-01-01T12:44:28.757Z;1;4000787030016.0;2017-02-19T22:00:00.000Z;1;ST4000DX000;Z1Z05PNF;701
2018-01-01T12:45:51.100Z;1;500107862016.0;2017-02-20T22:00:00.000Z;1;TOSHIBA MQ01ABF050;96ICTBQIT;2194
2018-01-01T12:42:36.015Z;1;4000787030016.0;2017-02-18T22:00:00.000Z;1;ST4000DM000;Z300GZDB;355
2018-01-01T12:42:41.010Z;1;4000787030016.0;2017-02-18T22:00:00.000Z;1;ST4000DX000;Z1Z03F8P;3034
2018-01-01T12:46:24.727Z;1;4000787030016.0;2017-02-20T22:00:00.000Z;1;HGST HMS5C4040BLE640;PL1331LAHBXGDH;1017
2018-01-01T12:51:27.469Z;1;4000787030016.0;2017-02-24T22:00:00.000Z;1;ST4000DM000;W300AQF6;1109
2018-01-01T13:25:20.752Z;1;4000787030016.0;2017-03-19T22:00:00.000Z;1;ST4000DM000;Z3046MK1;1821
2018-01-01T13:26:45.894Z;1;4000787030016.0;2017-03-20T22:00:00.000Z;1;ST4000DM000;Z304KCR6;1176
2018-01-01T11:30:34.388Z;1;4000787030016.0;2017-06-26T21:00:00.000Z;1;ST4000DM000;Z300GYRJ;316
2018-01-01T13:18:13.998Z;1;4000787030016.0;2017-03-14T22:00:00.000Z;1;ST4000DM000;W300BHAE;1707
2018-01-01T13:19:58.836Z;1;4000787030016.0;2017-03-16T22:00:00.000Z;1;ST4000DM000;Z304RN2Z;470
2018-01-01T13:21:42.755Z;1;4000787030016.0;2017-03-17T22:00:00.000Z;1;ST4000DM000;Z3012WST;3
2018-01-01T13:14:58.658Z;1;4000787030016.0;2017-03-12T22:00:00.000Z;1;ST4000DM000;Z302SW8N;7
2018-01-01T13:16:07.127Z;1;4000787030016.0;2017-03-13T22:00:00.000Z;1;ST4000DX000;Z1Z04PSH;2074
2018-01-01T13:02:34.058Z;1;4000787030016.0;2017-03-03T22:00:00.000Z;1;ST4000DM000;W300BMRD;19
2018-01-01T13:07:15.182Z;1;4000787030016.0;2017-03-07T22:00:00.000Z;1;ST4000DM000;Z30565L0;948
2018-01-01T13:03:58.377Z;1;4000787030016.0;2017-03-05T22:00:00.000Z;1;ST4000DM000;Z305HK21;703
2018-01-01T13:09:00.267Z;1;4000787030016.0;2017-03-08T22:00:00.000Z;1;ST4000DM000;Z305F20Z;66
2018-01-01T13:09:43.080Z;1;4000787030016.0;2017-03-08T22:00:00.000Z;1;ST4000DM000;Z305BA7D;1560
2018-01-01T13:13:12.208Z;1;4000787030016.0;2017-03-11T22:00:00.000Z;1;ST4000DM000;Z305EFWD;448
2018-01-01T13:28:48.395Z;1;4000787030016.0;2017-03-21T22:00:00.000Z;1;ST4000DM000;Z305CX3N;1
2018-01-01T13:29:17.861Z;1;4000787030016.0;2017-03-22T22:00:00.000Z;1;ST4000DM000;Z3025275;3364
2018-01-01T13:29:31.506Z;1;4000787030016.0;2017-03-22T22:00:00.000Z;1;HGST HMS5C4040BLE640;PL2331LAHBU7HJ;379
2018-01-01T13:52:15.751Z;1;4000787030016.0;2017-03-23T22:00:00.000Z;1;ST4000DM000;Z305NAWA;1131
2018-01-01T13:52:53.191Z;1;4000787030016.0;2017-03-23T22:00:00.000Z;1;ST4000DM000;S300YPQV;1237
2018-01-01T13:54:22.787Z;1;4000787030016.0;2017-03-24T22:00:00.000Z;1;ST4000DM000;Z3048KGN;175
2017-12-29T23:35:38.695Z;1;4000787030016.0;2017-08-30T21:00:00.000Z;1;ST4000DM000;Z3002Z8J;441
2017-12-29T23:29:21.417Z;1;4000787030016.0;2017-08-27T21:00:00.000Z;1;ST4000DM000;Z300E1F2;1689
2017-12-29T23:29:41.778Z;1;4000787030016.0;2017-08-27T21:00:00.000Z;1;ST4000DM000;Z3016QXZ;1773
2017-12-29T23:29:46.046Z;1;4000787030016.0;2017-08-27T21:00:00.000Z;1;ST4000DM000;Z3025LAT;252
2017-12-29T23:30:55.291Z;1;4000787030016.0;2017-08-28T21:00:00.000Z;1;ST4000DM001;W4J0SDSY;367
2017-12-29T23:30:58.136Z;1;4000787030016.0;2017-08-28T21:00:00.000Z;1;ST4000DM000;Z3059KP4;947
2017-12-29T23:20:47.548Z;1;4000787030016.0;2017-08-22T21:00:00.000Z;1;ST4000DM000;Z300YTZ4;643
2017-12-29T23:22:12.573Z;1;8001563222016.0;2017-08-23T21:00:00.000Z;1;ST8000NM0055;ZA171TCD;487
2017-12-29T23:22:05.470Z;1;4000787030016.0;2017-08-23T21:00:00.000Z;1;Hitachi HDS5C4040ALE630;PL1321LAGAXVMH;197
2017-12-29T23:24:54.288Z;1;4000787030016.0;2017-08-25T21:00:00.000Z;1;ST4000DM000;Z300XGNY;123
2017-12-29T23:25:34.503Z;1;8001563222016.0;2017-08-25T21:00:00.000Z;1;ST8000DM002;ZA10AVFJ;1601
2017-12-29T23:27:47.738Z;1;8001563222016.0;2017-08-26T21:00:00.000Z;1;ST8000NM0055;ZA182XGE;456
2017-12-29T23:40:41.617Z;1;4000787030016.0;2017-09-02T21:00:00.000Z;1;ST4000DM000;Z3011WKG;385
2017-12-29T23:43:19.906Z;1;4000787030016.0;2017-09-03T21:00:00.000Z;1;HGST HMS5C4040BLE640;PL2331LAH3XWYJ;673
2017-12-29T23:49:23.684Z;1;4000787030016.0;2017-09-06T21:00:00.000Z;1;ST4000DM000;Z305D56M;189
2017-12-29T23:51:49.225Z;1;4000787030016.0;2017-09-07T21:00:00.000Z;1;ST4000DM000;Z3014NAS;1581
2017-12-29T23:52:03.076Z;1;4000787030016.0;2017-09-08T21:00:00.000Z;1;ST4000DM000;Z30144GQ;323
2017-12-29T23:52:12.026Z;1;4000787030016.0;2017-09-08T21:00:00.000Z;1;ST4000DM000;Z300WQR7;971
2017-12-29T23:53:30.650Z;1;4000787030016.0;2017-09-08T21:00:00.000Z;1;ST4000DM000;Z302F36Q;1244
2017-12-29T23:53:52.704Z;1;4000787030016.0;2017-09-08T21:00:00.000Z;1;HGST HMS5C4040BLE640;PL1331LAHER1GH;1631
2017-12-29T23:57:38.452Z;1;4000787030016.0;2017-09-10T21:00:00.000Z;1;ST4000DM000;Z3016RS4;736
2017-12-30T00:03:08.797Z;1;4000787030016.0;2017-09-13T21:00:00.000Z;1;ST4000DM000;Z304GR4Z;28
2017-12-30T00:05:10.044Z;1;4000787030016.0;2017-09-14T21:00:00.000Z;1;HGST HMS5C4040ALE640;PL2331LAGSTDYJ;3018
2017-12-30T00:07:20.987Z;1;4000787030016.0;2017-09-15T21:00:00.000Z;1;ST4000DM000;Z300K8A2;36
2017-12-30T00:07:33.834Z;1;4000787030016.0;2017-09-15T21:00:00.000Z;1;ST4000DM000;S300Z3QV;440
2017-12-30T00:10:37.183Z;1;4000787030016.0;2017-09-17T21:00:00.000Z;1;ST4000DM001;W4J1MHWZ;97
2017-12-30T00:10:56.823Z;1;4000787030016.0;2017-09-17T21:00:00.000Z;1;ST4000DM000;W300DY71;85
2017-12-30T00:12:59.208Z;1;8001563222016.0;2017-09-18T21:00:00.000Z;1;ST8000NM0055;ZA1819Y5;816
2017-12-30T00:14:11.785Z;1;4000787030016.0;2017-09-19T21:00:00.000Z;1;ST4000DM000;Z300GPFE;171
2017-12-30T00:16:42.379Z;1;4000787030016.0;2017-09-20T21:00:00.000Z;1;ST4000DM000;Z302AYLZ;443
2017-12-30T00:19:50.532Z;1;4000787030016.0;2017-09-22T21:00:00.000Z;1;ST4000DM000;S301GNM7;30
2017-12-30T00:21:53.568Z;1;4000787030016.0;2017-09-23T21:00:00.000Z;1;HGST HMS5C4040ALE640;PL2331LAGSUX5J;40
2017-12-30T00:22:33.688Z;1;8001563222016.0;2017-09-23T21:00:00.000Z;1;ST8000NM0055;ZA14EEWR;45
2017-12-30T00:25:10.900Z;1;4000787030016.0;2017-09-24T21:00:00.000Z;1;ST4000DM000;Z300GQHB;646
2017-12-29T23:19:59.586Z;1;8001563222016.0;2017-08-22T21:00:00.000Z;1;ST8000NM0055;ZA170TN4;657
2017-12-29T23:17:41.761Z;1;4000787030016.0;2017-08-20T21:00:00.000Z;1;ST4000DM000;Z300MHSM;414
2017-12-29T23:00:23.448Z;1;4000787030016.0;2017-08-09T21:00:00.000Z;1;ST4000DM000;Z300NCNR;466
2017-12-29T23:05:58.803Z;1;4000787030016.0;2017-08-13T21:00:00.000Z;1;HGST HMS5C4040BLE640;PL1331LAHBZVHH;904
2017-12-29T23:01:06.417Z;1;4000787030016.0;2017-08-09T21:00:00.000Z;1;ST4000DM000;S3013N9H;673
2018-01-01T09:04:00.731Z;1;4000787030016.0;2017-03-31T21:00:00.000Z;1;ST4000DM000;W300BQ33;403
2018-01-01T09:03:43.915Z;1;4000787030016.0;2017-03-31T21:00:00.000Z;1;ST4000DM000;S300WEE9;52
2018-01-01T09:05:56.985Z;1;4000787030016.0;2017-04-01T21:00:00.000Z;1;ST4000DM000;W300JG56;1052
2018-01-01T09:05:59.141Z;1;4000787030016.0;2017-04-01T21:00:00.000Z;1;ST4000DM000;Z304KCS7;105
2018-01-01T09:09:41.898Z;1;4000787030016.0;2017-04-03T21:00:00.000Z;1;ST4000DM000;Z305FS3Q;383
2017-12-29T21:56:39.991Z;1;3000592982016.0;2017-07-03T21:00:00.000Z;1;WDC WD30EFRX;WD-WMC4N2550169;52
2017-12-29T21:58:12.893Z;1;4000787030016.0;2017-07-04T21:00:00.000Z;1;HGST HMS5C4040ALE640;PL1331LAHGYP6H;25
2017-12-29T21:59:49.572Z;1;4000787030016.0;2017-07-05T21:00:00.000Z;1;ST4000DM000;Z304JZPV;358
2017-12-29T22:01:03.056Z;1;4000787030016.0;2017-07-05T21:00:00.000Z;1;ST4000DM000;S30109YP;57
2017-12-29T22:09:09.583Z;1;4000787030016.0;2017-07-10T21:00:00.000Z;1;ST4000DM000;Z300YTZZ;744
2017-12-29T22:12:09.799Z;1;4000787030016.0;2017-07-11T21:00:00.000Z;1;ST4000DM000;Z305KW9S;1269
2017-12-29T22:14:05.897Z;1;4000787030016.0;2017-07-12T21:00:00.000Z;1;ST4000DX000;Z1Z053BN;1247
2017-12-29T22:14:05.967Z;1;4000787030016.0;2017-07-12T21:00:00.000Z;1;ST4000DM000;Z300ZV54;26
2017-12-29T22:31:58.636Z;1;4000787030016.0;2017-07-22T21:00:00.000Z;1;ST4000DM001;W4J1QNXL;353
2017-12-29T22:33:43.760Z;1;4000787030016.0;2017-07-23T21:00:00.000Z;1;ST4000DM000;Z3023XDB;493
2017-12-29T22:34:24.709Z;1;4000787030016.0;2017-07-24T21:00:00.000Z;1;ST4000DM000;Z300PM08;386
2017-12-29T22:38:39.857Z;1;4000787030016.0;2017-07-27T21:00:00.000Z;1;ST4000DM001;W4J0HP54;22
2017-12-29T22:40:02.225Z;1;4000787030016.0;2017-07-28T21:00:00.000Z;1;ST4000DM000;W300DC56;721
2017-12-29T22:40:36.664Z;1;8001563222016.0;2017-07-28T21:00:00.000Z;1;ST8000DM002;ZA10V1GN;38
2017-12-29T22:40:48.624Z;1;8001563222016.0;2017-07-28T21:00:00.000Z;1;ST8000DM002;ZA13QZMF;11
2017-12-29T22:42:59.126Z;1;8001563222016.0;2017-07-29T21:00:00.000Z;1;ST8000NM0055;ZA14FP2W;441
2017-12-29T22:46:59.869Z;1;137438952960.0;2017-08-01T21:00:00.000Z;1;ST4000DM000;Z300GZEK;705
2017-12-29T22:49:22.323Z;1;8001563222016.0;2017-08-02T21:00:00.000Z;1;ST8000DM002;ZA12625H;57
2017-12-29T22:16:54.615Z;1;4000787030016.0;2017-07-14T21:00:00.000Z;1;ST4000DM000;Z3026ZHV;105
2017-12-29T22:22:26.437Z;1;4000787030016.0;2017-07-17T21:00:00.000Z;1;ST4000DM000;W300KLAM;664
2017-12-29T22:25:36.441Z;1;4000787030016.0;2017-07-18T21:00:00.000Z;1;HGST HMS5C4040ALE640;PL1331LAHG684H;3092
2017-12-29T22:27:37.741Z;1;4000787030016.0;2017-07-19T21:00:00.000Z;1;ST4000DM000;Z300ZK0R;153
2017-12-29T22:29:25.859Z;1;4000787030016.0;2017-07-20T21:00:00.000Z;1;ST4000DM001;W4J1QWG3;325
2017-12-29T22:29:51.571Z;1;4000787030016.0;2017-07-21T21:00:00.000Z;1;ST4000DM000;Z3054A3L;407
2017-12-29T22:30:20.578Z;1;4000787030016.0;2017-07-21T21:00:00.000Z;1;ST4000DM000;Z300PLZ5;347
2017-12-29T22:30:43.532Z;1;4000787030016.0;2017-07-21T21:00:00.000Z;1;ST4000DM000;W300J80V;1005
2017-12-29T22:51:54.610Z;1;4000787030016.0;2017-08-04T21:00:00.000Z;1;ST4000DM000;Z303G2GQ;364
2017-12-29T22:54:07.735Z;1;8001563222016.0;2017-08-05T21:00:00.000Z;1;ST8000DM002;ZA142S5Q;486
2017-12-29T22:56:27.627Z;1;4000787030016.0;2017-08-06T21:00:00.000Z;1;ST4000DM000;Z3015GYQ;484
2017-12-29T22:56:32.664Z;1;4000787030016.0;2017-08-06T21:00:00.000Z;1;ST4000DM000;Z3014PDA;812
2017-12-29T22:56:56.628Z;1;8001563222016.0;2017-08-07T21:00:00.000Z;1;ST8000NM0055;ZA18BLYW;2436
2017-12-29T22:58:47.136Z;1;4000787030016.0;2017-08-08T21:00:00.000Z;1;ST4000DM000;Z30417KP;211
2018-01-12T07:39:46.170Z;1;3000592982016.0;2016-05-17T21:00:00.000Z;1;Hitachi HDS5C3030ALA630;MJ1311YNG3B13A;498
2018-01-12T07:40:03.000Z;1;3000592982016.0;2016-05-17T21:00:00.000Z;1;Hitachi HDS5C3030ALA630;MJ1311YNG6DH8A;2
2018-01-12T07:46:49.079Z;1;160041885696.0;2016-05-23T21:00:00.000Z;1;ST3160318AS;6VY16NA1;375
2018-01-12T07:49:13.660Z;1;320072933376.0;2016-05-25T21:00:00.000Z;1;ST320LT007;W0Q6JFCX;948
2018-01-12T07:58:05.477Z;1;320072933376.0;2016-06-01T21:00:00.000Z;1;ST320LT007;W0Q6JG7G;129
2018-01-12T07:59:40.848Z;1;4000787030016.0;2016-06-02T21:00:00.000Z;1;ST4000DM000;Z300PM3F;1438
2018-01-12T08:00:38.462Z;1;4000787030016.0;2016-06-03T21:00:00.000Z;1;ST4000DM000;S30088XB;179
2018-01-12T07:53:29.026Z;1;4000787030016.0;2016-05-28T21:00:00.000Z;1;ST4000DX000;Z1Z03EJD;16
2018-01-12T07:56:27.088Z;1;3000592982016.0;2016-05-30T21:00:00.000Z;1;WDC WD30EFRX;WD-WCC4N0879739;669
2018-01-12T07:58:46.279Z;1;320072933376.0;2016-06-01T21:00:00.000Z;1;ST320LT007;W0Q6JGAJ;281
2018-01-12T07:59:27.215Z;1;320072933376.0;2016-06-02T21:00:00.000Z;1;ST320LT007;W0Q6H7VH;316
2018-01-12T07:59:30.632Z;1;320072933376.0;2016-06-02T21:00:00.000Z;1;ST320LT007;W0Q6JFVC;394
2018-01-12T07:53:56.612Z;1;4000787030016.0;2016-05-29T21:00:00.000Z;1;WDC WD40EFRX;WD-WCC4E0624519;2306
2018-01-12T07:55:27.005Z;1;80026361856.0;2016-05-30T21:00:00.000Z;1;WDC WD800JB;WD-WMAM9DSH9912;348
2018-01-12T07:57:57.372Z;1;320072933376.0;2016-06-01T21:00:00.000Z;1;ST320LT007;W0Q6GWQ1;236
2018-01-12T07:59:06.636Z;1;4000787030016.0;2016-06-01T21:00:00.000Z;1;ST4000DM000;W300B2SG;76
2018-01-12T07:46:29.018Z;1;4000787030016.0;2016-05-23T21:00:00.000Z;1;ST4000DM000;Z300PAJ4;394
2018-01-12T07:47:58.929Z;1;3000592982016.0;2016-05-24T21:00:00.000Z;1;WDC WD30EFRX;WD-WMC4N1012524;620
2018-01-12T07:47:50.961Z;1;320072933376.0;2016-05-24T21:00:00.000Z;1;ST320LT007;W0Q0QDR9;658
2018-01-12T07:22:23.703Z;1;4000787030016.0;2016-05-04T21:00:00.000Z;1;ST4000DM000;Z300W20D;1104
2018-01-12T07:23:00.548Z;1;4000787030016.0;2016-05-05T21:00:00.000Z;1;ST4000DM000;Z300GZ1K;723
2018-01-12T07:38:11.636Z;1;4000787030016.0;2016-05-16T21:00:00.000Z;1;ST4000DM000;Z300KKS7;483
2018-01-12T07:38:12.515Z;1;4000787030016.0;2016-05-16T21:00:00.000Z;1;ST4000DM000;Z300GPW8;42
2018-01-12T07:44:19.870Z;1;4000787030016.0;2016-05-21T21:00:00.000Z;1;ST4000DM000;Z304KQPT;1105
2018-01-12T07:47:35.172Z;1;2000398934016.0;2016-05-23T21:00:00.000Z;1;Hitachi HDS722020ALA330;JK1105B8GDM6PX;1216
2018-01-12T07:18:39.790Z;1;4000787030016.0;2016-05-01T21:00:00.000Z;1;ST4000DM000;S3002DLG;143
2018-01-12T07:25:20.849Z;1;4000787030016.0;2016-05-07T21:00:00.000Z;1;ST4000DM000;Z300X43D;932
2018-01-12T07:30:39.619Z;1;4000787030016.0;2016-05-10T21:00:00.000Z;1;ST4000DM000;Z304D0DC;525
2018-01-12T07:37:42.100Z;1;4000787030016.0;2016-05-15T21:00:00.000Z;1;ST4000DM000;Z3029Z0P;70
2018-01-12T07:23:10.722Z;1;4000787030016.0;2016-05-05T21:00:00.000Z;1;ST4000DM000;Z305D689;221
2018-01-12T07:37:09.632Z;1;4000787030016.0;2016-05-15T21:00:00.000Z;1;ST4000DM000;Z30416YC;864
2018-01-12T07:37:30.695Z;1;4000787030016.0;2016-05-15T21:00:00.000Z;1;ST4000DM000;Z302E66L;254
2018-01-12T07:20:42.236Z;1;80026361856.0;2016-05-03T21:00:00.000Z;1;WDC WD800AAJS;WD-WMAV3J935959;196
2018-01-12T07:28:08.455Z;1;80026361856.0;2016-05-08T21:00:00.000Z;1;WDC WD800AAJS;WD-WMAV3J872643;598
2018-01-12T08:02:25.423Z;1;4000787030016.0;2016-06-04T21:00:00.000Z;1;ST4000DX000;Z1Z03G7Q;1611
2018-01-12T08:06:51.494Z;1;4000787030016.0;2016-06-07T21:00:00.000Z;1;ST4000DM000;Z302624B;243
2018-01-12T08:07:31.044Z;1;4000787030016.0;2016-06-08T21:00:00.000Z;1;ST4000DM000;S30111RD;900
2018-01-12T08:04:57.049Z;1;4000787030016.0;2016-06-06T21:00:00.000Z;1;HGST HMS5C4040BLE640;PL2331LAH2YG3J;345
2018-01-12T08:18:48.941Z;1;3000592982016.0;2016-06-17T21:00:00.000Z;1;Hitachi HDS5C3030ALA630;MJ1311YNG733NA;288
2018-01-12T08:14:27.010Z;1;4000787030016.0;2016-06-13T21:00:00.000Z;1;ST4000DM000;Z3053RDR;21
2018-01-12T08:21:13.631Z;1;4000787030016.0;2016-06-18T21:00:00.000Z;1;ST4000DM000;Z3052Z81;126
2018-01-12T08:23:25.069Z;1;4000787030016.0;2016-06-20T21:00:00.000Z;1;HGST HMS5C4040BLE640;PL1331LAHD0UAH;3424
2018-01-12T08:23:25.424Z;1;3000592982016.0;2016-06-20T21:00:00.000Z;1;Hitachi HDS723030ALA640;MK0301YHGJA52A;512
2018-01-12T08:25:29.703Z;1;3000592982016.0;2016-06-22T21:00:00.000Z;1;Hitachi HDS723030ALA640;MK0311YHGHYWMA;183
2018-01-12T09:11:31.142Z;1;4000787030016.0;2016-01-24T22:00:00.000Z;1;ST4000DM000;Z302B0WW;178
2018-01-12T09:13:52.382Z;1;320072933376.0;2016-01-26T22:00:00.000Z;1;ST320LT007;W0Q2D0MM;801
2018-01-12T09:12:01.269Z;1;4000787030016.0;2016-01-24T22:00:00.000Z;1;ST4000DM000;Z304HR6F;1044
2018-01-12T09:13:46.175Z;1;4000787030016.0;2016-01-26T22:00:00.000Z;1;ST4000DM000;Z30250GF;600
2018-01-12T09:14:41.763Z;1;4000787030016.0;2016-01-27T22:00:00.000Z;1;ST4000DM000;Z3025XXD;357
2018-01-12T08:59:00.753Z;1;2000398934016.0;2016-01-12T22:00:00.000Z;1;Hitachi HDS722020ALA330;JK1105B8J10GXX;914
2018-01-12T09:07:06.896Z;1;320072933376.0;2016-01-20T22:00:00.000Z;1;ST320LT007;W0Q6WJGE;271
2018-01-12T08:32:05.441Z;1;2000398934016.0;2016-06-27T21:00:00.000Z;1;Hitachi HDS722020ALA330;JK1101B9J301EF;290
2018-01-12T08:32:09.451Z;1;4000787030016.0;2016-06-27T21:00:00.000Z;1;ST4000DM000;W3008GWV;117
2018-01-12T08:33:53.216Z;1;4000787030016.0;2016-06-28T21:00:00.000Z;1;ST4000DM000;S300WCPY;897
2018-01-12T08:33:44.414Z;1;4000787030016.0;2016-06-28T21:00:00.000Z;1;ST4000DM000;Z304HSV7;425
2018-01-12T08:51:21.244Z;1;4000787030016.0;2016-01-05T22:00:00.000Z;1;ST4000DM000;Z3015CR3;236
2018-01-12T09:02:55.486Z;1;4000787030016.0;2016-01-16T22:00:00.000Z;1;ST4000DM000;Z300ZST1;114
2018-01-12T09:08:25.504Z;1;4000787030016.0;2016-01-21T22:00:00.000Z;1;ST4000DM000;W300CTT5;880
2018-01-12T09:05:43.185Z;1;4000787030016.0;2016-01-18T22:00:00.000Z;1;ST4000DM000;W300R7RJ;436
2018-01-12T11:36:55.191Z;1;4000787030016.0;2016-01-31T22:00:00.000Z;1;HGST HMS5C4040ALE640;PL2331LAGUL9EJ;2870
2018-01-12T11:37:11.568Z;1;4000787030016.0;2016-01-31T22:00:00.000Z;1;ST4000DM000;S300Z49J;335
2018-01-12T11:36:38.673Z;1;4000787030016.0;2016-01-31T22:00:00.000Z;1;ST4000DM000;Z300GZDD;682
2018-01-12T11:38:27.416Z;1;4000787030016.0;2016-02-02T22:00:00.000Z;1;ST4000DM000;W300935A;376
2018-01-12T11:39:10.220Z;1;4000787030016.0;2016-02-02T22:00:00.000Z;1;ST4000DM000;Z3025KZX;4
2018-01-12T11:39:15.748Z;1;320072933376.0;2016-02-02T22:00:00.000Z;1;ST320LT007;W0Q091K4;2751
2018-01-12T09:18:10.133Z;1;4000787030016.0;2016-01-30T22:00:00.000Z;1;ST4000DM000;Z3025M3T;372
2018-01-12T11:38:07.566Z;1;4000787030016.0;2016-02-01T22:00:00.000Z;1;ST4000DM000;Z3025230;159
2018-01-12T11:40:28.980Z;1;4000787030016.0;2016-02-03T22:00:00.000Z;1;ST4000DM000;Z3026JQP;533
2018-01-12T11:41:27.860Z;1;4000787030016.0;2016-02-04T22:00:00.000Z;1;ST4000DM000;Z305APB1;1361
2018-01-12T11:45:06.159Z;1;4000787030016.0;2016-02-07T22:00:00.000Z;1;ST4000DM000;W300BNZJ;834
2018-01-12T06:39:49.313Z;1;4000787030016.0;2016-03-31T21:00:00.000Z;1;ST4000DM000;Z300GYM0;1245
2018-01-12T06:45:37.944Z;1;320072933376.0;2016-04-04T21:00:00.000Z;1;ST320LT007;W0Q7G2SX;1363
2018-01-12T06:54:01.145Z;1;4000787030016.0;2016-04-11T21:00:00.000Z;1;ST4000DM000;S3011FTD;632
2018-01-10T13:06:52.815Z;1;4000787030016.0;2016-09-28T21:00:00.000Z;1;ST4000DM000;Z3015LCK;1163
2018-01-12T06:53:10.631Z;1;4000787030016.0;2016-04-10T21:00:00.000Z;1;ST4000DM000;S300VLF9;856
2018-01-12T06:52:43.863Z;1;160041885696.0;2016-04-10T21:00:00.000Z;1;WDC WD1600AAJB;WD-WMAV3K823407;28
2018-01-12T06:56:05.739Z;1;4000787030016.0;2016-04-12T21:00:00.000Z;1;ST4000DM000;Z3012XB4;310
2018-01-12T06:46:11.704Z;1;160041885696.0;2016-04-05T21:00:00.000Z;1;WDC WD1600AAJS;WD-WCAYUAS62352;1986
2018-01-12T07:11:39.163Z;1;80026361856.0;2016-04-25T21:00:00.000Z;1;WDC WD800AAJS;WD-WMAV3J935957;4
2018-01-12T07:17:53.885Z;1;500107862016.0;2016-05-01T21:00:00.000Z;1;ST500LM012 HN;S2ZYJ9CG108013;323
2018-01-12T07:04:26.017Z;1;4000787030016.0;2016-04-19T21:00:00.000Z;1;ST4000DM000;Z305K26M;1978
2018-01-12T07:14:55.098Z;1;4000787030016.0;2016-04-28T21:00:00.000Z;1;ST4000DM000;Z302A13D;220
2018-01-12T06:59:41.893Z;1;4000787030016.0;2016-04-15T21:00:00.000Z;1;ST4000DM000;Z305AT4W;391
2018-01-12T07:02:29.769Z;1;4000787030016.0;2016-04-17T21:00:00.000Z;1;ST4000DM000;Z300XFQH;144
2018-01-12T07:04:52.177Z;1;4000787030016.0;2016-04-19T21:00:00.000Z;1;ST4000DM000;Z302AYPB;357
2018-01-12T07:04:35.548Z;1;4000787030016.0;2016-04-19T21:00:00.000Z;1;ST4000DM000;Z305D65D;554
2018-01-12T07:13:42.937Z;1;4000787030016.0;2016-04-27T21:00:00.000Z;1;ST4000DM000;S300XRCA;1653
2018-01-12T07:13:55.186Z;1;4000787030016.0;2016-04-27T21:00:00.000Z;1;ST4000DM000;Z304R6NY;666
2018-01-12T07:01:47.417Z;1;4000787030016.0;2016-04-17T21:00:00.000Z;1;ST4000DM000;W300BG0H;326
2018-01-12T07:16:16.504Z;1;2000398934016.0;2016-04-29T21:00:00.000Z;1;Hitachi HDS722020ALA330;JK11A8B9J67Z0F;717
2018-01-12T07:16:05.556Z;1;4000787030016.0;2016-04-29T21:00:00.000Z;1;ST4000DM000;Z3025MAF;527
2018-01-12T07:12:25.272Z;1;80026361856.0;2016-04-25T21:00:00.000Z;1;WDC WD800AAJS;WD-WMAV3J877125;790
2018-01-12T08:52:00.095Z;1;4000787030016.0;2016-01-05T22:00:00.000Z;1;ST4000DM000;Z300WGAW;1646
2018-01-12T08:53:24.701Z;1;4000787030016.0;2016-01-06T22:00:00.000Z;1;ST4000DM000;Z300ZQYJ;732
2018-01-12T08:56:51.264Z;1;4000787030016.0;2016-01-10T22:00:00.000Z;1;ST4000DM000;Z3013TQV;121
2018-01-12T08:56:46.283Z;1;4000787030016.0;2016-01-09T22:00:00.000Z;1;ST4000DM000;Z3016SP1;160
2018-01-12T08:52:21.051Z;1;4000787030016.0;2016-01-05T22:00:00.000Z;1;ST4000DM000;Z300GZ1N;547
2018-02-15T07:23:57.330Z;1;12000138625024.0;2017-11-03T22:00:00.000Z;1;ST12000NM0007;ZCH06TXM;160
2018-02-15T07:10:40.322Z;1;4000787030016.0;2017-10-26T21:00:00.000Z;1;ST4000DM000;Z304JMQW;656
2018-02-15T07:15:10.065Z;1;4000787030016.0;2017-10-29T22:00:00.000Z;1;ST4000DM000;Z303XYRS;297
2018-02-15T07:15:00.868Z;1;4000787030016.0;2017-10-29T22:00:00.000Z;1;ST4000DM000;Z300DYVX;412
2018-01-12T11:55:56.168Z;1;500107862016.0;2016-02-16T22:00:00.000Z;1;WDC WD5000LPVX;WD-WXC1A24L5590;2217
2018-01-12T11:59:59.255Z;1;4000787030016.0;2016-02-20T22:00:00.000Z;1;ST4000DM000;Z300GQ9R;1038
2018-01-12T12:02:32.254Z;1;3000592982016.0;2016-02-22T22:00:00.000Z;1;WDC WD30EFRX;WD-WMC1T1203338;565
2018-01-12T11:52:13.158Z;1;4000787030016.0;2016-02-13T22:00:00.000Z;1;ST4000DM000;Z30242SZ;321
2018-01-12T12:01:49.095Z;1;4000787030016.0;2016-02-21T22:00:00.000Z;1;HGST HMS5C4040ALE640;PL2331LAGSURSJ;499
2018-01-12T11:52:01.257Z;1;4000787030016.0;2016-02-13T22:00:00.000Z;1;ST4000DM000;Z304AESX;178
2018-01-12T11:58:34.137Z;1;4000787030016.0;2016-02-18T22:00:00.000Z;1;ST4000DM000;S300Z4FH;24
2018-01-12T11:58:35.235Z;1;4000787030016.0;2016-02-18T22:00:00.000Z;1;ST4000DM000;Z300GZ06;729
2018-01-12T12:02:13.351Z;1;4000787030016.0;2016-02-22T22:00:00.000Z;1;ST4000DM000;Z300KH7L;3953
2018-01-12T12:02:06.072Z;1;4000787030016.0;2016-02-22T22:00:00.000Z;1;ST4000DM000;Z3015DCK;743
2018-01-12T12:06:20.315Z;1;320072933376.0;2016-02-25T22:00:00.000Z;1;ST320LT007;W0Q7G3HK;1176
2018-01-12T12:09:39.354Z;1;2000398934016.0;2016-02-28T22:00:00.000Z;1;Hitachi HDS722020ALA330;JK11A8B9J7A7TF;140
2018-01-12T12:11:28.809Z;1;4000787030016.0;2016-03-01T22:00:00.000Z;1;ST4000DX000;Z1Z02WT2;24
2018-01-12T12:04:27.061Z;1;4000787030016.0;2016-02-24T22:00:00.000Z;1;ST4000DM000;Z3025Q3T;625
2018-01-12T12:08:49.088Z;1;3000592982016.0;2016-02-28T22:00:00.000Z;1;Hitachi HDS5C3030ALA630;MJ1311YNG7J0WA;554
2018-01-12T12:10:01.352Z;1;4000787030016.0;2016-02-29T22:00:00.000Z;1;ST4000DM000;Z300K9MG;2010
2018-01-12T12:11:56.415Z;1;4000787030016.0;2016-03-01T22:00:00.000Z;1;ST4000DM000;Z300WKKJ;1145
2018-01-12T12:12:23.048Z;1;4000787030016.0;2016-03-02T22:00:00.000Z;1;ST4000DM000;Z304HRXK;541
2018-01-12T12:05:39.718Z;1;4000787030016.0;2016-02-25T22:00:00.000Z;1;ST4000DM000;Z300KJ77;1140
2018-01-12T12:09:21.766Z;1;3000592982016.0;2016-02-28T22:00:00.000Z;1;Hitachi HDS5C3030ALA630;MJ1311YNG7DG4A;490
2018-01-12T12:12:42.287Z;1;1000204886016.0;2016-03-02T22:00:00.000Z;1;WDC WD10EADS;WD-WCAU45242693;533
2018-02-15T07:40:04.834Z;1;4000787030016.0;2017-11-12T22:00:00.000Z;1;ST4000DM000;Z300K1WE;288
2018-02-15T07:40:12.739Z;1;4000787030016.0;2017-11-12T22:00:00.000Z;1;ST4000DM000;Z305K1V9;556
2018-02-15T07:42:09.403Z;1;8001563222016.0;2017-11-14T22:00:00.000Z;1;ST8000NM0055;ZA180XXT;1136
2018-02-15T07:52:46.318Z;1;4000787030016.0;2017-11-20T22:00:00.000Z;1;ST4000DM000;Z3015CC7;2473
2018-02-15T07:48:56.221Z;1;4000787030016.0;2017-11-18T22:00:00.000Z;1;ST4000DM000;W300BHJX;749
2018-01-12T12:14:46.560Z;1;4000787030016.0;2016-03-03T22:00:00.000Z;1;ST4000DM000;Z3059ELF;491
2018-01-12T12:16:20.153Z;1;160041885696.0;2016-03-05T22:00:00.000Z;1;ST3160318AS;5VML01P0;224
2018-01-12T12:16:30.910Z;1;4000787030016.0;2016-03-05T22:00:00.000Z;1;ST4000DM000;Z300P8KT;101
2018-01-12T12:17:43.946Z;1;4000787030016.0;2016-03-06T22:00:00.000Z;1;ST4000DM000;Z305K238;700
2018-01-12T12:19:08.628Z;1;4000787030016.0;2016-03-07T22:00:00.000Z;1;ST4000DM000;W30088T9;403
2018-01-12T12:21:17.817Z;1;4000787030016.0;2016-03-09T22:00:00.000Z;1;ST4000DM000;Z304KBPH;1576
2018-01-12T12:21:26.077Z;1;4000787030016.0;2016-03-09T22:00:00.000Z;1;ST4000DM000;Z3041CNL;40
2018-01-12T12:21:37.581Z;1;320072933376.0;2016-03-09T22:00:00.000Z;1;ST320LT007;W0Q6JFTA;505
2018-01-12T12:23:58.609Z;1;4000787030016.0;2016-03-12T22:00:00.000Z;1;ST4000DM000;Z300GZE3;287
2018-01-12T12:23:47.749Z;1;4000787030016.0;2016-03-11T22:00:00.000Z;1;ST4000DM000;Z300VBVV;376
2018-02-15T08:02:44.027Z;1;4000787030016.0;2017-11-25T22:00:00.000Z;1;ST4000DM000;Z300GQEP;750
2018-02-15T08:04:22.358Z;1;8001563222016.0;2017-11-26T22:00:00.000Z;1;ST8000NM0055;ZA174KM0;563
2018-01-12T12:28:03.925Z;1;320072933376.0;2016-03-16T22:00:00.000Z;1;WDC WD3200AAJB;WD-WCAV2CC97466;366
2018-01-12T12:31:51.768Z;1;2000398934016.0;2016-03-20T22:00:00.000Z;1;Hitachi HDS722020ALA330;JK11A8YBKYWW1F;142
2018-01-12T12:27:14.577Z;1;80026361856.0;2016-03-15T22:00:00.000Z;1;WDC WD800BB;WD-WCAMD2323176;46
2018-01-12T12:33:40.726Z;1;160041885696.0;2016-03-21T22:00:00.000Z;1;WDC WD1600AAJB;WD-WCAS2A628702;148
2018-01-12T12:33:55.900Z;1;4000787030016.0;2016-03-21T22:00:00.000Z;1;ST4000DM000;Z3011WXL;935
2018-01-12T12:33:27.279Z;1;2000398934016.0;2016-03-21T22:00:00.000Z;1;Hitachi HDS722020ALA330;JK11A8YBKY5JVF;225
2018-01-12T12:33:32.528Z;1;4000787030016.0;2016-03-21T22:00:00.000Z;1;ST4000DM000;S300Z61P;390
2018-01-12T12:34:55.826Z;1;4000787030016.0;2016-03-22T22:00:00.000Z;1;ST4000DM000;Z3015BZG;408
2018-01-12T12:26:55.180Z;1;4000787030016.0;2016-03-15T22:00:00.000Z;1;ST4000DM000;S300YRYE;14
2018-01-12T12:26:51.141Z;1;4000787030016.0;2016-03-15T22:00:00.000Z;1;ST4000DM000;Z305M1KV;733
2018-01-12T12:32:22.809Z;1;4000787030016.0;2016-03-20T22:00:00.000Z;1;ST4000DM000;Z305BCH2;286
2018-01-12T12:36:06.557Z;1;80026361856.0;2016-03-23T22:00:00.000Z;1;WDC WD800JD;WD-WMAM9DZR3276;1183
2018-01-12T12:44:00.469Z;1;4000787030016.0;2016-03-29T21:00:00.000Z;1;ST4000DM000;Z30250F5;78
2018-02-15T06:29:11.807Z;1;8001563222016.0;2017-10-03T21:00:00.000Z;1;ST8000NM0055;ZA171TET;2108
2018-02-15T06:32:11.244Z;1;4000787030016.0;2017-10-04T21:00:00.000Z;1;ST4000DM000;Z304JA3E;2234
2018-02-15T06:32:12.415Z;1;4000787030016.0;2017-10-04T21:00:00.000Z;1;ST4000DM000;Z304HQVE;5
2018-02-15T06:43:56.787Z;1;4000787030016.0;2017-10-11T21:00:00.000Z;1;ST4000DM000;Z3041BZ2;286
2018-02-15T06:38:17.881Z;1;6001175126016.0;2017-10-08T21:00:00.000Z;1;WDC WD60EFRX;WD-WX11DA4DJZXJ;49
2018-02-15T06:44:27.880Z;1;4000787030016.0;2017-10-11T21:00:00.000Z;1;ST4000DM000;Z304JW6S;69
2018-01-12T12:25:27.982Z;1;80026361856.0;2016-03-13T22:00:00.000Z;1;WDC WD800JB;WD-WMAM9DRJ9680;625
2018-01-12T12:38:56.778Z;1;4000787030016.0;2016-03-25T22:00:00.000Z;1;ST4000DM000;Z30252C7;181
2018-02-15T06:33:22.196Z;1;8001563222016.0;2017-10-05T21:00:00.000Z;1;ST8000NM0055;ZA10J11L;159
2018-02-15T07:00:38.513Z;1;4000787030016.0;2017-10-20T21:00:00.000Z;1;ST4000DM000;Z300XQ6V;76
2018-02-15T06:56:03.990Z;1;4000787030016.0;2017-10-18T21:00:00.000Z;1;ST4000DM000;W300BMQA;1188
2018-02-15T07:03:18.244Z;1;500107862016.0;2017-10-22T21:00:00.000Z;1;ST500LM012 HN;S2ZYJ9FG404983;344
2018-02-15T06:54:08.410Z;1;4000787030016.0;2017-10-17T21:00:00.000Z;1;ST4000DX000;Z1Z03JEY;526
2018-02-15T06:54:30.327Z;1;4000787030016.0;2017-10-17T21:00:00.000Z;1;ST4000DM000;W3004Z1A;20
2018-02-15T07:05:49.590Z;1;4000787030016.0;2017-10-24T21:00:00.000Z;1;ST4000DM000;Z305D5TW;977
2018-02-15T07:02:22.317Z;1;4000787030016.0;2017-10-21T21:00:00.000Z;1;ST4000DM000;Z3025Q55;9
2018-02-15T07:01:04.223Z;1;4000787030016.0;2017-10-20T21:00:00.000Z;1;ST4000DM000;Z305D57G;46
2018-02-15T07:09:26.875Z;1;4000787030016.0;2017-10-26T21:00:00.000Z;1;HGST HMS5C4040BLE640;PL1331LAHBMYVH;44
2018-02-15T07:31:39.189Z;1;4000787030016.0;2017-11-07T22:00:00.000Z;1;ST4000DM000;Z30423PE;610
2018-02-15T07:26:51.516Z;1;4000787030016.0;2017-11-05T22:00:00.000Z;1;HGST HMS5C4040BLE640;PL2331LAHB94SJ;703
2018-02-15T07:33:51.838Z;1;4000787030016.0;2017-11-08T22:00:00.000Z;1;ST4000DM000;W300H3MS;10
2018-02-15T07:26:59.458Z;1;8001563222016.0;2017-11-05T22:00:00.000Z;1;ST8000NM0055;ZA1810FZ;2092
2018-02-15T07:29:25.295Z;1;4000787030016.0;2017-11-06T22:00:00.000Z;1;ST4000DM000;Z3023ZZV;253
2018-02-15T07:37:39.768Z;1;4000787030016.0;2017-11-10T22:00:00.000Z;1;ST4000DM000;Z305PVDV;304
2018-02-15T08:24:24.872Z;1;4000787030016.0;2017-12-06T22:00:00.000Z;1;ST4000DM000;Z3010TEF;588
2018-02-15T08:07:32.224Z;1;4000787030016.0;2017-11-28T22:00:00.000Z;1;ST4000DM000;Z300GPKL;1089
2018-02-15T08:30:27.354Z;1;4000787030016.0;2017-12-10T22:00:00.000Z;1;ST4000DM000;Z30260XN;1521
2018-02-15T08:30:17.939Z;1;8001563222016.0;2017-12-09T22:00:00.000Z;1;ST8000NM0055;ZA181JMT;187
2018-02-15T08:11:45.296Z;1;4000787030016.0;2017-11-30T22:00:00.000Z;1;ST4000DM000;Z30427BT;1112
2018-02-15T08:11:45.928Z;1;4000787030016.0;2017-11-30T22:00:00.000Z;1;ST4000DM000;Z300WEZL;3833
2018-02-15T08:11:53.500Z;1;4000787030016.0;2017-11-30T22:00:00.000Z;1;ST4000DM000;Z305GX6C;853
2018-02-15T08:29:42.216Z;1;6001175126016.0;2017-12-09T22:00:00.000Z;1;ST6000DX000;Z4D03T3H;315
2018-02-15T08:10:43.393Z;1;4000787030016.0;2017-11-30T22:00:00.000Z;1;ST4000DM000;Z3015M63;1181
2018-02-15T08:26:35.011Z;1;4000787030016.0;2017-12-08T22:00:00.000Z;1;ST4000DM000;S300XRSS;89
2018-02-15T08:28:59.411Z;1;8001563222016.0;2017-12-09T22:00:00.000Z;1;ST8000DM002;ZA11RN01;209
2018-02-15T08:48:18.567Z;1;4000787030016.0;2017-12-20T22:00:00.000Z;1;ST4000DM000;Z300ZV58;406
2018-02-15T08:28:47.804Z;1;4000787030016.0;2017-12-09T22:00:00.000Z;1;ST4000DM000;S300Z7TB;1675
2018-02-15T08:31:48.034Z;1;500107862016.0;2017-12-11T22:00:00.000Z;1;ST500LM012 HN;S2ZYJ9BF519223;430
2018-02-15T08:36:57.457Z;1;4000787030016.0;2017-12-13T22:00:00.000Z;1;ST4000DM000;Z3025LSL;589
2018-02-15T08:37:03.068Z;1;4000787030016.0;2017-12-14T22:00:00.000Z;1;ST4000DM000;Z3058L2W;215
2018-02-15T08:48:36.014Z;1;4000787030016.0;2017-12-20T22:00:00.000Z;1;ST4000DM005;WDH1B3AK;1831
2018-02-15T08:50:11.426Z;1;4000787030016.0;2017-12-21T22:00:00.000Z;1;ST4000DM000;Z300YV3N;141
2018-02-15T08:45:47.291Z;1;4000787030016.0;2017-12-18T22:00:00.000Z;1;ST4000DM000;S300VL64;1164
2018-02-15T08:42:18.957Z;1;8001563222016.0;2017-12-16T22:00:00.000Z;1;ST8000DM002;ZA11X9QN;486
2018-02-15T10:31:02.897Z;1;4000787030016.0;2017-12-25T22:00:00.000Z;1;ST4000DM000;W300H5H6;3211
2018-02-15T10:35:52.676Z;1;8001563222016.0;2017-12-27T22:00:00.000Z;1;ST8000NM0055;ZA18BLGV;104
2018-02-15T10:31:57.906Z;1;4000787030016.0;2017-12-25T22:00:00.000Z;1;ST4000DM000;Z30250HT;114
2018-02-15T08:54:13.242Z;1;4000787030016.0;2017-12-23T22:00:00.000Z;1;ST4000DM000;S30101R4;86
2018-02-15T10:33:19.085Z;1;4000787030016.0;2017-12-26T22:00:00.000Z;1;ST4000DM000;S300Z0TD;43
2018-02-15T10:33:38.985Z;1;4000787030016.0;2017-12-26T22:00:00.000Z;1;ST4000DM000;Z300V5RQ;53
2018-02-15T08:53:46.344Z;1;12000138625024.0;2017-12-23T22:00:00.000Z;1;ST12000NM0007;ZCH077P5;568
2018-01-12T08:20:57.353Z;1;4000787030016.0;2016-06-18T21:00:00.000Z;1;ST4000DM000;Z304K0FD;755
2018-01-12T08:32:50.254Z;1;8001563222016.0;2016-06-28T21:00:00.000Z;1;ST8000DM002;ZA125W0A;468
2018-01-12T08:45:46.006Z;1;2000398934016.0;2015-12-31T22:00:00.000Z;1;WDC WD20EFRX;WD-WCC4MKDL77ZK;31
2018-01-12T08:47:09.048Z;1;4000787030016.0;2016-01-01T22:00:00.000Z;1;ST4000DM000;Z302A14M;270
2018-01-12T08:27:43.014Z;1;8001563222016.0;2016-06-23T21:00:00.000Z;1;ST8000DM002;ZA10MCFC;2931
2018-01-12T08:27:27.338Z;1;3000592982016.0;2016-06-23T21:00:00.000Z;1;Hitachi HDS5C3030ALA630;MJ1311YNG7SN0A;298
2018-01-12T08:46:07.790Z;1;4000787030016.0;2015-12-31T22:00:00.000Z;1;ST4000DM000;W3006E5B;117
2018-01-12T08:18:06.433Z;1;4000787030016.0;2016-06-16T21:00:00.000Z;1;ST4000DM000;Z300PB6Y;509
2018-01-12T08:18:06.351Z;1;4000787030016.0;2016-06-16T21:00:00.000Z;1;ST4000DM000;Z304L9W8;681
2018-01-12T08:26:58.431Z;1;3000592982016.0;2016-06-23T21:00:00.000Z;1;Hitachi HDS723030ALA640;MK0311YHGLRWSA;798
2018-01-12T08:18:28.008Z;1;4000787030016.0;2016-06-16T21:00:00.000Z;1;ST4000DM000;S300Z47R;943
2018-01-12T08:23:26.363Z;1;2000398934016.0;2016-06-20T21:00:00.000Z;1;Hitachi HDS722020ALA330;JK1105B8GG4X7X;15
2018-01-12T09:06:08.345Z;1;4000787030016.0;2016-01-19T22:00:00.000Z;1;ST4000DM000;Z3015CEW;543
2018-01-12T08:56:20.242Z;1;4000787030016.0;2016-01-09T22:00:00.000Z;1;ST4000DM000;Z3041L93;676
2018-01-12T08:53:31.833Z;1;4000787030016.0;2016-01-06T22:00:00.000Z;1;HGST HMS5C4040ALE640;PL2331LAGUKVZJ;1023
2018-01-12T08:55:39.465Z;1;3000592982016.0;2016-01-08T22:00:00.000Z;1;Hitachi HDS5C3030ALA630;MJ1311YNG2YTSA;882
2018-01-12T09:03:17.752Z;1;4000787030016.0;2016-01-16T22:00:00.000Z;1;ST4000DM000;Z3014P58;50
2018-01-12T09:07:47.772Z;1;320072933376.0;2016-01-20T22:00:00.000Z;1;ST320LT007;W0Q24X20;720
2018-01-12T09:07:45.264Z;1;320072933376.0;2016-01-20T22:00:00.000Z;1;ST320LT007;W0Q0FNFH;242
2018-01-12T08:50:18.754Z;1;2000398934016.0;2016-01-04T22:00:00.000Z;1;Hitachi HDS722020ALA330;JK11A8B9J388ZF;1561
2018-01-12T08:51:25.602Z;1;4000787030016.0;2016-01-05T22:00:00.000Z;1;ST4000DM000;Z300X7EZ;830
2018-01-12T08:51:31.748Z;1;4000787030016.0;2016-01-05T22:00:00.000Z;1;ST4000DM000;W300BSKD;3851
2018-01-12T09:03:47.068Z;1;4000787030016.0;2016-01-16T22:00:00.000Z;1;ST4000DM000;W300BNW1;255
2018-01-12T11:50:46.293Z;1;6001175126016.0;2016-02-11T22:00:00.000Z;1;WDC WD60EFRX;WD-WX11DA4DJLXL;1243
2018-01-12T11:55:08.997Z;1;4000787030016.0;2016-02-15T22:00:00.000Z;1;ST4000DM000;Z300E2D4;737
2018-01-12T11:55:09.001Z;1;4000787030016.0;2016-02-15T22:00:00.000Z;1;ST4000DM000;Z300ZSJP;13
2018-01-12T11:44:14.354Z;1;4000787030016.0;2016-02-06T22:00:00.000Z;1;ST4000DM000;Z3023WDN;173
2018-01-12T11:47:57.215Z;1;4000787030016.0;2016-02-09T22:00:00.000Z;1;ST4000DM000;Z3040LGP;437
2018-01-12T11:55:34.527Z;1;4000787030016.0;2016-02-16T22:00:00.000Z;1;ST4000DM000;Z300PJQH;871
2018-01-12T11:56:05.459Z;1;4000787030016.0;2016-02-16T22:00:00.000Z;1;ST4000DM000;Z3025LGR;330
2018-01-12T11:57:17.232Z;1;4000787030016.0;2016-02-17T22:00:00.000Z;1;ST4000DM000;Z303WXTN;316
2018-01-12T11:58:02.626Z;1;250059350016.0;2016-02-18T22:00:00.000Z;1;ST250LT007;W0Q51SKJ;900
2018-01-12T08:54:39.382Z;1;4000787030016.0;2016-01-07T22:00:00.000Z;1;ST4000DM000;Z304GR9H;273
2018-01-12T08:59:21.812Z;1;4000787030016.0;2016-01-12T22:00:00.000Z;1;ST4000DM000;Z302G5F6;596
2018-01-12T09:04:37.911Z;1;4000787030016.0;2016-01-17T22:00:00.000Z;1;ST4000DM000;Z303ZWQS;3222
2018-01-12T12:23:20.912Z;1;4000787030016.0;2016-03-11T22:00:00.000Z;1;ST4000DM000;Z3024W3R;802
2018-01-12T12:26:14.082Z;1;3000592982016.0;2016-03-14T22:00:00.000Z;1;WDC WD30EFRX;WD-WCC4N0827364;497
2018-01-12T12:32:12.264Z;1;320072933376.0;2016-03-20T22:00:00.000Z;1;ST320LT007;W0Q6JFP6;358
2018-01-12T12:33:08.154Z;1;320072933376.0;2016-03-21T22:00:00.000Z;1;ST320LT007;W0Q7D8BD;128
2018-01-12T12:27:32.836Z;1;80026361856.0;2016-03-15T22:00:00.000Z;1;WDC WD800JB;WD-WMAM9DRK2424;1104
2018-01-12T12:27:26.592Z;1;160041885696.0;2016-03-15T22:00:00.000Z;1;WDC WD1600AAJB;WD-WCAV37002708;1323
2018-01-12T12:35:00.595Z;1;4000787030016.0;2016-03-22T22:00:00.000Z;1;ST4000DM000;Z300GZEQ;132
2018-01-12T12:32:53.142Z;1;320072933376.0;2016-03-20T22:00:00.000Z;1;ST320LT007;W0Q1NBXA;358
2018-01-12T12:33:02.427Z;1;4000787030016.0;2016-03-21T22:00:00.000Z;1;ST4000DM000;Z305D50W;803
2018-01-12T12:26:45.029Z;1;80026361856.0;2016-03-15T22:00:00.000Z;1;WDC WD800LB;WD-WCADW2290554;401
2018-01-12T11:41:27.793Z;1;2000398934016.0;2016-02-04T22:00:00.000Z;1;Hitachi HDS722020ALA330;JK1101B9JS452R;444
2018-01-12T09:13:56.157Z;1;4000787030016.0;2016-01-26T22:00:00.000Z;1;Hitachi HDS5C4040ALE630;PL2310LAG0MBEC;1654
2018-01-12T11:38:31.197Z;1;320072933376.0;2016-02-02T22:00:00.000Z;1;ST320LT007;W0Q2BH8K;1845
2018-01-12T09:13:46.590Z;1;320072933376.0;2016-01-26T22:00:00.000Z;1;ST320LT007;W0Q24FT8;157
2018-01-12T11:39:18.045Z;1;4000787030016.0;2016-02-02T22:00:00.000Z;1;ST4000DM000;S300Z78H;138
2018-01-12T11:36:48.685Z;1;4000787030016.0;2016-01-31T22:00:00.000Z;1;ST4000DM000;Z3015J07;551
2018-01-12T11:41:40.228Z;1;4000787030016.0;2016-02-04T22:00:00.000Z;1;ST4000DM000;Z30250K3;177
2018-01-12T12:37:12.819Z;1;4000787030016.0;2016-03-24T22:00:00.000Z;1;ST4000DM000;S300VLLQ;2047
2018-01-12T12:41:37.101Z;1;6001175126016.0;2016-03-27T21:00:00.000Z;1;WDC WD60EFRX;WD-WX41D94RNZYD;148
2018-02-15T06:28:48.404Z;1;8001563222016.0;2017-10-02T21:00:00.000Z;1;ST8000DM002;ZA13259F;1830
2018-02-15T06:26:06.750Z;1;4000787030016.0;2017-10-01T21:00:00.000Z;1;ST4000DM000;Z305DVYS;913
2018-02-15T06:27:27.442Z;1;8001563222016.0;2017-10-02T21:00:00.000Z;1;ST8000DM002;ZA11TSDP;1405
2018-02-15T06:30:46.483Z;1;4000787030016.0;2017-10-04T21:00:00.000Z;1;ST4000DM000;Z300ZSFV;306
2018-02-15T06:36:48.263Z;1;4000787030016.0;2017-10-07T21:00:00.000Z;1;ST4000DM000;Z30259G2;376
2017-12-29T23:53:17.309Z;1;8001563222016.0;2017-09-08T21:00:00.000Z;1;ST8000NM0055;ZA14EVJY;91
2017-12-29T23:49:16.467Z;1;4000787030016.0;2017-09-06T21:00:00.000Z;1;ST4000DM000;W300BJAB;1088
2017-12-29T23:50:49.592Z;1;4000787030016.0;2017-09-07T21:00:00.000Z;1;ST4000DM000;Z300WWS7;588
2017-12-29T23:59:53.357Z;1;4000787030016.0;2017-09-11T21:00:00.000Z;1;ST4000DX000;Z1Z0373X;788
2017-12-29T23:48:23.611Z;1;4000787030016.0;2017-09-06T21:00:00.000Z;1;ST4000DM000;W300BHZ2;276
2017-12-29T23:49:56.697Z;1;4000787030016.0;2017-09-06T21:00:00.000Z;1;ST4000DM000;Z3011WXS;1254
2017-12-29T23:58:46.549Z;1;4000787030016.0;2017-09-11T21:00:00.000Z;1;ST4000DM000;Z305D5C6;87
2017-12-30T00:07:37.736Z;1;4000787030016.0;2017-09-15T21:00:00.000Z;1;ST4000DM000;Z300ZTMD;32
2018-01-01T10:35:28.548Z;1;4000787030016.0;2017-05-23T21:00:00.000Z;1;ST4000DM000;Z306J553;1732
2018-01-01T10:40:50.860Z;1;4000787030016.0;2017-05-26T21:00:00.000Z;1;HGST HMS5C4040BLE640;PL1331LAHDYM8H;394
2018-01-01T10:45:44.508Z;1;4000787030016.0;2017-05-30T21:00:00.000Z;1;HGST HMS5C4040BLE640;PL1331LAHBYV6H;482
2018-01-01T10:35:44.966Z;1;4000787030016.0;2017-05-23T21:00:00.000Z;1;ST4000DM000;W300R8BD;201
2018-01-01T10:37:52.531Z;1;4000787030016.0;2017-05-24T21:00:00.000Z;1;HGST HMS5C4040BLE640;PL2331LAHAWPKJ;112
2018-01-01T10:42:04.843Z;1;4000787030016.0;2017-05-27T21:00:00.000Z;1;ST4000DM000;Z304L82G;173
2018-01-01T10:42:38.322Z;1;4000787030016.0;2017-05-28T21:00:00.000Z;1;ST4000DM000;Z304QB7E;918
2018-01-01T10:48:22.384Z;1;4000787030016.0;2017-06-01T21:00:00.000Z;1;ST4000DM000;Z304J8VG;70
2018-01-01T10:48:27.936Z;1;4000787030016.0;2017-06-01T21:00:00.000Z;1;ST4000DM000;Z3017MVK;189
2018-01-01T10:35:04.065Z;1;3000592982016.0;2017-05-23T21:00:00.000Z;1;WDC WD30EFRX;WD-WMC1T3142372;2660
2018-01-01T10:46:19.429Z;1;4000787030016.0;2017-05-30T21:00:00.000Z;1;ST4000DM000;S300RS9T;418
2017-12-30T00:24:09.629Z;1;4000787030016.0;2017-09-24T21:00:00.000Z;1;ST4000DM000;W3009DLY;1031
2017-12-30T00:13:32.059Z;1;4000787030016.0;2017-09-18T21:00:00.000Z;1;ST4000DM000;Z304JWNY;1449
2017-12-30T00:13:27.430Z;1;8001563222016.0;2017-09-18T21:00:00.000Z;1;ST8000NM0055;ZA18BLFG;885
2017-12-30T00:14:18.112Z;1;4000787030016.0;2017-09-19T21:00:00.000Z;1;HGST HMS5C4040BLE640;PL1331LAH135HH;423
2017-12-30T00:16:00.028Z;1;4000787030016.0;2017-09-20T21:00:00.000Z;1;ST4000DM000;Z3029ZP3;2650
2017-12-30T00:15:46.920Z;1;4000787030016.0;2017-09-20T21:00:00.000Z;1;ST4000DM000;S301PS24;197
2018-01-01T11:05:37.476Z;1;4000787030016.0;2017-06-12T21:00:00.000Z;1;ST4000DX000;Z1Z06G0S;537
2018-01-01T11:07:43.662Z;1;4000787030016.0;2017-06-13T21:00:00.000Z;1;ST4000DM000;Z3041CXZ;460
2018-01-01T11:11:41.658Z;1;8001563222016.0;2017-06-15T21:00:00.000Z;1;ST8000DM002;ZA11TQP5;844
2018-01-01T11:15:59.324Z;1;4000787030016.0;2017-06-18T21:00:00.000Z;1;HGST HMS5C4040BLE640;PL1331LAH4BK3H;1266
2018-01-01T10:51:18.645Z;1;500107862016.0;2017-06-03T21:00:00.000Z;1;ST500LM012 HN;S2ZYJ9CF511665;340
2018-01-01T10:53:49.509Z;1;4000787030016.0;2017-06-04T21:00:00.000Z;1;ST4000DM000;Z300WFK8;1519
2018-01-01T10:53:22.598Z;1;4000787030016.0;2017-06-04T21:00:00.000Z;1;ST4000DM000;Z305GXS2;246
2018-01-01T10:51:40.063Z;1;500107862016.0;2017-06-03T21:00:00.000Z;1;ST500LM012 HN;S2ZYJ9GGB01178;503
2018-01-01T10:52:00.786Z;1;4000787030016.0;2017-06-03T21:00:00.000Z;1;ST4000DM000;Z300X9WE;528
2018-01-01T10:57:07.852Z;1;4000787030016.0;2017-06-06T21:00:00.000Z;1;ST4000DM000;S301NG8Q;320
2018-01-01T10:57:30.022Z;1;4000787030016.0;2017-06-07T21:00:00.000Z;1;ST4000DM000;Z305FGMB;97
2018-01-01T10:59:59.109Z;1;4000787030016.0;2017-06-08T21:00:00.000Z;1;ST4000DM000;Z300TCCK;41
2018-01-01T11:02:16.140Z;1;4000787030016.0;2017-06-10T21:00:00.000Z;1;ST4000DM000;Z302517Y;59
2018-01-01T09:45:37.842Z;1;6001175126016.0;2017-04-20T21:00:00.000Z;1;ST6000DX000;Z4D033NX;1123
2018-01-01T09:51:03.304Z;1;8001563222016.0;2017-04-24T21:00:00.000Z;1;ST8000NM0055;ZA14CN8G;1322
2018-01-01T09:53:04.327Z;1;4000787030016.0;2017-04-25T21:00:00.000Z;1;ST4000DM000;W300KZZE;1274
2018-01-01T10:04:32.340Z;1;4000787030016.0;2017-05-03T21:00:00.000Z;1;ST4000DM000;Z304KCFG;146
2018-01-01T09:59:33.614Z;1;4000787030016.0;2017-04-30T21:00:00.000Z;1;ST4000DM000;Z304TK6Q;593
2018-01-01T11:19:41.571Z;1;8001563222016.0;2017-06-20T21:00:00.000Z;1;ST8000DM002;ZA12RBAY;5
2018-01-01T11:21:49.522Z;1;4000787030016.0;2017-06-22T21:00:00.000Z;1;ST4000DM001;W4J17RK6;166
2018-01-01T11:26:16.396Z;1;8001563222016.0;2017-06-24T21:00:00.000Z;1;ST8000NM0055;ZA139GDT;52
2018-01-01T11:32:42.311Z;1;4000787030016.0;2017-06-28T21:00:00.000Z;1;ST4000DM000;S300Z6J8;581
2018-01-01T11:34:01.698Z;1;4000787030016.0;2017-06-28T21:00:00.000Z;1;ST4000DM000;Z3015LEA;420
2018-01-01T11:33:09.949Z;1;4000787030016.0;2017-06-28T21:00:00.000Z;1;ST4000DX000;Z1Z0512X;1048
2018-01-01T11:33:33.358Z;1;8001563222016.0;2017-06-28T21:00:00.000Z;1;ST8000DM002;ZA10SV2M;191
2018-01-01T11:41:00.502Z;1;3000592982016.0;2017-01-01T22:00:00.000Z;1;WDC WD30EFRX;WD-WCC4N0319852;128
2018-01-01T11:41:54.000Z;1;4000787030016.0;2017-01-02T22:00:00.000Z;1;ST4000DM000;S300XR7S;865
2018-01-01T12:25:01.079Z;1;4000787030016.0;2017-02-06T22:00:00.000Z;1;ST4000DM000;Z30250EE;1555
2018-01-01T12:18:56.804Z;1;8001563222016.0;2017-02-01T22:00:00.000Z;1;ST8000DM002;ZA13Z42T;1073
2018-01-01T12:08:40.061Z;1;4000787030016.0;2017-01-21T22:00:00.000Z;1;Hitachi HDS5C4040ALE630;PL1321LAG31X7H;35
2018-01-01T12:08:10.107Z;1;4000787030016.0;2017-01-20T22:00:00.000Z;1;ST4000DM000;Z300J9C4;101
2018-01-01T12:13:17.823Z;1;3000592982016.0;2017-01-24T22:00:00.000Z;1;WDC WD30EFRX;WD-WCC4N1SFT90L;1309
2018-01-01T12:15:41.311Z;1;4000787030016.0;2017-01-26T22:00:00.000Z;1;ST4000DM000;Z300JBCR;67
2018-01-01T12:15:52.263Z;1;4000787030016.0;2017-01-26T22:00:00.000Z;1;ST4000DM000;Z300P7RX;261
2018-01-01T12:15:52.278Z;1;4000787030016.0;2017-01-26T22:00:00.000Z;1;ST4000DM000;Z300WK2B;598
2018-01-01T12:15:42.747Z;1;4000787030016.0;2017-01-26T22:00:00.000Z;1;ST4000DM000;W300J2DN;650
2018-01-01T12:09:12.095Z;1;4000787030016.0;2017-01-21T22:00:00.000Z;1;ST4000DM000;Z3023V3N;3343
2018-01-01T12:22:12.061Z;1;4000787030016.0;2017-02-03T22:00:00.000Z;1;ST4000DM000;Z3025L1V;295
2018-01-01T12:22:57.924Z;1;4000787030016.0;2017-02-04T22:00:00.000Z;1;ST4000DM000;Z302AKSX;592
2018-01-01T12:09:15.787Z;1;3000592982016.0;2017-01-21T22:00:00.000Z;1;Hitachi HDS723030ALA640;MK0311YHGEZB3A;441
2018-01-01T11:46:12.465Z;1;4000787030016.0;2017-01-05T22:00:00.000Z;1;ST4000DM000;Z3023XGJ;1061
2018-01-01T11:46:05.793Z;1;4000787030016.0;2017-01-05T22:00:00.000Z;1;ST4000DM000;Z3016SRV;1013
2018-01-01T11:56:03.817Z;1;4000787030016.0;2017-01-12T22:00:00.000Z;1;HGST HMS5C4040BLE640;PL2331LAHBT62J;256
2018-01-01T12:02:00.321Z;1;3000592982016.0;2017-01-16T22:00:00.000Z;1;Hitachi HDS5C3030ALA630;MJ1313YNG1Y2VC;54
2018-01-01T11:49:13.838Z;1;4000787030016.0;2017-01-07T22:00:00.000Z;1;ST4000DX000;Z1Z0541W;167
2018-01-01T11:44:43.307Z;1;4000787030016.0;2017-01-04T22:00:00.000Z;1;ST4000DM000;Z302FR4F;389
2018-01-01T11:47:19.101Z;1;4000787030016.0;2017-01-05T22:00:00.000Z;1;ST4000DM000;Z300GQAS;155
2018-01-01T11:56:50.563Z;1;4000787030016.0;2017-01-12T22:00:00.000Z;1;HGST HMS5C4040BLE640;PL1331LAHDDWUH;31
2018-01-01T11:56:45.166Z;1;4000787030016.0;2017-01-12T22:00:00.000Z;1;HGST HMS5C4040BLE640;PL1331LAHDDXWH;270
2018-01-01T12:35:06.716Z;1;4000787030016.0;2017-02-12T22:00:00.000Z;1;ST4000DM000;Z3016RM8;283
2018-01-01T12:38:34.987Z;1;4000787030016.0;2017-02-15T22:00:00.000Z;1;ST4000DM000;S301L4VD;415
2018-01-01T12:38:36.385Z;1;4000787030016.0;2017-02-15T22:00:00.000Z;1;ST4000DM000;Z3029FAS;211
2018-01-01T12:33:02.330Z;1;6001175126016.0;2017-02-11T22:00:00.000Z;1;WDC WD60EFRX;WD-WX11D4438542;358
2018-01-01T12:33:02.480Z;1;4000787030016.0;2017-02-11T22:00:00.000Z;1;ST4000DM000;Z30251LP;2632
2018-01-01T12:37:15.647Z;1;4000787030016.0;2017-02-14T22:00:00.000Z;1;HGST HMS5C4040BLE640;PL1331LAHD1K7H;443
2018-01-01T12:41:24.187Z;1;4000787030016.0;2017-02-17T22:00:00.000Z;1;ST4000DM000;W300KL20;999
2018-01-01T12:36:13.259Z;1;4000787030016.0;2017-02-13T22:00:00.000Z;1;ST4000DM000;Z305FSJK;446
2018-01-01T12:38:19.626Z;1;4000787030016.0;2017-02-14T22:00:00.000Z;1;ST4000DM000;Z300KCAS;315
2018-01-01T12:44:52.976Z;1;4000787030016.0;2017-02-19T22:00:00.000Z;1;HGST HMS5C4040BLE640;PL2331LAHDKTWJ;77
2018-01-01T12:46:54.858Z;1;4000787030016.0;2017-02-21T22:00:00.000Z;1;ST4000DM000;Z3025BST;1247
2018-01-01T12:56:40.482Z;1;4000787030016.0;2017-02-27T22:00:00.000Z;1;ST4000DM000;Z300GZB9;239
2018-01-01T12:45:59.376Z;1;8001563222016.0;2017-02-20T22:00:00.000Z;1;ST8000DM002;ZA12EHGL;212
2018-01-01T12:47:46.710Z;1;4000787030016.0;2017-02-21T22:00:00.000Z;1;HGST HMS5C4040BLE640;PL1331LAHD68LH;130
2018-01-01T12:58:06.756Z;1;4000787030016.0;2017-02-28T22:00:00.000Z;1;ST4000DM000;S300ZRCZ;53
2018-01-01T13:00:29.122Z;1;4000787030016.0;2017-03-02T22:00:00.000Z;1;ST4000DM000;Z305GXEA;2125
2018-01-01T13:07:10.439Z;1;8001563222016.0;2017-03-07T22:00:00.000Z;1;ST8000DM002;ZA143SJ0;1257
2018-01-01T13:01:06.629Z;1;4000787030016.0;2017-03-02T22:00:00.000Z;1;ST4000DM000;Z30251T1;299
2018-01-01T13:00:40.944Z;1;4000787030016.0;2017-03-02T22:00:00.000Z;1;ST4000DM000;Z304GWKA;108
2018-01-01T13:07:53.830Z;1;4000787030016.0;2017-03-07T22:00:00.000Z;1;ST4000DM000;S30113RZ;495
2018-01-01T13:16:54.087Z;1;4000787030016.0;2017-03-13T22:00:00.000Z;1;HGST HMS5C4040BLE640;PL2331LAH5ZE1J;1854
2018-01-01T13:16:49.209Z;1;4000787030016.0;2017-03-13T22:00:00.000Z;1;ST4000DM000;W300ANVZ;480
2018-01-01T13:12:58.238Z;1;4000787030016.0;2017-03-11T22:00:00.000Z;1;ST4000DM000;Z3059S6D;298
2018-01-01T13:13:31.027Z;1;4000787030016.0;2017-03-11T22:00:00.000Z;1;ST4000DM000;S300CCWE;587
2018-01-01T13:14:13.221Z;1;4000787030016.0;2017-03-12T22:00:00.000Z;1;ST4000DM000;S300Z4ZE;1333
2018-01-01T13:09:57.085Z;1;4000787030016.0;2017-03-08T22:00:00.000Z;1;ST4000DM000;W300B64P;219
2018-01-01T13:10:42.543Z;1;8001563222016.0;2017-03-09T22:00:00.000Z;1;ST8000DM002;ZA13YP2Q;431
2018-01-01T13:13:37.185Z;1;4000787030016.0;2017-03-11T22:00:00.000Z;1;ST4000DM000;Z3055X3F;766
2018-01-01T13:13:33.633Z;1;4000787030016.0;2017-03-11T22:00:00.000Z;1;ST4000DX000;Z1Z046S6;83
2018-01-01T12:47:29.122Z;1;4000787030016.0;2017-02-21T22:00:00.000Z;1;HGST HMS5C4040ALE640;PL2331LAG91HRJ;1501
2018-01-01T12:47:45.444Z;1;4000787030016.0;2017-02-21T22:00:00.000Z;1;ST4000DM000;Z302FZT9;1742
2018-01-01T13:15:22.017Z;1;4000787030016.0;2017-03-12T22:00:00.000Z;1;ST4000DM000;S30115LG;518
2018-01-01T13:15:28.587Z;1;3000592982016.0;2017-03-12T22:00:00.000Z;1;WDC WD30EFRX;WD-WMC4N0988747;297
2018-01-01T13:15:36.587Z;1;4000787030016.0;2017-03-12T22:00:00.000Z;1;ST4000DM000;Z300MH1P;671
2018-01-01T13:23:43.940Z;1;4000787030016.0;2017-03-18T22:00:00.000Z;1;ST4000DM000;W300J04Z;2023
2018-01-10T12:09:48.801Z;1;3000592982016.0;2016-08-19T21:00:00.000Z;1;Hitachi HDS723030ALA640;MK0311YHGKAWPA;1118
2018-01-10T12:11:46.733Z;1;4000787030016.0;2016-08-21T21:00:00.000Z;1;ST4000DM000;S300Z6B7;270
2018-01-10T11:32:30.837Z;1;4000787030016.0;2016-07-27T21:00:00.000Z;1;ST4000DM000;S300ZNMD;3334
2018-01-10T11:45:18.547Z;1;4000787030016.0;2016-08-04T21:00:00.000Z;1;ST4000DM000;W300KNNX;167
2018-01-10T12:14:50.203Z;1;4000787030016.0;2016-08-23T21:00:00.000Z;1;ST4000DM000;S301KXZY;4389
2018-01-10T12:17:46.736Z;1;4000787030016.0;2016-08-25T21:00:00.000Z;1;ST4000DM000;W300HHH5;724
2018-01-10T12:19:12.668Z;1;4000787030016.0;2016-08-26T21:00:00.000Z;1;ST4000DM000;Z300GYSB;26
2018-01-10T12:19:06.675Z;1;4000787030016.0;2016-08-26T21:00:00.000Z;1;HGST HMS5C4040ALE640;PL1331LAGS04KH;454
2018-01-10T12:21:27.598Z;1;4000787030016.0;2016-08-27T21:00:00.000Z;1;ST4000DM000;W300R7YQ;270
2018-01-10T11:59:33.341Z;1;4000787030016.0;2016-08-13T21:00:00.000Z;1;ST4000DM000;Z304KA40;804
2018-01-10T11:53:28.834Z;1;4000787030016.0;2016-08-09T21:00:00.000Z;1;ST4000DM000;Z305GVVM;1990
2018-01-10T12:04:08.385Z;1;4000787030016.0;2016-08-16T21:00:00.000Z;1;ST4000DM000;Z3029GFH;1254
2018-01-10T11:33:12.796Z;1;250059350016.0;2016-07-27T21:00:00.000Z;1;ST250LM004 HN;S2T0J9ACB00399;152
2018-01-10T11:47:50.547Z;1;4000787030016.0;2016-08-06T21:00:00.000Z;1;ST4000DM000;Z304HTQV;863
2018-01-10T11:42:48.948Z;1;4000787030016.0;2016-08-02T21:00:00.000Z;1;ST4000DM000;Z300KN1Y;1589
2018-01-10T11:38:11.693Z;1;4000787030016.0;2016-07-30T21:00:00.000Z;1;ST4000DM000;W300J302;3
2018-01-10T11:43:08.425Z;1;3000592982016.0;2016-08-03T21:00:00.000Z;1;Hitachi HDS5C3030ALA630;MJ1311YNG37EMA;7
2018-01-10T11:31:03.934Z;1;4000787030016.0;2016-07-26T21:00:00.000Z;1;ST4000DM000;Z300GZ4W;991
2018-01-10T11:48:33.326Z;1;4000787030016.0;2016-08-06T21:00:00.000Z;1;ST4000DM000;W3002NQ7;521
2018-01-10T12:10:38.108Z;1;6001175126016.0;2016-08-20T21:00:00.000Z;1;ST6000DX000;Z4D0ANNG;521
2018-01-10T12:15:50.854Z;1;6001175126016.0;2016-08-24T21:00:00.000Z;1;WDC WD60EFRX;WD-WXL1H642VM3E;262
2018-01-10T12:15:53.322Z;1;4000787030016.0;2016-08-24T21:00:00.000Z;1;ST4000DM000;Z300GPJL;17
2018-01-10T12:39:57.410Z;1;4000787030016.0;2016-09-09T21:00:00.000Z;1;ST4000DM000;S300YQ6K;411
2018-01-10T12:42:12.684Z;1;4000787030016.0;2016-09-10T21:00:00.000Z;1;ST4000DM000;Z300GZ0R;878
2018-01-10T12:40:41.664Z;1;4000787030016.0;2016-09-09T21:00:00.000Z;1;ST4000DM000;Z304KBS2;1656
2018-01-10T12:37:24.035Z;1;4000787030016.0;2016-09-07T21:00:00.000Z;1;ST4000DM000;Z302AJVP;34
2018-01-10T12:38:02.239Z;1;4000787030016.0;2016-09-07T21:00:00.000Z;1;HGST HMS5C4040BLE640;PL2331LAH46AJJ;118
2018-01-10T12:30:00.868Z;1;4000787030016.0;2016-09-02T21:00:00.000Z;1;ST4000DM000;Z304JWEP;890
2018-01-10T12:33:40.691Z;1;4000787030016.0;2016-09-05T21:00:00.000Z;1;ST4000DM000;Z305D5V8;1994
2018-01-10T12:21:59.165Z;1;4000787030016.0;2016-08-28T21:00:00.000Z;1;ST4000DM000;Z3040E61;389
2018-01-10T12:21:47.966Z;1;4000787030016.0;2016-08-28T21:00:00.000Z;1;ST4000DM000;Z3001Y9R;272
2018-01-10T12:27:16.717Z;1;4000787030016.0;2016-08-31T21:00:00.000Z;1;ST4000DM000;Z3040E86;677
2018-01-10T12:27:52.315Z;1;4000787030016.0;2016-09-01T21:00:00.000Z;1;ST4000DM000;S3006YCG;616
2018-01-10T12:28:45.988Z;1;4000787030016.0;2016-09-01T21:00:00.000Z;1;ST4000DM000;Z302T6D2;212
2018-01-10T12:23:48.329Z;1;4000787030016.0;2016-08-29T21:00:00.000Z;1;ST4000DM000;Z3029H32;1488
2018-01-10T12:29:16.647Z;1;4000787030016.0;2016-09-01T21:00:00.000Z;1;ST4000DM000;Z3014PF3;715
2018-01-10T12:57:54.694Z;1;4000787030016.0;2016-09-22T21:00:00.000Z;1;ST4000DM000;Z30402QR;398
2018-01-10T13:01:15.412Z;1;4000787030016.0;2016-09-24T21:00:00.000Z;1;ST4000DM000;Z3025LJK;1093
2018-01-10T12:47:30.351Z;1;4000787030016.0;2016-09-14T21:00:00.000Z;1;ST4000DM000;Z3014LKQ;249
2018-01-10T12:49:31.703Z;1;4000787030016.0;2016-09-15T21:00:00.000Z;1;ST4000DM000;Z303XYM6;1207
2018-01-10T12:49:33.065Z;1;6001175126016.0;2016-09-15T21:00:00.000Z;1;WDC WD60EFRX;WD-WX21D947NNDH;2265
2018-01-10T12:57:09.278Z;1;4000787030016.0;2016-09-21T21:00:00.000Z;1;ST4000DM000;Z305KB72;357
2018-01-10T13:02:02.801Z;1;4000787030016.0;2016-09-24T21:00:00.000Z;1;ST4000DM000;Z300ZRR4;5
2018-01-10T13:01:59.570Z;1;4000787030016.0;2016-09-24T21:00:00.000Z;1;ST4000DM000;Z3029YX1;141
2018-01-10T12:53:40.145Z;1;3000592982016.0;2016-09-19T21:00:00.000Z;1;Hitachi HDS723030ALA640;MK0311YHGL3H3A;99
2018-01-10T12:56:49.684Z;1;4000787030016.0;2016-09-21T21:00:00.000Z;1;ST4000DM000;Z300GYXN;72
2018-01-10T12:53:55.623Z;1;3000592982016.0;2016-09-19T21:00:00.000Z;1;Hitachi HDS5C3030ALA630;MJ1321YNG0PTPA;1745
2018-01-10T13:02:44.370Z;1;4000787030016.0;2016-09-25T21:00:00.000Z;1;ST4000DM000;Z304HVA3;437
2017-12-29T21:51:13.188Z;1;4000787030016.0;2017-06-30T21:00:00.000Z;1;ST4000DM000;Z305AQK8;1037
2017-12-29T21:51:21.098Z;1;6001175126016.0;2017-06-30T21:00:00.000Z;1;WDC WD60EFRX;WD-WX11DA4DJ757;1105
2017-12-29T21:52:12.627Z;1;4000787030016.0;2017-07-01T21:00:00.000Z;1;ST4000DM000;S301EM9Y;441
2017-12-29T21:53:18.381Z;1;4000787030016.0;2017-07-01T21:00:00.000Z;1;ST4000DM000;Z300GYZG;208
2017-12-29T21:55:33.003Z;1;4000787030016.0;2017-07-03T21:00:00.000Z;1;ST4000DM000;W300KLGA;258
2017-12-29T21:58:33.588Z;1;4000787030016.0;2017-07-04T21:00:00.000Z;1;ST4000DM000;Z3053ZNJ;2285
2017-12-29T21:58:33.623Z;1;4000787030016.0;2017-07-04T21:00:00.000Z;1;ST4000DM000;Z300VALY;227
2017-12-29T22:00:13.046Z;1;4000787030016.0;2017-07-05T21:00:00.000Z;1;ST4000DM000;Z305G392;77
2017-12-29T22:01:17.298Z;1;4000787030016.0;2017-07-06T21:00:00.000Z;1;ST4000DM000;Z304JG7Y;1245
2017-12-29T22:01:13.585Z;1;4000787030016.0;2017-07-05T21:00:00.000Z;1;ST4000DM000;Z3059C5H;153
2017-12-29T22:01:25.720Z;1;4000787030016.0;2017-07-06T21:00:00.000Z;1;ST4000DM000;Z300X28L;1006
2017-12-29T22:03:41.753Z;1;4000787030016.0;2017-07-07T21:00:00.000Z;1;ST4000DM000;Z304JK8M;121
2017-12-29T22:05:18.197Z;1;4000787030016.0;2017-07-08T21:00:00.000Z;1;ST4000DM000;Z300PK0D;195
2017-12-29T22:05:18.377Z;1;4000787030016.0;2017-07-08T21:00:00.000Z;1;ST4000DM000;W300KQVG;396
2017-12-29T22:09:22.186Z;1;4000787030016.0;2017-07-10T21:00:00.000Z;1;ST4000DM000;Z3029FS4;497
2017-12-29T22:09:41.768Z;1;8001563222016.0;2017-07-10T21:00:00.000Z;1;ST8000DM002;ZA140NP4;1510
2017-12-29T22:10:02.759Z;1;4000787030016.0;2017-07-10T21:00:00.000Z;1;ST4000DM001;W4J1M630;110
2017-12-29T22:10:55.382Z;1;4000787030016.0;2017-07-11T21:00:00.000Z;1;ST4000DM000;S300ZNXZ;498
2017-12-29T22:14:36.608Z;1;4000787030016.0;2017-07-13T21:00:00.000Z;1;ST4000DM000;W300B2Q4;149
2017-12-29T22:32:28.702Z;1;4000787030016.0;2017-07-23T21:00:00.000Z;1;ST4000DM000;S300Z61B;1083
2017-12-29T22:32:39.069Z;1;4000787030016.0;2017-07-23T21:00:00.000Z;1;ST4000DM000;Z302AKZF;1139
2017-12-29T22:32:40.183Z;1;4000787030016.0;2017-07-23T21:00:00.000Z;1;ST4000DM000;S300WDBK;1132
2017-12-29T22:33:30.331Z;1;4000787030016.0;2017-07-23T21:00:00.000Z;1;ST4000DM000;Z3015CC6;134
2017-12-29T22:35:09.225Z;1;4000787030016.0;2017-07-24T21:00:00.000Z;1;ST4000DM000;Z304JW61;1199
2017-12-29T22:36:07.711Z;1;4000787030016.0;2017-07-25T21:00:00.000Z;1;ST4000DM000;W300J6BA;346
2017-12-29T22:39:43.938Z;1;4000787030016.0;2017-07-27T21:00:00.000Z;1;ST4000DM000;Z300P8WY;655
2017-12-29T22:43:25.597Z;1;4000787030016.0;2017-07-29T21:00:00.000Z;1;ST4000DM000;Z3008SBS;1134
2017-12-29T22:47:16.659Z;1;4000787030016.0;2017-08-01T21:00:00.000Z;1;ST4000DM000;Z300GPLK;623
2017-12-29T22:48:08.975Z;1;4000787030016.0;2017-08-01T21:00:00.000Z;1;ST4000DM000;Z300GYR9;129
2017-12-29T22:49:12.972Z;1;4000787030016.0;2017-08-02T21:00:00.000Z;1;ST4000DM000;Z3042A44;1188
2017-12-29T22:14:57.683Z;1;4000787030016.0;2017-07-13T21:00:00.000Z;1;ST4000DM000;Z30596Z7;778
2017-12-29T22:21:48.607Z;1;4000787030016.0;2017-07-16T21:00:00.000Z;1;HGST HMS5C4040ALE640;PL1331LAGS771H;339
2017-12-29T22:22:49.160Z;1;4000787030016.0;2017-07-17T21:00:00.000Z;1;HGST HMS5C4040BLE640;PL2331LAHBAKBJ;1491
2017-12-29T22:17:49.233Z;1;4000787030016.0;2017-07-14T21:00:00.000Z;1;ST4000DM000;Z305D69Y;1387
2017-12-29T22:23:44.448Z;1;4000787030016.0;2017-07-17T21:00:00.000Z;1;ST4000DM000;Z303QPRS;601
2017-12-29T22:27:47.463Z;1;4000787030016.0;2017-07-20T21:00:00.000Z;1;ST4000DM000;Z3053WBJ;92
2017-12-29T22:28:21.242Z;1;4000787030016.0;2017-07-20T21:00:00.000Z;1;ST4000DM000;Z3025LJG;204
2017-12-29T22:29:52.775Z;1;4000787030016.0;2017-07-21T21:00:00.000Z;1;ST4000DM000;Z302AL89;368
2017-12-29T22:30:14.673Z;1;4000787030016.0;2017-07-21T21:00:00.000Z;1;ST4000DM000;Z305D6CS;1262
2017-12-29T22:30:42.487Z;1;8001563222016.0;2017-07-21T21:00:00.000Z;1;ST8000NM0055;ZA14EZ3D;208
2017-12-29T22:31:04.443Z;1;4000787030016.0;2017-07-22T21:00:00.000Z;1;ST4000DM000;Z3016NMR;1694
2017-12-29T22:56:38.751Z;1;4000787030016.0;2017-08-06T21:00:00.000Z;1;ST4000DX000;Z1Z02S5W;89
2017-12-29T22:56:53.894Z;1;4000787030016.0;2017-08-07T21:00:00.000Z;1;ST4000DM000;Z304KCVD;65
2017-12-29T22:56:53.931Z;1;4000787030016.0;2017-08-07T21:00:00.000Z;1;ST4000DM000;Z305AQQS;798
2017-12-29T22:57:50.593Z;1;4000787030016.0;2017-08-07T21:00:00.000Z;1;ST4000DM000;Z300MHTB;174
2017-12-29T22:58:26.676Z;1;4000787030016.0;2017-08-07T21:00:00.000Z;1;ST4000DM000;Z300GQ6S;165
2017-12-29T22:58:31.110Z;1;4000787030016.0;2017-08-07T21:00:00.000Z;1;ST4000DM000;Z300GPMF;162
2018-01-12T08:13:49.150Z;1;4000787030016.0;2016-06-13T21:00:00.000Z;1;ST4000DM000;Z300KCQ1;470
2018-01-12T08:14:16.189Z;1;4000787030016.0;2016-06-13T21:00:00.000Z;1;ST4000DM000;W300BYPF;774
2018-01-12T08:31:41.325Z;1;3000592982016.0;2016-06-27T21:00:00.000Z;1;Hitachi HDS723030ALA640;MK0301YHGMH23D;1117
2018-01-12T12:15:39.350Z;1;4000787030016.0;2016-03-04T22:00:00.000Z;1;ST4000DM000;Z300KF9Z;715
2018-01-12T12:01:58.690Z;1;4000787030016.0;2016-02-22T22:00:00.000Z;1;ST4000DM000;W300HHG5;20
2018-01-12T12:04:10.244Z;1;1000204886016.0;2016-02-23T22:00:00.000Z;1;WDC WD10EADS;WD-WCAU45402975;645
2018-01-12T12:06:48.857Z;1;4000787030016.0;2016-02-26T22:00:00.000Z;1;ST4000DM000;Z300N1DZ;770
2018-01-12T12:00:43.864Z;1;320072933376.0;2016-02-20T22:00:00.000Z;1;WDC WD3200BEKX;WD-WXB1AA3W2516;277
2018-01-12T12:05:59.945Z;1;4000787030016.0;2016-02-25T22:00:00.000Z;1;ST4000DM000;Z305D4NB;853
2018-01-12T12:09:39.928Z;1;3000592982016.0;2016-02-28T22:00:00.000Z;1;WDC WD30EFRX;WD-WCC4N0933935;291
2018-01-12T12:09:42.568Z;1;320072933376.0;2016-02-28T22:00:00.000Z;1;ST320LT007;W0Q7G3VK;1006
2018-01-12T12:09:26.425Z;1;4000787030016.0;2016-02-28T22:00:00.000Z;1;ST4000DM000;Z303YV8G;939
2018-01-12T12:05:44.305Z;1;3000592982016.0;2016-02-25T22:00:00.000Z;1;Hitachi HDS723030ALA640;MK0311YHGDLWUA;117
2018-01-12T11:45:26.201Z;1;3000592982016.0;2016-02-07T22:00:00.000Z;1;WDC WD30EFRX;WD-WMC4N2739798;381
2018-01-12T11:46:51.128Z;1;6001175126016.0;2016-02-09T22:00:00.000Z;1;WDC WD60EFRX;WD-WX41D94RNE4X;2134
2018-01-12T11:54:45.903Z;1;4000787030016.0;2016-02-15T22:00:00.000Z;1;ST4000DM000;Z304JLJD;961
2018-01-12T11:49:23.085Z;1;4000787030016.0;2016-02-10T22:00:00.000Z;1;ST4000DM000;Z3025LHF;955
2018-01-12T12:17:57.593Z;1;320072933376.0;2016-03-06T22:00:00.000Z;1;ST320LT007;W0Q7G309;40
2018-01-12T12:18:08.878Z;1;320072933376.0;2016-03-06T22:00:00.000Z;1;ST320LT007;W0Q7G3C5;214
2018-01-12T12:18:44.018Z;1;3000592982016.0;2016-03-07T22:00:00.000Z;1;TOSHIBA DT01ACA300;Z262JRXAS;2160
2018-01-12T12:21:32.429Z;1;4000787030016.0;2016-03-09T22:00:00.000Z;1;ST4000DM000;Z303EZ7L;326
2018-01-12T12:21:45.946Z;1;4000787030016.0;2016-03-09T22:00:00.000Z;1;ST4000DM000;Z3016L29;1005
2018-02-15T06:47:36.023Z;1;8001563222016.0;2017-10-13T21:00:00.000Z;1;ST8000NM0055;ZA18107T;30
2018-02-15T06:40:42.289Z;1;6001175126016.0;2017-10-09T21:00:00.000Z;1;WDC WD60EFRX;WD-WXL1H643FUSK;42
2018-02-15T06:57:09.779Z;1;4000787030016.0;2017-10-18T21:00:00.000Z;1;ST4000DM000;Z3024VTX;3472
2018-02-15T06:46:03.258Z;1;4000787030016.0;2017-10-12T21:00:00.000Z;1;ST4000DM000;Z300WQPJ;381
2018-02-15T06:51:21.853Z;1;4000787030016.0;2017-10-15T21:00:00.000Z;1;ST4000DM000;Z3015J5W;1899
2018-02-15T06:56:16.860Z;1;8001563222016.0;2017-10-18T21:00:00.000Z;1;ST8000NM0055;ZA136H16;116
2018-02-15T06:52:49.334Z;1;4000787030016.0;2017-10-16T21:00:00.000Z;1;ST4000DM000;Z300H3F6;957
2018-02-15T06:53:09.535Z;1;8001563222016.0;2017-10-16T21:00:00.000Z;1;ST8000NM0055;ZA1755LL;1607
2018-02-15T06:59:04.567Z;1;4000787030016.0;2017-10-19T21:00:00.000Z;1;ST4000DM000;Z302DKNK;2884
2018-02-15T07:08:49.097Z;1;4000787030016.0;2017-10-25T21:00:00.000Z;1;HGST HMS5C4040BLE640;PL2331LAHB937J;652
2018-02-15T07:08:58.565Z;1;6001175126016.0;2017-10-26T21:00:00.000Z;1;WDC WD60EFRX;WD-WX11D4447415;1089
2018-02-15T07:18:42.649Z;1;8001563222016.0;2017-10-31T22:00:00.000Z;1;ST8000NM0055;ZA1805WG;309
2018-02-15T07:04:39.487Z;1;4000787030016.0;2017-10-23T21:00:00.000Z;1;HGST HMS5C4040ALE640;PL1331LAGRUENH;62
2018-02-15T07:04:08.714Z;1;4000787030016.0;2017-10-23T21:00:00.000Z;1;ST4000DM000;Z304HZP2;2375
2018-02-15T07:05:11.439Z;1;4000787030016.0;2017-10-23T21:00:00.000Z;1;ST4000DM000;Z3016R7D;640
2018-02-15T07:04:31.454Z;1;4000787030016.0;2017-10-23T21:00:00.000Z;1;ST4000DM000;Z3025M3K;108
2018-02-15T07:06:05.474Z;1;8001563222016.0;2017-10-24T21:00:00.000Z;1;ST8000NM0055;ZA1819Z2;1013
2018-02-15T07:10:40.455Z;1;8001563222016.0;2017-10-27T21:00:00.000Z;1;ST8000NM0055;ZA189JHP;1602
2018-02-15T07:10:56.118Z;1;4000787030016.0;2017-10-27T21:00:00.000Z;1;ST4000DM000;Z304S1BC;1815
2018-02-15T07:16:58.027Z;1;4000787030016.0;2017-10-30T22:00:00.000Z;1;ST4000DM000;Z305D4L4;1006
2018-02-15T07:18:52.411Z;1;4000787030016.0;2017-10-31T22:00:00.000Z;1;ST4000DM000;S300PFN5;261
2018-02-15T07:22:16.237Z;1;4000787030016.0;2017-11-02T22:00:00.000Z;1;ST4000DM000;Z3015CL7;187
2018-02-15T07:21:53.282Z;1;4000787030016.0;2017-11-02T22:00:00.000Z;1;ST4000DM000;Z304H7CV;1087
2018-02-15T07:26:17.241Z;1;4000787030016.0;2017-11-04T22:00:00.000Z;1;ST4000DM000;Z305AR1M;366
2018-02-15T07:26:30.150Z;1;4000787030016.0;2017-11-04T22:00:00.000Z;1;ST4000DM000;Z300WJW1;102
2018-02-15T07:29:57.061Z;1;8001563222016.0;2017-11-06T22:00:00.000Z;1;ST8000NM0055;ZA16HXS2;1479
2018-02-15T07:22:55.142Z;1;4000787030016.0;2017-11-03T22:00:00.000Z;1;ST4000DM000;Z304JGPQ;1256
2018-02-15T07:28:40.704Z;1;4000787030016.0;2017-11-06T22:00:00.000Z;1;ST4000DM000;Z3059CAF;70
2018-02-15T07:31:01.924Z;1;4000787030016.0;2017-11-07T22:00:00.000Z;1;ST4000DM000;Z30417Q7;708
2018-02-15T07:31:05.606Z;1;4000787030016.0;2017-11-07T22:00:00.000Z;1;ST4000DM000;S301LJZS;806
2018-02-15T07:21:24.206Z;1;4000787030016.0;2017-11-02T22:00:00.000Z;1;ST4000DM000;Z300E4RY;279
2018-02-15T07:23:17.797Z;1;12000138625024.0;2017-11-03T22:00:00.000Z;1;ST12000NM0007;ZCH07813;838
2018-02-15T07:28:57.692Z;1;4000787030016.0;2017-11-06T22:00:00.000Z;1;ST4000DM000;Z305D2H3;338
2018-02-15T07:28:32.651Z;1;6001175126016.0;2017-11-06T22:00:00.000Z;1;WDC WD60EFRX;WD-WX11DA4DJNUP;60
2018-02-15T07:33:37.849Z;1;8001563222016.0;2017-11-08T22:00:00.000Z;1;ST8000NM0055;ZA130KMT;84
2018-02-15T07:39:28.599Z;1;4000787030016.0;2017-11-12T22:00:00.000Z;1;ST4000DM000;Z3027CCP;850
2018-02-15T07:37:10.222Z;1;12000138625024.0;2017-11-10T22:00:00.000Z;1;ST12000NM0007;ZCH06MP3;1197
2018-02-15T07:37:24.321Z;1;4000787030016.0;2017-11-10T22:00:00.000Z;1;ST4000DM001;W4J1LFP5;7
2018-02-15T07:44:37.471Z;1;4000787030016.0;2017-11-15T22:00:00.000Z;1;ST4000DM000;W300BR1J;460
2018-02-15T07:39:53.248Z;1;4000787030016.0;2017-11-12T22:00:00.000Z;1;ST4000DM000;Z305DHRY;221
2018-02-15T07:45:56.301Z;1;4000787030016.0;2017-11-16T22:00:00.000Z;1;ST4000DM000;Z305B6J2;73
2018-01-10T07:22:58.009Z;1;6001175126016.0;2016-10-24T21:00:00.000Z;1;ST6000DX000;Z4D028XW;104
2018-01-10T07:26:18.480Z;1;8001563222016.0;2016-10-26T21:00:00.000Z;1;ST8000DM002;ZA10NF9J;319
2018-01-10T07:27:22.433Z;1;4000787030016.0;2016-10-27T21:00:00.000Z;1;ST4000DM000;Z300GPPN;88
2018-01-10T07:29:49.375Z;1;3000592982016.0;2016-10-29T21:00:00.000Z;1;WDC WD30EFRX;WD-WCC4N4ASKRY8;307
2018-01-10T07:30:28.564Z;1;6001175126016.0;2016-10-30T22:00:00.000Z;1;ST6000DX000;Z4D0AR9A;3359
2018-01-10T07:26:53.090Z;1;4000787030016.0;2016-10-27T21:00:00.000Z;1;ST4000DM000;Z305KXFG;919
2018-01-10T07:29:28.855Z;1;4000787030016.0;2016-10-29T21:00:00.000Z;1;ST4000DM000;Z3041C92;566
2018-01-10T07:33:12.325Z;1;4000787030016.0;2016-11-01T22:00:00.000Z;1;HGST HMS5C4040BLE640;PL1331LAHD024H;106
2018-01-10T07:18:51.179Z;1;4000787030016.0;2016-10-20T21:00:00.000Z;1;ST4000DM000;Z304167N;982
2018-01-10T07:21:15.307Z;1;4000787030016.0;2016-10-22T21:00:00.000Z;1;ST4000DM000;Z3024PGT;109
2018-01-10T07:23:14.583Z;1;4000787030016.0;2016-10-24T21:00:00.000Z;1;ST4000DM000;S300VLN0;0
2018-01-10T07:14:53.622Z;1;4000787030016.0;2016-10-17T21:00:00.000Z;1;ST4000DM000;Z300K2B9;1496
2018-01-10T07:15:05.122Z;1;4000787030016.0;2016-10-18T21:00:00.000Z;1;ST4000DM000;Z300GPRA;97
2018-01-10T07:18:01.462Z;1;3000592982016.0;2016-10-20T21:00:00.000Z;1;Hitachi HDS5C3030ALA630;MJ0351YNGA564A;1010
2018-01-10T07:19:27.950Z;1;4000787030016.0;2016-10-21T21:00:00.000Z;1;ST4000DM000;W300BLCR;930
2018-01-10T07:13:57.637Z;1;3000592982016.0;2016-10-17T21:00:00.000Z;1;Hitachi HDS5C3030ALA630;MJ0351YNG9ZJAA;687
2018-01-10T07:19:15.595Z;1;4000787030016.0;2016-10-21T21:00:00.000Z;1;ST4000DM000;Z3029GFP;814
2018-01-10T07:22:07.847Z;1;4000787030016.0;2016-10-23T21:00:00.000Z;1;ST4000DM000;Z302A0H9;18
2018-01-10T07:23:46.650Z;1;8001563222016.0;2016-10-24T21:00:00.000Z;1;ST8000DM002;ZA12PTRG;436
2018-01-10T07:24:54.674Z;1;4000787030016.0;2016-10-25T21:00:00.000Z;1;ST4000DM000;Z304154R;72
2018-01-10T07:24:41.552Z;1;4000787030016.0;2016-10-25T21:00:00.000Z;1;ST4000DM000;Z300X93X;140
2018-01-10T07:22:15.079Z;1;4000787030016.0;2016-10-23T21:00:00.000Z;1;HGST HMS5C4040ALE640;PL1331LAGS03KH;719
2018-01-10T07:24:30.171Z;1;4000787030016.0;2016-10-25T21:00:00.000Z;1;ST4000DM000;W300DZ31;284
2018-01-10T07:37:34.627Z;1;4000787030016.0;2016-11-04T22:00:00.000Z;1;HGST HMS5C4040BLE640;PL2331LAHDUB6J;2566
2018-01-10T07:39:34.710Z;1;8001563222016.0;2016-11-06T22:00:00.000Z;1;ST8000DM002;ZA11B7TP;694
2018-01-10T07:44:45.159Z;1;4000787030016.0;2016-11-10T22:00:00.000Z;1;Hitachi HDS5C4040ALE630;PL1301LAG2VMMA;723
2018-01-10T07:38:43.824Z;1;4000787030016.0;2016-11-05T22:00:00.000Z;1;ST4000DM000;Z3042ECT;404
2018-01-10T07:40:58.322Z;1;4000787030016.0;2016-11-07T22:00:00.000Z;1;ST4000DM000;Z305GFHK;532
2018-01-10T07:44:56.159Z;1;8001563222016.0;2016-11-10T22:00:00.000Z;1;ST8000DM002;ZA11PE8Q;141
2018-01-10T07:48:13.528Z;1;4000787030016.0;2016-11-13T22:00:00.000Z;1;ST4000DM000;Z3015C6E;595
2018-01-10T07:48:21.643Z;1;8001563222016.0;2016-11-13T22:00:00.000Z;1;ST8000DM002;ZA11TL5L;327
2018-01-10T07:50:38.850Z;1;4000787030016.0;2016-11-15T22:00:00.000Z;1;ST4000DM000;Z302T6ME;1429
2018-01-10T07:52:51.196Z;1;3000592982016.0;2016-11-16T22:00:00.000Z;1;Hitachi HDS723030ALA640;MK0333YHGPEH1C;1349
2018-01-10T07:53:37.892Z;1;4000787030016.0;2016-11-17T22:00:00.000Z;1;ST4000DM000;Z305GXE3;67
2018-01-10T07:50:17.830Z;1;3000592982016.0;2016-11-15T22:00:00.000Z;1;Hitachi HDS5C3030ALA630;MJ1311YNG36USA;510
2018-01-10T07:53:22.201Z;1;4000787030016.0;2016-11-17T22:00:00.000Z;1;ST4000DM000;Z300GQ77;262
2018-01-10T07:55:07.040Z;1;4000787030016.0;2016-11-18T22:00:00.000Z;1;Hitachi HDS5C4040ALE630;PL2311LAG1HV1C;1692
2018-01-10T07:55:39.772Z;1;4000787030016.0;2016-11-18T22:00:00.000Z;1;HGST HMS5C4040ALE640;PL1331LAGTW0KH;862
2018-01-10T07:57:08.222Z;1;3000592982016.0;2016-11-20T22:00:00.000Z;1;Hitachi HDS723030ALA640;MK0301YHGNSV8D;355
2018-01-10T07:58:27.851Z;1;4000787030016.0;2016-11-21T22:00:00.000Z;1;ST4000DM000;S30117SW;499
2018-01-10T07:59:31.077Z;1;8001563222016.0;2016-11-21T22:00:00.000Z;1;ST8000DM002;ZA128XP2;56
2017-12-29T23:02:21.595Z;1;4000787030016.0;2017-08-10T21:00:00.000Z;1;ST4000DM000;Z305KVHJ;260
2017-12-29T23:03:23.828Z;1;4000787030016.0;2017-08-11T21:00:00.000Z;1;ST4000DM000;Z3029ZWA;699
2017-12-29T23:03:31.000Z;1;8001563222016.0;2017-08-11T21:00:00.000Z;1;ST8000NM0055;ZA11NEJ0;2
2017-12-29T23:10:36.867Z;1;4000787030016.0;2017-08-16T21:00:00.000Z;1;ST4000DM000;W3009QGQ;660
2017-12-29T23:04:23.997Z;1;4000787030016.0;2017-08-12T21:00:00.000Z;1;ST4000DM000;Z304L8TV;632
2017-12-29T23:08:19.852Z;1;4000787030016.0;2017-08-15T21:00:00.000Z;1;ST4000DM000;S301KX6M;198
2017-12-29T22:59:29.243Z;1;4000787030016.0;2017-08-08T21:00:00.000Z;1;ST4000DM000;Z300SWK6;422
2017-12-29T23:02:51.604Z;1;4000787030016.0;2017-08-10T21:00:00.000Z;1;ST4000DM001;W4J0DGL6;415
2017-12-29T23:04:10.816Z;1;8001563222016.0;2017-08-12T21:00:00.000Z;1;ST8000DM002;ZA11S8FB;643
2017-12-29T23:10:46.849Z;1;4000787030016.0;2017-08-16T21:00:00.000Z;1;ST4000DM000;Z3025M61;1074
2017-12-29T23:12:01.816Z;1;4000787030016.0;2017-08-17T21:00:00.000Z;1;ST4000DM000;Z304JW72;2550
2017-12-29T23:20:00.784Z;1;4000787030016.0;2017-08-22T21:00:00.000Z;1;ST4000DM000;S300Z7BM;600
2017-12-29T23:21:07.600Z;1;4000787030016.0;2017-08-22T21:00:00.000Z;1;ST4000DM000;Z300NKF1;49
2017-12-29T23:18:07.252Z;1;8001563222016.0;2017-08-21T21:00:00.000Z;1;ST8000NM0055;ZA1814KY;1349
2017-12-29T23:33:42.897Z;1;4000787030016.0;2017-08-29T21:00:00.000Z;1;ST4000DM000;Z30251MG;833
2017-12-29T23:34:28.126Z;1;4000787030016.0;2017-08-30T21:00:00.000Z;1;ST4000DM000;Z3052Z55;413
2017-12-29T23:35:25.370Z;1;4000787030016.0;2017-08-30T21:00:00.000Z;1;ST4000DM000;Z304L9SM;2638
2017-12-29T23:36:53.684Z;1;4000787030016.0;2017-08-31T21:00:00.000Z;1;ST4000DM000;Z3015T5J;639
2017-12-29T23:37:41.444Z;1;4000787030016.0;2017-08-31T21:00:00.000Z;1;ST4000DM000;Z300YV3W;232
2017-12-29T23:29:36.388Z;1;8001563222016.0;2017-08-27T21:00:00.000Z;1;ST8000NM0055;ZA14EF22;772
2017-12-29T23:22:25.819Z;1;4000787030016.0;2017-08-23T21:00:00.000Z;1;ST4000DM000;Z30260M3;217
2017-12-29T23:22:20.887Z;1;4000787030016.0;2017-08-23T21:00:00.000Z;1;ST4000DM000;Z304KALB;2058
2017-12-29T23:40:17.602Z;1;4000787030016.0;2017-09-02T21:00:00.000Z;1;HGST HMS5C4040BLE640;PL2331LAHAPPXJ;1864
2017-12-29T23:42:58.659Z;1;4000787030016.0;2017-09-03T21:00:00.000Z;1;ST4000DM001;W4J05VY7;2249
2017-12-29T23:43:50.492Z;1;4000787030016.0;2017-09-04T21:00:00.000Z;1;ST4000DM000;W300DCYD;1051
2017-12-29T23:46:37.713Z;1;4000787030016.0;2017-09-05T21:00:00.000Z;1;ST4000DM000;Z3015JGG;142
2018-01-01T09:05:14.845Z;1;4000787030016.0;2017-03-31T21:00:00.000Z;1;ST4000DM000;Z3040JAY;137
2018-01-01T09:07:09.345Z;1;4000787030016.0;2017-04-01T21:00:00.000Z;1;ST4000DM000;Z300YMGR;3257
2018-01-01T09:08:58.354Z;1;4000787030016.0;2017-04-02T21:00:00.000Z;1;ST4000DM000;Z3015C8C;219
2017-12-30T00:25:42.796Z;1;4000787030016.0;2017-09-25T21:00:00.000Z;1;ST4000DX000;Z1Z03EJ5;212
2018-01-01T09:05:35.733Z;1;4000787030016.0;2017-04-01T21:00:00.000Z;1;ST4000DM000;Z300GPJ5;625
2018-01-01T09:05:55.763Z;1;500107862016.0;2017-04-01T21:00:00.000Z;1;WDC WD5000LPVX;WD-WX41A35RYP7N;1546
2018-01-01T09:27:35.064Z;1;4000787030016.0;2017-04-11T21:00:00.000Z;1;HGST HMS5C4040BLE640;PL1331LAHD3HLH;644
2018-01-01T09:27:47.904Z;1;8001563222016.0;2017-04-11T21:00:00.000Z;1;ST8000DM002;ZA12JV40;657
2018-01-01T09:29:45.967Z;1;4000787030016.0;2017-04-13T21:00:00.000Z;1;ST4000DM000;S300Z5TJ;644
2018-01-01T09:30:09.522Z;1;4000787030016.0;2017-04-13T21:00:00.000Z;1;ST4000DM000;S300XDYR;122
2018-01-01T09:31:13.210Z;1;4000787030016.0;2017-04-13T21:00:00.000Z;1;ST4000DM000;Z305EW3W;1326
2018-01-01T09:31:29.607Z;1;4000787030016.0;2017-04-14T21:00:00.000Z;1;ST4000DM000;Z305APVG;658
2018-01-01T09:33:02.902Z;1;8001563222016.0;2017-04-15T21:00:00.000Z;1;ST8000DM002;ZA12PTGS;559
2018-01-01T09:33:34.055Z;1;4000787030016.0;2017-04-15T21:00:00.000Z;1;ST4000DM000;S30117H8;167
2018-01-01T09:33:40.585Z;1;4000787030016.0;2017-04-15T21:00:00.000Z;1;ST4000DM000;Z30111G8;102
2018-01-01T09:34:04.528Z;1;4000787030016.0;2017-04-15T21:00:00.000Z;1;ST4000DM000;Z3048KVT;134
2018-01-01T09:19:20.904Z;1;4000787030016.0;2017-04-07T21:00:00.000Z;1;ST4000DM000;Z305FE1D;153
2018-01-01T09:19:19.541Z;1;4000787030016.0;2017-04-07T21:00:00.000Z;1;ST4000DM000;Z300WWP1;87
2017-12-30T00:26:55.605Z;1;4000787030016.0;2017-09-25T21:00:00.000Z;1;ST4000DM000;Z302AKAL;863
2018-01-01T09:06:03.654Z;1;4000787030016.0;2017-04-01T21:00:00.000Z;1;ST4000DM000;Z303XYBF;238
2018-01-01T09:08:21.831Z;1;4000787030016.0;2017-04-02T21:00:00.000Z;1;ST4000DM000;Z3029B5K;254
2018-01-01T09:10:51.416Z;1;4000787030016.0;2017-04-03T21:00:00.000Z;1;ST4000DM000;W300BHG0;783
2018-01-01T09:13:36.412Z;1;4000787030016.0;2017-04-04T21:00:00.000Z;1;ST4000DM000;Z305H7B3;1126
2018-01-01T09:15:58.211Z;1;4000787030016.0;2017-04-06T21:00:00.000Z;1;ST4000DM000;W300JG5Y;248
2018-01-01T09:35:35.967Z;1;4000787030016.0;2017-04-16T21:00:00.000Z;1;ST4000DM000;Z300GPMW;2236
2018-01-01T09:36:49.147Z;1;4000787030016.0;2017-04-17T21:00:00.000Z;1;ST4000DM000;Z30250VE;155
2018-01-01T09:37:11.857Z;1;4000787030016.0;2017-04-18T21:00:00.000Z;1;ST4000DM000;W300K1P8;442
2018-01-01T09:37:48.503Z;1;8001563222016.0;2017-04-18T21:00:00.000Z;1;ST8000DM002;ZA13YP0X;120
2018-01-01T09:43:50.116Z;1;4000787030016.0;2017-04-19T21:00:00.000Z;1;ST4000DM000;W300J6BD;215
2018-01-01T09:54:49.263Z;1;4000787030016.0;2017-04-26T21:00:00.000Z;1;ST4000DM000;S30115FJ;117
2018-01-01T09:54:14.626Z;1;4000787030016.0;2017-04-26T21:00:00.000Z;1;ST4000DM000;Z305H9JK;627
2018-01-01T09:45:56.911Z;1;4000787030016.0;2017-04-20T21:00:00.000Z;1;ST4000DM000;Z300KJHZ;407
2018-01-01T09:53:45.968Z;1;4000787030016.0;2017-04-26T21:00:00.000Z;1;ST4000DM000;Z3024KGR;52
2018-01-01T09:56:47.113Z;1;4000787030016.0;2017-04-28T21:00:00.000Z;1;ST4000DM000;S3010LH1;835
2018-01-01T10:10:15.832Z;1;4000787030016.0;2017-05-07T21:00:00.000Z;1;ST4000DM000;Z3058WTK;239
2018-01-01T10:15:36.622Z;1;4000787030016.0;2017-05-10T21:00:00.000Z;1;HGST HMS5C4040ALE640;PL2331LAG9RB7J;747
2018-01-01T10:24:28.645Z;1;4000787030016.0;2017-05-16T21:00:00.000Z;1;ST4000DM000;Z300YNHC;1055
2018-01-01T10:25:59.861Z;1;4000787030016.0;2017-05-17T21:00:00.000Z;1;ST4000DM000;Z305FTEK;281
2018-01-01T10:26:51.509Z;1;4000787030016.0;2017-05-17T21:00:00.000Z;1;ST4000DM000;W300BDP6;23
2018-01-01T10:22:52.176Z;1;4000787030016.0;2017-05-15T21:00:00.000Z;1;ST4000DM000;Z3025PH3;750
2018-01-01T10:23:08.429Z;1;4000787030016.0;2017-05-15T21:00:00.000Z;1;ST4000DM000;W3012NS0;245
2018-01-01T10:11:52.453Z;1;4000787030016.0;2017-05-08T21:00:00.000Z;1;ST4000DX000;Z1Z04S1V;572
2018-01-01T10:11:15.928Z;1;4000787030016.0;2017-05-07T21:00:00.000Z;1;ST4000DM000;Z304HW1K;358
2018-01-01T10:11:19.592Z;1;4000787030016.0;2017-05-07T21:00:00.000Z;1;ST4000DM000;Z304KB54;1527
2018-01-01T10:14:05.773Z;1;4000787030016.0;2017-05-09T21:00:00.000Z;1;ST4000DM000;Z3058YBQ;160
2018-01-01T10:32:09.924Z;1;4000787030016.0;2017-05-21T21:00:00.000Z;1;ST4000DM000;Z303F8K1;478
2018-01-01T10:33:18.970Z;1;4000787030016.0;2017-05-22T21:00:00.000Z;1;ST4000DM000;W300J5YC;1640
2018-01-01T10:34:27.835Z;1;4000787030016.0;2017-05-22T21:00:00.000Z;1;HGST HMS5C4040BLE640;PL1331LAHBSK8H;768
2018-01-01T13:25:54.277Z;1;4000787030016.0;2017-03-20T22:00:00.000Z;1;ST4000DM000;Z304LAPK;150
2018-01-01T13:26:33.447Z;1;4000787030016.0;2017-03-20T22:00:00.000Z;1;HGST HMS5C4040BLE640;PL2331LAH41R4J;376
2018-01-10T06:50:42.444Z;1;4000787030016.0;2016-10-01T21:00:00.000Z;1;HGST HMS5C4040BLE640;PL2331LAH467DJ;545
2018-01-10T06:50:42.691Z;1;4000787030016.0;2016-10-01T21:00:00.000Z;1;HGST HMS5C4040BLE640;PL1331LAHBYPMH;771
2018-01-10T06:50:25.917Z;1;4000787030016.0;2016-10-01T21:00:00.000Z;1;HGST HMS5C4040ALE640;PL1331LAGRYTNH;1340
2018-01-01T13:56:17.063Z;1;4000787030016.0;2017-03-25T22:00:00.000Z;1;ST4000DM000;Z300GYLW;1397
2018-01-10T06:52:41.050Z;1;8001563222016.0;2016-10-02T21:00:00.000Z;1;ST8000DM002;ZA12PTH8;711
2018-01-01T13:27:49.866Z;1;4000787030016.0;2017-03-21T22:00:00.000Z;1;ST4000DM000;Z3059KBN;749
2018-01-01T13:52:33.437Z;1;4000787030016.0;2017-03-23T22:00:00.000Z;1;ST4000DM000;Z3041552;5610
2018-01-01T13:57:15.688Z;1;4000787030016.0;2017-03-26T21:00:00.000Z;1;ST4000DM000;Z302895M;1036
2018-01-01T14:02:50.849Z;1;8001563222016.0;2017-03-29T21:00:00.000Z;1;ST8000NM0055;ZA14ERC7;81
2018-01-01T13:27:43.068Z;1;4000787030016.0;2017-03-21T22:00:00.000Z;1;ST4000DM000;Z300CLT4;230
2018-01-01T13:28:58.407Z;1;4000787030016.0;2017-03-22T22:00:00.000Z;1;ST4000DM000;Z305ARLV;38
2018-01-01T13:53:29.124Z;1;4000787030016.0;2017-03-23T22:00:00.000Z;1;ST4000DM000;S300XCCD;239
2018-01-01T14:04:16.561Z;1;8001563222016.0;2017-03-30T21:00:00.000Z;1;ST8000NM0055;ZA14E92V;101
2018-01-01T13:54:09.554Z;1;8001563222016.0;2017-03-24T22:00:00.000Z;1;ST8000DM002;ZA13R2DH;100
2018-01-01T13:56:59.387Z;1;4000787030016.0;2017-03-26T21:00:00.000Z;1;ST4000DM000;Z302SQ2R;248
2018-01-01T14:00:46.807Z;1;4000787030016.0;2017-03-28T21:00:00.000Z;1;ST4000DM000;Z300GYY6;41
2018-01-01T14:03:34.722Z;1;4000787030016.0;2017-03-30T21:00:00.000Z;1;ST4000DM000;Z304NTQY;772
2018-01-01T14:03:29.927Z;1;4000787030016.0;2017-03-30T21:00:00.000Z;1;ST4000DM000;S300WEE9;612
2018-01-10T06:56:11.032Z;1;8001563222016.0;2016-10-04T21:00:00.000Z;1;ST8000DM002;ZA1261T7;87
2018-01-10T06:56:05.231Z;1;4000787030016.0;2016-10-04T21:00:00.000Z;1;ST4000DM000;Z304JAH4;821
2018-01-10T07:11:42.063Z;1;4000787030016.0;2016-10-15T21:00:00.000Z;1;ST4000DM000;Z3012XK6;190
2018-01-10T07:11:28.300Z;1;4000787030016.0;2016-10-15T21:00:00.000Z;1;ST4000DM000;Z3025KRR;1222
2018-01-10T07:03:14.340Z;1;4000787030016.0;2016-10-09T21:00:00.000Z;1;ST4000DM000;Z3011WTS;325
2018-01-10T06:55:09.913Z;1;8001563222016.0;2016-10-03T21:00:00.000Z;1;ST8000DM002;ZA11VHZP;1046
2018-01-10T06:57:24.015Z;1;3000592982016.0;2016-10-05T21:00:00.000Z;1;WDC WD30EFRX;WD-WMC4N0D8KTAY;637
2018-01-10T06:59:18.755Z;1;6001175126016.0;2016-10-06T21:00:00.000Z;1;ST6000DX000;Z4D0BDME;59
2018-01-10T07:09:23.403Z;1;4000787030016.0;2016-10-13T21:00:00.000Z;1;ST4000DM000;Z304JG8A;831
2018-01-10T07:02:31.403Z;1;8001563222016.0;2016-10-08T21:00:00.000Z;1;ST8000DM002;ZA10TNW8;913
2018-01-10T07:05:14.309Z;1;4000787030016.0;2016-10-10T21:00:00.000Z;1;HGST HMS5C4040ALE640;PL1331LAGSGR2H;267
2018-01-10T06:57:33.074Z;1;4000787030016.0;2016-10-05T21:00:00.000Z;1;ST4000DM000;Z305B6WR;2451
2018-01-10T08:19:06.984Z;1;6001175126016.0;2016-12-04T22:00:00.000Z;1;WDC WD60EFRX;WD-WXK1H642XATR;45
2018-01-10T08:21:52.850Z;1;500107862016.0;2016-12-06T22:00:00.000Z;1;WDC WD5000LPVX;WD-WXE1A25K69JA;2000
2018-01-10T08:09:27.608Z;1;4000787030016.0;2016-11-28T22:00:00.000Z;1;ST4000DM000;Z301JYEQ;736
2018-01-10T08:11:22.731Z;1;4000787030016.0;2016-11-29T22:00:00.000Z;1;ST4000DM000;Z3049EGT;784
2018-01-10T08:14:15.185Z;1;4000787030016.0;2016-12-01T22:00:00.000Z;1;ST4000DM000;Z3011WC8;25
2018-01-10T08:07:50.354Z;1;4000787030016.0;2016-11-27T22:00:00.000Z;1;ST4000DM000;Z3011WL7;520
2018-01-10T08:04:31.905Z;1;4000787030016.0;2016-11-25T22:00:00.000Z;1;ST4000DM000;Z3025KHT;406
2018-01-10T08:26:35.051Z;1;4000787030016.0;2016-12-09T22:00:00.000Z;1;ST4000DM000;Z3033HV2;1667
2018-01-10T08:29:40.478Z;1;4000787030016.0;2016-12-11T22:00:00.000Z;1;ST4000DM000;Z304L9MN;3732
2018-01-10T08:30:42.221Z;1;3000592982016.0;2016-12-11T22:00:00.000Z;1;Hitachi HDS5C3030ALA630;MJ1313YNG0ZL2C;246
2018-01-10T08:31:56.712Z;1;3000592982016.0;2016-12-12T22:00:00.000Z;1;Hitachi HDS5C3030ALA630;MJ1321YNG0JU6A;455
2018-01-10T08:25:02.828Z;1;4000787030016.0;2016-12-08T22:00:00.000Z;1;ST4000DM000;Z3025MA7;33
2018-01-10T08:26:13.718Z;1;4000787030016.0;2016-12-09T22:00:00.000Z;1;ST4000DM000;Z30317QJ;1121
2018-01-10T08:28:20.559Z;1;4000787030016.0;2016-12-10T22:00:00.000Z;1;ST4000DM000;Z3016PLF;597
2018-01-10T08:29:46.277Z;1;4000787030016.0;2016-12-11T22:00:00.000Z;1;ST4000DM000;W300K6X5;625
2018-01-10T08:30:58.934Z;1;4000787030016.0;2016-12-12T22:00:00.000Z;1;ST4000DM000;Z3025Q4S;902
2018-01-10T08:33:41.004Z;1;4000787030016.0;2016-12-14T22:00:00.000Z;1;ST4000DM000;W30090YW;1188
2018-01-10T08:33:50.543Z;1;4000787030016.0;2016-12-14T22:00:00.000Z;1;ST4000DM000;Z305D4KY;344
2018-01-10T08:35:41.132Z;1;4000787030016.0;2016-12-16T22:00:00.000Z;1;ST4000DM000;Z302F0QG;334
2018-01-10T11:01:37.654Z;1;4000787030016.0;2016-07-07T21:00:00.000Z;1;ST4000DM000;Z302R7GN;448
2018-01-10T11:02:46.614Z;1;4000787030016.0;2016-07-08T21:00:00.000Z;1;ST4000DM000;Z304J0T6;550
2018-01-10T08:40:17.165Z;1;4000787030016.0;2016-12-19T22:00:00.000Z;1;ST4000DM000;Z3026Z8K;1515
2018-01-10T08:43:49.745Z;1;3000592982016.0;2016-12-21T22:00:00.000Z;1;WDC WD30EFRX;WD-WMC4N0912281;533
2018-01-10T08:49:09.468Z;1;3000592982016.0;2016-12-25T22:00:00.000Z;1;WDC WD30EFRX;WD-WCC4N3NZ451J;702
2018-01-10T10:59:11.456Z;1;4000787030016.0;2016-07-06T21:00:00.000Z;1;ST4000DM000;S301NHAJ;84
2018-01-10T10:59:11.456Z;1;4000787030016.0;2016-07-06T21:00:00.000Z;1;ST4000DM000;S301PTS3;517
2018-01-10T08:41:32.763Z;1;4000787030016.0;2016-12-20T22:00:00.000Z;1;ST4000DM000;Z304J148;385
2018-01-10T08:54:23.799Z;1;4000787030016.0;2016-12-28T22:00:00.000Z;1;ST4000DM000;Z300ZR58;733
2018-01-10T10:58:22.423Z;1;4000787030016.0;2016-07-05T21:00:00.000Z;1;ST4000DM000;Z30251MC;544
2018-01-10T08:55:54.743Z;1;4000787030016.0;2016-12-29T22:00:00.000Z;1;ST4000DM000;Z302A0Z1;732
2018-01-10T08:56:25.422Z;1;4000787030016.0;2016-12-30T22:00:00.000Z;1;ST4000DM000;Z30111PC;2035
2018-01-10T10:57:41.229Z;1;8001563222016.0;2016-07-05T21:00:00.000Z;1;ST8000DM002;ZA11Q7AF;257
2018-01-10T08:40:08.594Z;1;4000787030016.0;2016-12-19T22:00:00.000Z;1;ST4000DM000;Z300LFYC;1838
2018-01-10T08:42:37.053Z;1;4000787030016.0;2016-12-20T22:00:00.000Z;1;ST4000DM000;Z305D4QW;389
2018-01-10T08:50:35.124Z;1;4000787030016.0;2016-12-26T22:00:00.000Z;1;ST4000DM000;S300Z3ZL;1000
2018-01-10T10:51:32.826Z;1;8001563222016.0;2016-07-01T21:00:00.000Z;1;ST8000DM002;ZA10CN1J;247
2018-01-10T11:13:32.465Z;1;4000787030016.0;2016-07-14T21:00:00.000Z;1;ST4000DM000;Z304KCSD;2585
2018-01-10T11:16:29.295Z;1;4000787030016.0;2016-07-16T21:00:00.000Z;1;ST4000DM000;Z304KBNH;36
2018-01-10T11:19:15.423Z;1;4000787030016.0;2016-07-18T21:00:00.000Z;1;ST4000DM000;S300Z4KZ;280
2018-01-10T11:17:56.958Z;1;3000592982016.0;2016-07-17T21:00:00.000Z;1;WDC WD30EFRX;WD-WCC4N0398429;9
2018-01-10T11:03:34.464Z;1;4000787030016.0;2016-07-08T21:00:00.000Z;1;ST4000DM000;Z3026RDS;480
2018-01-10T11:15:25.082Z;1;4000787030016.0;2016-07-15T21:00:00.000Z;1;ST4000DM000;Z304L8SY;1170
2018-01-10T11:19:45.490Z;1;4000787030016.0;2016-07-18T21:00:00.000Z;1;ST4000DM000;Z300L4BK;741
2018-01-10T11:06:32.559Z;1;3000592982016.0;2016-07-10T21:00:00.000Z;1;Hitachi HDS723030ALA640;MK0301YHGLRBWA;273
2018-01-10T11:24:10.035Z;1;4000787030016.0;2016-07-21T21:00:00.000Z;1;ST4000DM000;Z305B6TL;183
2018-01-10T11:12:13.049Z;1;4000787030016.0;2016-07-14T21:00:00.000Z;1;ST4000DM000;W300K1CD;132
2018-01-10T11:27:05.680Z;1;4000787030016.0;2016-07-23T21:00:00.000Z;1;ST4000DM000;Z304JW5W;2029
2018-01-10T11:21:22.910Z;1;8001563222016.0;2016-07-19T21:00:00.000Z;1;ST8000DM002;ZA11R2DJ;3519
2018-01-10T11:29:31.917Z;1;3000592982016.0;2016-07-25T21:00:00.000Z;1;WDC WD30EFRX;WD-WCC4N0834417;464
2018-01-12T06:55:14.051Z;1;160041885696.0;2016-04-12T21:00:00.000Z;1;WDC WD1600AAJS;WD-WCAYUEH97566;99
2018-01-12T06:58:30.789Z;1;4000787030016.0;2016-04-14T21:00:00.000Z;1;ST4000DM000;Z30262V9;847
2018-01-12T06:45:50.215Z;1;4000787030016.0;2016-04-05T21:00:00.000Z;1;ST4000DM000;Z300PM99;75
2018-01-12T06:45:55.477Z;1;4000787030016.0;2016-04-05T21:00:00.000Z;1;ST4000DM000;Z3026YZN;365
2018-01-12T06:45:43.975Z;1;4000787030016.0;2016-04-04T21:00:00.000Z;1;ST4000DM000;Z305G019;270
2018-01-12T06:45:39.471Z;1;4000787030016.0;2016-04-04T21:00:00.000Z;1;ST4000DM000;Z30251KE;1418
2018-01-12T06:54:47.506Z;1;4000787030016.0;2016-04-11T21:00:00.000Z;1;ST4000DM000;W300692Z;839
2018-01-12T06:39:59.759Z;1;4000787030016.0;2016-03-31T21:00:00.000Z;1;ST4000DM000;W300J9JA;144
2018-01-12T06:40:28.678Z;1;4000787030016.0;2016-03-31T21:00:00.000Z;1;ST4000DM000;Z300ZSJQ;1197
2018-01-12T06:44:44.114Z;1;6001175126016.0;2016-04-04T21:00:00.000Z;1;ST6000DX000;Z4D04BH9;96
2018-01-12T06:44:37.911Z;1;2000398934016.0;2016-04-03T21:00:00.000Z;1;Hitachi HDS722020ALA330;JK1171YAK2045N;355
2018-01-12T06:44:35.436Z;1;4000787030016.0;2016-04-03T21:00:00.000Z;1;ST4000DM000;Z30250H2;466
2018-01-12T06:49:47.709Z;1;160041885696.0;2016-04-08T21:00:00.000Z;1;ST3160318AS;9VY8TCAV;1086
2018-01-12T06:57:22.383Z;1;3000592982016.0;2016-04-13T21:00:00.000Z;1;Hitachi HDS5C3030ALA630;MJ1311YNG350KA;819
2018-01-12T06:45:11.037Z;1;4000787030016.0;2016-04-04T21:00:00.000Z;1;ST4000DM000;Z305C644;427
2018-01-12T06:48:27.749Z;1;4000787030016.0;2016-04-06T21:00:00.000Z;1;ST4000DX000;Z1Z03EWL;1267
2018-01-12T06:53:15.356Z;1;4000787030016.0;2016-04-10T21:00:00.000Z;1;ST4000DM000;Z300X5WP;85
2018-01-12T06:53:10.279Z;1;4000787030016.0;2016-04-10T21:00:00.000Z;1;ST4000DM000;Z300GZ7X;1652
2018-01-12T06:43:44.253Z;1;4000787030016.0;2016-04-03T21:00:00.000Z;1;ST4000DM000;S30114J3;1199
2018-01-12T06:44:56.533Z;1;320072933376.0;2016-04-04T21:00:00.000Z;1;ST320LT007;W0Q7FR76;2194
2018-01-12T07:04:48.477Z;1;4000787030016.0;2016-04-19T21:00:00.000Z;1;ST4000DM000;S301182R;224
2018-01-12T07:13:40.487Z;1;4000787030016.0;2016-04-27T21:00:00.000Z;1;ST4000DM000;Z300XD1D;615
2018-01-12T07:10:30.528Z;1;4000787030016.0;2016-04-24T21:00:00.000Z;1;ST4000DM000;Z300GQ25;312
2018-01-12T07:13:44.254Z;1;4000787030016.0;2016-04-27T21:00:00.000Z;1;ST4000DM000;Z3025KHS;1189
2018-01-12T07:03:46.660Z;1;4000787030016.0;2016-04-18T21:00:00.000Z;1;ST4000DM000;Z305LZGQ;788
2018-01-12T07:12:27.215Z;1;4000787030016.0;2016-04-25T21:00:00.000Z;1;ST4000DM000;Z300ZRW5;972
2018-01-12T07:00:05.225Z;1;4000787030016.0;2016-04-15T21:00:00.000Z;1;ST4000DM000;Z300GPXK;386
2018-01-12T07:06:19.479Z;1;4000787030016.0;2016-04-20T21:00:00.000Z;1;ST4000DM000;Z304KC0K;872
2018-01-12T07:08:27.255Z;1;4000787030016.0;2016-04-22T21:00:00.000Z;1;ST4000DM000;Z300GZDQ;107
2018-01-12T07:13:17.236Z;1;2000398934016.0;2016-04-26T21:00:00.000Z;1;Hitachi HDS722020ALA330;JK1101B9JPVHXF;1792
2018-01-12T07:12:59.378Z;1;4000787030016.0;2016-04-26T21:00:00.000Z;1;ST4000DM000;Z300T6ZF;400
2018-01-12T07:09:16.933Z;1;3000592982016.0;2016-04-23T21:00:00.000Z;1;WDC WD30EFRX;WD-WCC4N0397882;1261
2018-01-12T07:11:40.251Z;1;4000787030016.0;2016-04-25T21:00:00.000Z;1;ST4000DM000;W3005VKC;464
2018-01-12T07:14:17.478Z;1;4000787030016.0;2016-04-27T21:00:00.000Z;1;ST4000DM000;S300XP36;184
2018-01-12T07:40:52.018Z;1;4000787030016.0;2016-05-18T21:00:00.000Z;1;ST4000DM000;Z300GQ8K;613
2018-01-12T07:34:37.258Z;1;4000787030016.0;2016-05-13T21:00:00.000Z;1;ST4000DM000;Z300KC52;1376
2018-01-12T07:56:20.430Z;1;320072933376.0;2016-05-30T21:00:00.000Z;1;ST320LT007;W0Q6KYJW;300
2018-01-12T07:56:39.451Z;1;4000787030016.0;2016-05-31T21:00:00.000Z;1;ST4000DM000;W300KKNQ;1674
2018-01-12T07:56:53.700Z;1;4000787030016.0;2016-05-31T21:00:00.000Z;1;ST4000DM000;Z300GYSM;28
2018-01-12T07:58:21.493Z;1;4000787030016.0;2016-06-01T21:00:00.000Z;1;ST4000DM000;Z3014PSZ;39
2018-01-12T07:59:03.278Z;1;320072933376.0;2016-06-01T21:00:00.000Z;1;ST320LT007;W0Q6GWSJ;791
2018-01-12T07:58:55.474Z;1;320072933376.0;2016-06-01T21:00:00.000Z;1;ST320LT007;W0Q6JG3D;884
2018-01-12T07:59:06.849Z;1;4000787030016.0;2016-06-01T21:00:00.000Z;1;ST4000DM000;Z300GQ7F;630
2018-01-12T08:00:16.573Z;1;4000787030016.0;2016-06-02T21:00:00.000Z;1;ST4000DM000;Z302SYH6;853
2018-01-12T08:02:08.881Z;1;2000398934016.0;2016-06-04T21:00:00.000Z;1;Hitachi HDS722020ALA330;JK11A8B9J7NWWF;384
2018-01-12T07:18:14.413Z;1;4000787030016.0;2016-05-01T21:00:00.000Z;1;ST4000DM000;Z3023WR7;62
2018-01-12T07:19:46.358Z;1;4000787030016.0;2016-05-02T21:00:00.000Z;1;HGST HMS5C4040BLE640;PL2331LAH42VSJ;528
2018-01-12T07:29:46.634Z;1;80026361856.0;2016-05-10T21:00:00.000Z;1;WDC WD800AAJS;WD-WMAV3J935541;32
2018-01-12T07:29:30.327Z;1;3000592982016.0;2016-05-09T21:00:00.000Z;1;WDC WD30EFRX;WD-WMC4N2816214;64
2018-01-12T07:26:11.054Z;1;3000592982016.0;2016-05-07T21:00:00.000Z;1;WDC WD30EFRX;WD-WMC4N2925210;247
2018-01-12T07:28:50.146Z;1;4000787030016.0;2016-05-09T21:00:00.000Z;1;ST4000DM000;Z300WWWP;1079
2018-01-12T07:28:45.478Z;1;80026361856.0;2016-05-09T21:00:00.000Z;1;WDC WD800AAJS;WD-WMAV3J935856;1120
2018-01-12T07:17:09.924Z;1;4000787030016.0;2016-04-30T21:00:00.000Z;1;ST4000DM000;Z3021HSZ;779
2018-01-12T07:23:13.969Z;1;4000787030016.0;2016-05-05T21:00:00.000Z;1;ST4000DM000;Z303545A;762
2018-01-12T07:26:44.976Z;1;2000398934016.0;2016-05-08T21:00:00.000Z;1;Hitachi HDS722020ALA330;JK11A8B9J2YZTF;37
2018-01-12T07:44:33.715Z;1;3000592982016.0;2016-05-21T21:00:00.000Z;1;WDC WD30EFRX;WD-WCC4NR0R76HE;294
2018-01-12T07:45:48.502Z;1;4000787030016.0;2016-05-22T21:00:00.000Z;1;ST4000DM000;Z300GPAS;591
2018-01-12T07:17:15.880Z;1;4000787030016.0;2016-04-30T21:00:00.000Z;1;ST4000DM000;W300J9SF;291
2018-01-12T07:19:17.610Z;1;4000787030016.0;2016-05-02T21:00:00.000Z;1;ST4000DM000;Z300X5PT;493
2018-01-12T07:47:47.328Z;1;4000787030016.0;2016-05-24T21:00:00.000Z;1;ST4000DM000;Z3025KFT;418
2018-01-12T07:33:59.336Z;1;3000592982016.0;2016-05-12T21:00:00.000Z;1;Hitachi HDS723030ALA640;MK0313YHGGJ4PC;406
2018-01-12T07:35:12.009Z;1;4000787030016.0;2016-05-13T21:00:00.000Z;1;ST4000DM000;Z3025KLV;690
2018-01-12T07:37:15.723Z;1;4000787030016.0;2016-05-15T21:00:00.000Z;1;ST4000DM000;W300E0C9;550
2018-01-12T07:39:34.769Z;1;4000787030016.0;2016-05-17T21:00:00.000Z;1;ST4000DM000;W3004Z57;270
2018-01-12T07:42:32.597Z;1;160041885696.0;2016-05-19T21:00:00.000Z;1;ST3160318AS;9VMHY7KX;1160
2018-01-12T07:49:49.590Z;1;4000787030016.0;2016-05-25T21:00:00.000Z;1;ST4000DM000;Z300NKFC;229
2018-01-12T07:50:40.169Z;1;4000787030016.0;2016-05-26T21:00:00.000Z;1;ST4000DX000;Z1Z03J8E;1027
2018-01-12T07:54:22.575Z;1;4000787030016.0;2016-05-29T21:00:00.000Z;1;ST4000DM000;Z304JG6D;2158
2018-01-12T07:48:59.258Z;1;4000787030016.0;2016-05-25T21:00:00.000Z;1;ST4000DM000;Z3029GF0;560
2018-01-12T07:55:47.134Z;1;4000787030016.0;2016-05-30T21:00:00.000Z;1;ST4000DM000;Z304HW5V;845
2018-01-12T08:04:59.335Z;1;4000787030016.0;2016-06-06T21:00:00.000Z;1;ST4000DM000;Z30262VT;362
2018-01-12T08:07:40.931Z;1;4000787030016.0;2016-06-08T21:00:00.000Z;1;ST4000DM000;Z305GWME;452
2018-02-15T07:57:11.245Z;1;4000787030016.0;2017-11-22T22:00:00.000Z;1;HGST HMS5C4040ALE640;PL1331LAGTH4PH;10
2018-02-15T07:54:23.546Z;1;4000787030016.0;2017-11-21T22:00:00.000Z;1;ST4000DM000;Z300K110;1610
2018-02-15T08:00:23.131Z;1;500107862016.0;2017-11-24T22:00:00.000Z;1;TOSHIBA MQ01ABF050M;176FT01GT;661
2018-02-15T07:56:13.426Z;1;8001563222016.0;2017-11-22T22:00:00.000Z;1;ST8000DM002;ZA142S5J;403
2018-02-15T08:04:10.209Z;1;500107862016.0;2017-11-26T22:00:00.000Z;1;TOSHIBA MQ01ABF050;96ICTBPET;1975
2018-02-15T08:05:04.543Z;1;4000787030016.0;2017-11-27T22:00:00.000Z;1;ST4000DM000;S301GN48;795
2018-02-15T08:05:24.554Z;1;4000787030016.0;2017-11-27T22:00:00.000Z;1;ST4000DM000;S301GPLJ;388
2018-02-15T08:05:24.553Z;1;8001563222016.0;2017-11-27T22:00:00.000Z;1;ST8000NM0055;ZA18AAWZ;97
2018-02-15T08:06:50.396Z;1;4000787030016.0;2017-11-28T22:00:00.000Z;1;ST4000DM000;W300BN84;82
2018-02-15T08:08:18.007Z;1;8001563222016.0;2017-11-28T22:00:00.000Z;1;ST8000DM002;ZA13R3C5;102
2018-02-15T08:09:34.567Z;1;4000787030016.0;2017-11-29T22:00:00.000Z;1;ST4000DM000;Z300GYV7;1239
2018-02-15T08:13:31.417Z;1;8001563222016.0;2017-12-01T22:00:00.000Z;1;ST8000DM002;ZA11VZVN;146
2018-02-15T08:19:47.824Z;1;4000787030016.0;2017-12-04T22:00:00.000Z;1;HGST HMS5C4040BLE640;PL2331LAHA6XGJ;698
2018-02-15T08:25:10.586Z;1;4000787030016.0;2017-12-07T22:00:00.000Z;1;ST4000DM000;Z305CTD1;315
2018-02-15T08:11:12.082Z;1;4000787030016.0;2017-11-30T22:00:00.000Z;1;ST4000DM000;S300YFEB;282
2018-02-15T08:31:20.991Z;1;4000787030016.0;2017-12-10T22:00:00.000Z;1;ST4000DM000;Z3029B37;237
2018-02-15T08:31:10.271Z;1;8001563222016.0;2017-12-10T22:00:00.000Z;1;ST8000DM002;ZA13Z5S6;565
2018-02-15T08:27:28.584Z;1;8001563222016.0;2017-12-08T22:00:00.000Z;1;ST8000DM002;ZA11M7BK;194
2018-02-15T08:12:39.697Z;1;4000787030016.0;2017-12-01T22:00:00.000Z;1;ST4000DM000;Z300VBEX;78
2018-02-15T08:26:24.291Z;1;4000787030016.0;2017-12-07T22:00:00.000Z;1;ST4000DM000;Z302A12M;884
2018-02-15T08:13:12.794Z;1;4000787030016.0;2017-12-01T22:00:00.000Z;1;ST4000DM000;W300BH3J;199
2018-02-15T08:13:01.328Z;1;4000787030016.0;2017-12-01T22:00:00.000Z;1;ST4000DM000;Z3023XQQ;313
2018-02-15T08:12:01.775Z;1;4000787030016.0;2017-11-30T22:00:00.000Z;1;ST4000DM000;W3004ZZX;21
2018-02-15T08:19:12.534Z;1;4000787030016.0;2017-12-04T22:00:00.000Z;1;ST4000DM000;Z300WMS6;477
2018-02-15T08:26:59.887Z;1;4000787030016.0;2017-12-08T22:00:00.000Z;1;ST4000DM000;Z302517L;310
2018-02-15T08:26:55.975Z;1;4000787030016.0;2017-12-08T22:00:00.000Z;1;ST4000DM000;Z300ZJZ4;2148
2018-02-15T08:31:31.250Z;1;4000787030016.0;2017-12-10T22:00:00.000Z;1;ST4000DM000;Z305DVNP;2697
2018-02-15T08:54:26.544Z;1;4000787030016.0;2017-12-23T22:00:00.000Z;1;ST4000DM000;Z304KBNL;1170
2018-02-15T08:44:22.764Z;1;12000138625024.0;2017-12-18T22:00:00.000Z;1;ST12000NM0007;ZCH067Y2;469
2018-02-15T08:22:59.588Z;1;4000787030016.0;2017-12-06T22:00:00.000Z;1;ST4000DM000;S30116HJ;935
2018-02-15T08:49:37.930Z;1;4000787030016.0;2017-12-21T22:00:00.000Z;1;ST4000DM001;W4J0L4TK;1363
2018-02-15T08:39:53.952Z;1;4000787030016.0;2017-12-15T22:00:00.000Z;1;ST4000DM000;S301GM06;148
2018-02-15T08:48:29.624Z;1;8001563222016.0;2017-12-20T22:00:00.000Z;1;ST8000DM002;ZA13Z8H4;2853
2018-02-15T08:50:52.299Z;1;4000787030016.0;2017-12-21T22:00:00.000Z;1;Hitachi HDS5C4040ALE630;PL1311LAG2B10H;208
2018-02-15T08:53:05.598Z;1;4000787030016.0;2017-12-23T22:00:00.000Z;1;ST4000DM000;Z3029A8B;643
2018-02-15T08:52:59.332Z;1;4000787030016.0;2017-12-22T22:00:00.000Z;1;ST4000DM000;Z30149KC;230
2018-02-15T08:53:01.529Z;1;500107862016.0;2017-12-22T22:00:00.000Z;1;TOSHIBA MQ01ABF050;66HLS2OAS;623
2018-02-15T08:38:39.849Z;1;4000787030016.0;2017-12-15T22:00:00.000Z;1;ST4000DM000;Z305H0S6;1329
2018-02-15T10:29:54.550Z;1;4000787030016.0;2017-12-25T22:00:00.000Z;1;ST4000DM000;Z3029GV9;47
2018-02-15T08:41:05.609Z;1;8001563222016.0;2017-12-16T22:00:00.000Z;1;ST8000DM002;ZA13R2P0;490
2018-02-15T08:40:59.879Z;1;8001563222016.0;2017-12-16T22:00:00.000Z;1;ST8000DM002;ZA13RJA4;21
2018-02-15T10:40:21.458Z;1;4000787030016.0;2017-12-30T22:00:00.000Z;1;ST4000DM000;Z300GZ1B;822
2018-02-15T10:34:34.496Z;1;4000787030016.0;2017-12-27T22:00:00.000Z;1;ST4000DM000;Z3023TWW;85
2018-02-15T10:36:36.430Z;1;4000787030016.0;2017-12-28T22:00:00.000Z;1;ST4000DM000;Z305BHVV;89
2018-02-15T10:34:27.399Z;1;4000787030016.0;2017-12-27T22:00:00.000Z;1;ST4000DM000;Z305BAG3;332
2018-01-10T12:54:11.452Z;1;4000787030016.0;2016-09-19T21:00:00.000Z;1;ST4000DM000;Z300JM1J;278
2018-01-10T12:56:19.382Z;1;4000787030016.0;2016-09-20T21:00:00.000Z;1;ST4000DM000;S300XCPL;1360
2018-01-10T12:55:41.391Z;1;4000787030016.0;2016-09-20T21:00:00.000Z;1;ST4000DM000;Z302AKTA;274
2018-01-10T12:51:46.778Z;1;8001563222016.0;2016-09-17T21:00:00.000Z;1;ST8000DM002;ZA125EQX;755
2018-01-10T13:03:54.045Z;1;4000787030016.0;2016-09-26T21:00:00.000Z;1;ST4000DM000;Z301475Y;303
2018-01-10T13:03:50.266Z;1;4000787030016.0;2016-09-26T21:00:00.000Z;1;ST4000DM000;W300J2V0;1613
2018-01-10T12:52:34.980Z;1;4000787030016.0;2016-09-18T21:00:00.000Z;1;HGST HMS5C4040BLE640;PL2331LAHDSEJJ;840
2018-01-10T12:51:32.189Z;1;4000787030016.0;2016-09-17T21:00:00.000Z;1;ST4000DM000;S30111L3;4114
2018-01-10T12:57:18.393Z;1;4000787030016.0;2016-09-21T21:00:00.000Z;1;ST4000DM000;Z3041LKP;364
2018-01-10T12:57:31.849Z;1;4000787030016.0;2016-09-21T21:00:00.000Z;1;ST4000DM000;Z300X74C;871
2018-01-10T13:05:28.079Z;1;4000787030016.0;2016-09-27T21:00:00.000Z;1;ST4000DM000;Z302A0XB;465
2018-01-12T06:42:09.784Z;1;4000787030016.0;2016-04-01T21:00:00.000Z;1;ST4000DM000;W300STTQ;360
2018-01-12T06:44:35.436Z;1;160041885696.0;2016-04-03T21:00:00.000Z;1;ST3160316AS;6VMX70TB;436
2018-01-12T06:45:23.328Z;1;5000981078016.0;2016-04-04T21:00:00.000Z;1;TOSHIBA MD04ABA500V;X4AHK052FMXB;322
2018-01-12T06:54:43.553Z;1;4000787030016.0;2016-04-11T21:00:00.000Z;1;ST4000DM000;Z30305D5;247
2018-01-10T13:01:16.494Z;1;4000787030016.0;2016-09-24T21:00:00.000Z;1;ST4000DM000;Z304HSG1;281
2018-01-12T06:41:49.276Z;1;4000787030016.0;2016-04-01T21:00:00.000Z;1;ST4000DM000;Z3015VNR;214
2018-01-12T07:02:15.725Z;1;160041885696.0;2016-04-17T21:00:00.000Z;1;ST3160318AS;9VY8TC9H;664
2018-01-12T07:02:22.803Z;1;2000398934016.0;2016-04-17T21:00:00.000Z;1;Hitachi HDS722020ALA330;JK11E1B9K0M03T;2776
2018-01-12T07:02:34.613Z;1;4000787030016.0;2016-04-17T21:00:00.000Z;1;ST4000DM000;W300J67N;2939
2018-01-12T07:09:13.297Z;1;4000787030016.0;2016-04-23T21:00:00.000Z;1;ST4000DM000;Z304KCS4;369
2018-01-12T07:14:21.320Z;1;4000787030016.0;2016-04-27T21:00:00.000Z;1;ST4000DM000;W300T2RC;187
2018-01-10T13:07:57.388Z;1;4000787030016.0;2016-09-28T21:00:00.000Z;1;ST4000DM000;Z300MX97;416
2018-01-12T06:41:03.385Z;1;4000787030016.0;2016-03-31T21:00:00.000Z;1;ST4000DM000;Z300GQAF;299
2018-01-12T06:43:53.142Z;1;4000787030016.0;2016-04-03T21:00:00.000Z;1;ST4000DM000;W300T1YZ;222
2018-01-12T07:09:38.417Z;1;3000592982016.0;2016-04-23T21:00:00.000Z;1;WDC WD30EFRX;WD-WCC4N5AHPH31;1035
2018-01-12T07:14:01.151Z;1;320072933376.0;2016-04-27T21:00:00.000Z;1;ST320LT007;W0Q6KWV8;555
2018-01-12T07:13:40.666Z;1;320072933376.0;2016-04-27T21:00:00.000Z;1;ST320LT007;W0Q7G3WK;331
2018-01-12T07:16:07.656Z;1;4000787030016.0;2016-04-29T21:00:00.000Z;1;ST4000DM000;Z300WRHN;619
2018-01-12T07:05:52.943Z;1;320072933376.0;2016-04-20T21:00:00.000Z;1;WDC WD3200BEKX;WD-WXA1AA382552;552
2018-01-12T07:06:48.050Z;1;3000592982016.0;2016-04-21T21:00:00.000Z;1;WDC WD30EFRX;WD-WMC4N2523398;573
2018-01-12T07:08:45.342Z;1;4000787030016.0;2016-04-22T21:00:00.000Z;1;ST4000DM000;Z3015L8T;410
2018-01-12T07:10:07.690Z;1;3000592982016.0;2016-04-24T21:00:00.000Z;1;WDC WD30EFRX;WD-WMC4N0727496;955
2018-01-12T07:12:00.317Z;1;4000787030016.0;2016-04-25T21:00:00.000Z;1;HGST HMS5C4040BLE640;PL1331LAHE0WLH;34
2018-01-12T07:12:48.437Z;1;80026361856.0;2016-04-26T21:00:00.000Z;1;WDC WD800BB;WD-WCAMD1671734;272
2018-01-12T07:21:33.052Z;1;80026361856.0;2016-05-03T21:00:00.000Z;1;WDC WD800AAJS;WD-WMAV3J877122;17
2018-01-12T07:22:23.214Z;1;2000398934016.0;2016-05-04T21:00:00.000Z;1;Hitachi HDS722020ALA330;JK11A8YBKYTDGF;840
2018-01-12T07:23:17.348Z;1;4000787030016.0;2016-05-05T21:00:00.000Z;1;ST4000DM000;Z3016MEN;106
2018-01-12T07:22:46.782Z;1;4000787030016.0;2016-05-05T21:00:00.000Z;1;ST4000DM000;S300Z511;314
2018-01-12T07:22:56.582Z;1;4000787030016.0;2016-05-05T21:00:00.000Z;1;ST4000DM000;Z302A05T;1696
2018-01-12T06:47:42.741Z;1;1000204886016.0;2016-04-06T21:00:00.000Z;1;WDC WD10EADS;WD-WCAU45664522;1653
2018-01-12T06:56:04.250Z;1;3000592982016.0;2016-04-12T21:00:00.000Z;1;Hitachi HDS5C3030ALA630;MJ1321YNG0JKMA;732
2018-01-12T06:49:49.936Z;1;4000787030016.0;2016-04-08T21:00:00.000Z;1;ST4000DM000;W300J6FX;956
2018-01-12T06:53:00.225Z;1;4000787030016.0;2016-04-10T21:00:00.000Z;1;ST4000DM000;Z30111VL;334
2018-01-12T06:57:16.400Z;1;3000592982016.0;2016-04-13T21:00:00.000Z;1;Hitachi HDS5C3030ALA630;MJ1321YNG09HRA;177
2018-01-12T06:53:18.100Z;1;4000787030016.0;2016-04-10T21:00:00.000Z;1;ST4000DM000;S30117GS;980
2018-01-12T06:53:26.179Z;1;4000787030016.0;2016-04-10T21:00:00.000Z;1;ST4000DM000;Z300W8D9;773
2018-01-12T07:27:24.228Z;1;4000787030016.0;2016-05-08T21:00:00.000Z;1;ST4000DM000;Z3051TPF;604
2018-01-12T07:31:29.383Z;1;4000787030016.0;2016-05-11T21:00:00.000Z;1;ST4000DM000;Z3041X85;55
2018-01-12T07:25:39.672Z;1;4000787030016.0;2016-05-07T21:00:00.000Z;1;ST4000DM000;Z304KCXV;616
2018-01-12T07:26:49.897Z;1;80026361856.0;2016-05-08T21:00:00.000Z;1;WDC WD800AAJS;WD-WMAV3J935982;1361
2018-01-12T07:29:10.640Z;1;2000398934016.0;2016-05-09T21:00:00.000Z;1;Hitachi HDS722020ALA330;JK1170YAJDANDT;1104
2018-01-12T07:30:09.006Z;1;3000592982016.0;2016-05-10T21:00:00.000Z;1;Hitachi HDS723030ALA640;MK0311YHGKG34A;197
2018-01-12T07:36:28.588Z;1;4000787030016.0;2016-05-14T21:00:00.000Z;1;HGST HMS5C4040BLE640;PL2331LAH3J0AJ;1609
2018-01-12T07:37:56.146Z;1;4000787030016.0;2016-05-15T21:00:00.000Z;1;ST4000DM000;Z300516B;322
2018-01-12T07:37:39.838Z;1;4000787030016.0;2016-05-15T21:00:00.000Z;1;ST4000DM000;S30117XB;66
2018-01-10T08:36:16.314Z;1;8001563222016.0;2016-12-16T22:00:00.000Z;1;ST8000DM002;ZA1438T1;342
2018-01-10T08:40:35.032Z;1;4000787030016.0;2016-12-19T22:00:00.000Z;1;ST4000DM000;Z300GQHX;331
2018-01-10T08:41:22.216Z;1;3000592982016.0;2016-12-20T22:00:00.000Z;1;Hitachi HDS5C3030ALA630;MJ1311YNG333AA;203
2018-01-10T08:04:56.111Z;1;4000787030016.0;2016-11-25T22:00:00.000Z;1;ST4000DM000;Z300ZV78;247
2018-01-10T08:21:06.904Z;1;4000787030016.0;2016-12-05T22:00:00.000Z;1;ST4000DM000;Z300XFTQ;46
2018-01-10T08:21:03.625Z;1;4000787030016.0;2016-12-05T22:00:00.000Z;1;ST4000DM000;Z300WCSB;1083
2018-01-10T08:21:04.988Z;1;4000787030016.0;2016-12-05T22:00:00.000Z;1;ST4000DM000;W3002Q74;1052
2018-01-10T08:35:47.417Z;1;4000787030016.0;2016-12-16T22:00:00.000Z;1;ST4000DM000;Z305K24D;506
2018-01-10T08:35:31.886Z;1;4000787030016.0;2016-12-16T22:00:00.000Z;1;ST4000DM000;Z3025226;467
2018-01-10T08:39:10.976Z;1;4000787030016.0;2016-12-18T22:00:00.000Z;1;ST4000DM000;W3009Q81;738
2018-01-10T08:40:08.515Z;1;500107862016.0;2016-12-19T22:00:00.000Z;1;ST500LM012 HN;S2ZYJ9AFA09520;298
2018-01-10T08:03:43.669Z;1;4000787030016.0;2016-11-24T22:00:00.000Z;1;ST4000DM000;Z300GQ3X;6
2018-01-10T08:09:58.590Z;1;4000787030016.0;2016-11-28T22:00:00.000Z;1;ST4000DM000;Z304HT90;689
2018-01-10T08:17:47.967Z;1;8001563222016.0;2016-12-03T22:00:00.000Z;1;ST8000DM002;ZA10QM2X;215
2018-01-10T08:31:16.121Z;1;4000787030016.0;2016-12-12T22:00:00.000Z;1;ST4000DM000;Z300GYSH;97
2018-01-10T08:24:05.353Z;1;4000787030016.0;2016-12-07T22:00:00.000Z;1;ST4000DM000;Z300MXWT;732
2018-01-10T08:32:05.569Z;1;4000787030016.0;2016-12-13T22:00:00.000Z;1;ST4000DM000;Z300GPJ0;421
2018-01-10T08:30:46.648Z;1;4000787030016.0;2016-12-11T22:00:00.000Z;1;ST4000DM000;W300CA74;1277
2018-01-10T08:43:31.570Z;1;4000787030016.0;2016-12-21T22:00:00.000Z;1;ST4000DM000;W300J813;855
2018-01-10T08:48:50.900Z;1;4000787030016.0;2016-12-25T22:00:00.000Z;1;ST4000DM000;Z304KBY0;168
2018-01-10T08:47:15.175Z;1;8001563222016.0;2016-12-23T22:00:00.000Z;1;ST8000DM002;ZA12B3RT;388
2018-01-10T08:55:29.178Z;1;4000787030016.0;2016-12-29T22:00:00.000Z;1;ST4000DM000;Z3014A8C;117
2018-01-10T08:55:38.140Z;1;4000787030016.0;2016-12-29T22:00:00.000Z;1;ST4000DX000;Z1Z03G2H;1279
2018-01-10T08:56:00.854Z;1;4000787030016.0;2016-12-29T22:00:00.000Z;1;ST4000DM000;Z300ZV0C;1073
2018-01-10T08:56:09.188Z;1;4000787030016.0;2016-12-29T22:00:00.000Z;1;ST4000DM000;W300D55C;520
2018-01-10T08:09:49.511Z;1;4000787030016.0;2016-11-28T22:00:00.000Z;1;ST4000DM000;S300Z4S8;90
2018-01-10T08:18:57.953Z;1;3000592982016.0;2016-12-04T22:00:00.000Z;1;Hitachi HDS5C3030ALA630;MJ1323YNG1R90C;1068
2018-01-10T08:08:20.288Z;1;4000787030016.0;2016-11-27T22:00:00.000Z;1;HGST HMS5C4040BLE640;PL2331LAGN2KJJ;297
2018-01-10T08:11:11.424Z;1;4000787030016.0;2016-11-29T22:00:00.000Z;1;ST4000DM000;S300Z3VW;2256
2018-01-10T08:16:20.033Z;1;4000787030016.0;2016-12-02T22:00:00.000Z;1;ST4000DM000;Z304JWLH;81
2018-01-10T08:20:42.725Z;1;4000787030016.0;2016-12-05T22:00:00.000Z;1;ST4000DM000;Z300CR9R;344
2018-01-10T08:14:27.394Z;1;4000787030016.0;2016-12-01T22:00:00.000Z;1;ST4000DM000;Z300XF70;601
2018-01-10T08:22:15.640Z;1;4000787030016.0;2016-12-06T22:00:00.000Z;1;ST4000DM000;Z300GYQE;1106
2018-01-10T10:49:28.376Z;1;4000787030016.0;2016-06-30T21:00:00.000Z;1;ST4000DM000;Z3016ZW1;1610
2018-01-10T10:49:26.165Z;1;4000787030016.0;2016-06-30T21:00:00.000Z;1;ST4000DM000;Z3029ZHR;32
2018-01-10T10:55:05.940Z;1;500107862016.0;2016-07-03T21:00:00.000Z;1;WDC WD5000LPVX;WD-WX41A14U5170;115
2018-01-10T10:55:00.826Z;1;4000787030016.0;2016-07-03T21:00:00.000Z;1;ST4000DM000;Z3052R5S;2204
2018-01-10T10:54:57.366Z;1;4000787030016.0;2016-07-03T21:00:00.000Z;1;ST4000DM000;Z305P0CK;155
2018-01-10T10:49:10.254Z;1;4000787030016.0;2016-06-30T21:00:00.000Z;1;HGST HMS5C4040ALE640;PL2331LAGSTGLJ;754
2018-01-10T08:57:31.514Z;1;4000787030016.0;2016-12-30T22:00:00.000Z;1;ST4000DM000;Z305D4X6;114
2018-01-10T10:55:42.304Z;1;4000787030016.0;2016-07-04T21:00:00.000Z;1;ST4000DM000;Z300GQD0;173
2018-01-10T10:59:43.577Z;1;4000787030016.0;2016-07-06T21:00:00.000Z;1;ST4000DM000;Z3040EGE;1188
2018-01-10T10:59:36.507Z;1;4000787030016.0;2016-07-06T21:00:00.000Z;1;ST4000DM000;S300YPY2;385
2018-01-10T10:59:31.776Z;1;4000787030016.0;2016-07-06T21:00:00.000Z;1;ST4000DM000;Z303XZ11;432
2018-01-10T11:03:10.352Z;1;4000787030016.0;2016-07-08T21:00:00.000Z;1;ST4000DM000;W3006DL6;147
2018-01-10T11:03:58.453Z;1;4000787030016.0;2016-07-09T21:00:00.000Z;1;ST4000DM000;Z304JR9J;386
2018-01-10T11:08:49.445Z;1;4000787030016.0;2016-07-12T21:00:00.000Z;1;HGST HMS5C4040BLE640;PL1331LAHBZBDH;97
2018-01-10T11:01:21.071Z;1;3000592982016.0;2016-07-07T21:00:00.000Z;1;Hitachi HDS5C3030ALA630;MJ0351YNGAA0RA;25
2018-01-10T11:05:38.922Z;1;4000787030016.0;2016-07-10T21:00:00.000Z;1;ST4000DM000;Z305FJ6J;1160
2018-01-10T11:10:01.295Z;1;4000787030016.0;2016-07-12T21:00:00.000Z;1;HGST HMS5C4040BLE640;PL1331LAHD09NH;833
2018-01-10T11:11:05.536Z;1;4000787030016.0;2016-07-13T21:00:00.000Z;1;ST4000DM000;Z300XCR8;734
2018-01-10T11:11:03.198Z;1;4000787030016.0;2016-07-13T21:00:00.000Z;1;ST4000DM000;Z304JFD7;175
2018-01-10T11:13:11.704Z;1;4000787030016.0;2016-07-14T21:00:00.000Z;1;ST4000DM000;Z302A19M;31
2017-12-30T00:29:05.668Z;1;4000787030016.0;2017-09-26T21:00:00.000Z;1;ST4000DM000;Z30111FQ;468
2017-12-30T00:32:52.791Z;1;4000787030016.0;2017-09-28T21:00:00.000Z;1;ST4000DM000;Z300WWRQ;21
2017-12-30T00:23:09.269Z;1;4000787030016.0;2017-09-23T21:00:00.000Z;1;ST4000DM000;Z300GYSN;101
2017-12-30T00:24:15.194Z;1;8001563222016.0;2017-09-24T21:00:00.000Z;1;ST8000DM002;ZA11WJ5T;326
2017-12-30T00:27:21.685Z;1;4000787030016.0;2017-09-25T21:00:00.000Z;1;ST4000DM000;Z30229T7;1348
2018-01-01T09:59:00.151Z;1;4000787030016.0;2017-04-29T21:00:00.000Z;1;ST4000DM000;S301NMGZ;1073
2018-01-01T09:58:08.115Z;1;8001563222016.0;2017-04-28T21:00:00.000Z;1;ST8000NM0055;ZA14E9BT;191
2018-01-01T09:58:11.020Z;1;4000787030016.0;2017-04-29T21:00:00.000Z;1;ST4000DM000;Z300VNDG;99
2018-01-01T10:11:16.079Z;1;3000592982016.0;2017-05-07T21:00:00.000Z;1;Hitachi HDS5C3030ALA630;MJ0351YNG9URYA;472
2018-01-01T10:12:00.597Z;1;4000787030016.0;2017-05-08T21:00:00.000Z;1;ST4000DM000;Z302AL3Y;438
2018-01-01T10:13:12.830Z;1;8001563222016.0;2017-05-09T21:00:00.000Z;1;ST8000DM002;ZA13R2J9;1115
2018-01-01T10:13:14.027Z;1;4000787030016.0;2017-05-09T21:00:00.000Z;1;ST4000DM000;Z304KCVV;279
2018-01-01T10:13:28.946Z;1;4000787030016.0;2017-05-09T21:00:00.000Z;1;ST4000DM000;S300VLLF;287
2018-01-01T10:15:20.081Z;1;4000787030016.0;2017-05-10T21:00:00.000Z;1;ST4000DM000;Z300XB8A;128
2018-01-01T10:23:37.121Z;1;4000787030016.0;2017-05-15T21:00:00.000Z;1;ST4000DM000;Z304L9L5;56
2018-01-01T10:27:55.110Z;1;4000787030016.0;2017-05-18T21:00:00.000Z;1;ST4000DM000;W3008PM0;322
2018-01-01T09:46:15.073Z;1;4000787030016.0;2017-04-21T21:00:00.000Z;1;ST4000DM000;Z300GZ45;1109
2018-01-01T09:49:27.015Z;1;4000787030016.0;2017-04-23T21:00:00.000Z;1;ST4000DM000;Z305GWKK;2679
2018-01-01T09:55:04.618Z;1;4000787030016.0;2017-04-27T21:00:00.000Z;1;ST4000DM000;W300H3PP;395
2018-01-01T09:48:57.462Z;1;4000787030016.0;2017-04-22T21:00:00.000Z;1;ST4000DM000;Z304HSCP;881
2018-01-01T09:50:41.147Z;1;4000787030016.0;2017-04-24T21:00:00.000Z;1;ST4000DM000;Z304L9MQ;1323
2018-01-01T09:50:22.689Z;1;4000787030016.0;2017-04-24T21:00:00.000Z;1;ST4000DM000;W3004ZJB;1255
2018-01-01T10:09:05.540Z;1;4000787030016.0;2017-05-06T21:00:00.000Z;1;ST4000DM000;S301NXLV;2098
2018-01-01T10:09:40.380Z;1;4000787030016.0;2017-05-06T21:00:00.000Z;1;ST4000DM000;W300HZJW;288
2018-01-01T09:59:36.964Z;1;4000787030016.0;2017-04-30T21:00:00.000Z;1;ST4000DM000;Z300X6YX;575
2018-01-01T10:05:06.872Z;1;8001563222016.0;2017-05-03T21:00:00.000Z;1;ST8000NM0055;ZA16DTAB;530
2018-01-01T10:29:11.851Z;1;4000787030016.0;2017-05-19T21:00:00.000Z;1;ST4000DM000;Z304JD0P;550
2018-01-01T10:29:43.946Z;1;4000787030016.0;2017-05-19T21:00:00.000Z;1;ST4000DM000;Z303XYFJ;37
2018-01-01T10:29:47.587Z;1;4000787030016.0;2017-05-19T21:00:00.000Z;1;ST4000DM000;Z3014BSB;682
2018-01-01T10:31:22.866Z;1;4000787030016.0;2017-05-20T21:00:00.000Z;1;HGST HMS5C4040ALE640;PL1331LAHGVAUH;800
2018-01-01T10:33:24.126Z;1;4000787030016.0;2017-05-22T21:00:00.000Z;1;ST4000DM000;Z300W8Q6;464
2018-01-01T10:33:56.048Z;1;8001563222016.0;2017-05-22T21:00:00.000Z;1;ST8000NM0055;ZA16DXPN;246
2018-01-01T10:34:30.664Z;1;500107862016.0;2017-05-22T21:00:00.000Z;1;ST3500320AS;9QM04GKZ;533
2018-01-01T10:34:43.848Z;1;4000787030016.0;2017-05-23T21:00:00.000Z;1;ST4000DM000;Z30587BP;6
2017-12-29T21:57:40.745Z;1;4000787030016.0;2017-07-04T21:00:00.000Z;1;ST4000DM000;W300BD3F;355
2017-12-29T21:58:47.246Z;1;4000787030016.0;2017-07-04T21:00:00.000Z;1;ST4000DM000;Z300GPKJ;732
2017-12-29T22:02:16.031Z;1;6001175126016.0;2017-07-06T21:00:00.000Z;1;ST6000DX000;Z4D08B8E;487
2017-12-29T22:02:16.073Z;1;4000787030016.0;2017-07-06T21:00:00.000Z;1;ST4000DM000;Z300YMVC;1127
2017-12-29T22:03:13.177Z;1;8001563222016.0;2017-07-07T21:00:00.000Z;1;ST8000NM0055;ZA12WZRL;1816
2017-12-29T22:03:57.173Z;1;4000787030016.0;2017-07-07T21:00:00.000Z;1;ST4000DM000;Z3025WAT;109
2017-12-29T22:04:03.929Z;1;4000787030016.0;2017-07-07T21:00:00.000Z;1;ST4000DM000;Z300W9HZ;777
2017-12-29T22:08:38.891Z;1;4000787030016.0;2017-07-09T21:00:00.000Z;1;ST4000DM000;Z3029F1F;376
2017-12-29T22:11:59.302Z;1;4000787030016.0;2017-07-11T21:00:00.000Z;1;HGST HMS5C4040ALE640;PL1331LAGRUZWH;446
2017-12-29T22:13:24.930Z;1;4000787030016.0;2017-07-12T21:00:00.000Z;1;ST4000DM000;Z302FZB7;1555
2017-12-29T22:13:24.930Z;1;4000787030016.0;2017-07-12T21:00:00.000Z;1;HGST HMS5C4040BLE640;PL2331LAHDUPMJ;170
2017-12-29T22:14:48.810Z;1;4000787030016.0;2017-07-13T21:00:00.000Z;1;ST4000DM000;Z303V7ED;1619
2017-12-29T22:18:35.976Z;1;4000787030016.0;2017-07-15T21:00:00.000Z;1;ST4000DM000;Z300XCC4;75
2017-12-29T22:16:00.094Z;1;4000787030016.0;2017-07-13T21:00:00.000Z;1;ST4000DM000;Z300ZS11;886
2017-12-29T22:24:33.755Z;1;4000787030016.0;2017-07-18T21:00:00.000Z;1;ST4000DM000;S300WFAD;1341
2017-12-29T22:25:39.874Z;1;4000787030016.0;2017-07-18T21:00:00.000Z;1;ST4000DM000;Z304L8M2;369
2017-12-29T22:28:15.041Z;1;4000787030016.0;2017-07-20T21:00:00.000Z;1;ST4000DM000;Z305F0YJ;643
2017-12-29T22:28:42.039Z;1;4000787030016.0;2017-07-20T21:00:00.000Z;1;ST4000DM000;Z304HV0F;341
2017-12-29T22:30:01.578Z;1;4000787030016.0;2017-07-21T21:00:00.000Z;1;HGST HDS5C4040ALE630;PL1331LAGYH4SH;37
2017-12-29T22:31:27.405Z;1;4000787030016.0;2017-07-22T21:00:00.000Z;1;ST4000DM000;Z300YLS4;2009
2017-12-29T22:31:38.359Z;1;8001563222016.0;2017-07-22T21:00:00.000Z;1;ST8000DM002;ZA10Z415;134
2017-12-29T22:33:39.864Z;1;500107862016.0;2017-07-23T21:00:00.000Z;1;TOSHIBA MQ01ABF050;96ICTBQKT;1375
2017-12-29T22:33:50.243Z;1;4000787030016.0;2017-07-24T21:00:00.000Z;1;ST4000DM000;Z3011WMQ;23
2017-12-29T22:35:07.703Z;1;4000787030016.0;2017-07-24T21:00:00.000Z;1;ST4000DM000;Z3015Y4D;406
2017-12-29T22:36:00.355Z;1;4000787030016.0;2017-07-25T21:00:00.000Z;1;ST4000DM000;Z304G0J2;1410
2017-12-29T22:37:54.186Z;1;4000787030016.0;2017-07-26T21:00:00.000Z;1;ST4000DX000;Z1Z06G4T;769
2017-12-29T22:40:33.655Z;1;4000787030016.0;2017-07-28T21:00:00.000Z;1;ST4000DM000;Z3026Q8Y;69
2017-12-29T22:43:12.086Z;1;4000787030016.0;2017-07-29T21:00:00.000Z;1;ST4000DM000;Z300H1ZR;2122
2017-12-29T22:44:07.768Z;1;4000787030016.0;2017-07-30T21:00:00.000Z;1;ST4000DM000;Z300GPLD;208
2017-12-29T22:46:22.030Z;1;4000787030016.0;2017-07-31T21:00:00.000Z;1;ST4000DM000;Z304RKFV;799
2017-12-29T22:47:24.860Z;1;8001563222016.0;2017-08-01T21:00:00.000Z;1;ST8000DM002;ZA1438QC;434
2017-12-29T22:51:49.241Z;1;4000787030016.0;2017-08-04T21:00:00.000Z;1;HGST HMS5C4040ALE640;PL1331LAGSWB7H;249
2017-12-29T22:52:41.605Z;1;4000787030016.0;2017-08-04T21:00:00.000Z;1;ST4000DM000;Z3015KEX;890
2017-12-29T22:57:44.700Z;1;4000787030016.0;2017-08-07T21:00:00.000Z;1;ST4000DM001;W4J11EGX;901
2018-01-12T08:35:19.976Z;1;4000787030016.0;2016-06-29T21:00:00.000Z;1;ST4000DM000;Z304HZSG;684
2018-01-12T08:45:47.254Z;1;4000787030016.0;2015-12-31T22:00:00.000Z;1;ST4000DM000;Z300KHN0;983
2018-01-12T08:45:56.234Z;1;4000787030016.0;2015-12-31T22:00:00.000Z;1;ST4000DM000;Z3015V4D;321
2018-01-12T08:46:40.161Z;1;4000787030016.0;2016-01-01T22:00:00.000Z;1;Hitachi HDS5C4040ALE630;PL1301LAG3594H;435
2018-01-12T08:47:30.299Z;1;4000787030016.0;2016-01-01T22:00:00.000Z;1;ST4000DM000;Z300WF3E;48
2018-01-12T08:47:42.086Z;1;2000398934016.0;2016-01-02T22:00:00.000Z;1;WDC WD20EFRX;WD-WCC4M3TTXF1Y;230
2018-01-12T08:49:58.616Z;1;6001175126016.0;2016-01-04T22:00:00.000Z;1;WDC WD60EFRX;WD-WX11D84JN1EP;1441
2018-01-12T07:50:53.899Z;1;4000787030016.0;2016-05-26T21:00:00.000Z;1;ST4000DM000;Z300GQ8B;2466
2018-01-12T07:44:35.092Z;1;4000787030016.0;2016-05-21T21:00:00.000Z;1;ST4000DM000;Z302A13B;299
2018-01-12T07:52:45.462Z;1;4000787030016.0;2016-05-27T21:00:00.000Z;1;ST4000DM000;Z300ZT3D;2438
2018-01-12T07:54:27.994Z;1;3000592982016.0;2016-05-29T21:00:00.000Z;1;WDC WD30EFRX;WD-WMC1T3320211;985
2018-01-12T07:54:22.537Z;1;4000787030016.0;2016-05-29T21:00:00.000Z;1;ST4000DM000;Z3025982;46
2018-01-12T07:47:42.236Z;1;250059350016.0;2016-05-23T21:00:00.000Z;1;ST250LM004 HN;S2T0J9ECB02281;1080
2018-01-12T07:49:48.434Z;1;250059350016.0;2016-05-25T21:00:00.000Z;1;ST9250315AS;S2X6CPF9;46
2018-01-12T07:40:05.735Z;1;4000787030016.0;2016-05-18T21:00:00.000Z;1;ST4000DM000;Z303AXMJ;276
2018-01-12T07:45:16.938Z;1;4000787030016.0;2016-05-22T21:00:00.000Z;1;ST4000DM000;W30065AV;548
2018-01-12T07:49:43.584Z;1;4000787030016.0;2016-05-25T21:00:00.000Z;1;ST4000DM000;Z303R12W;22
2018-01-12T07:51:48.854Z;1;4000787030016.0;2016-05-27T21:00:00.000Z;1;ST4000DM000;Z3025ZSY;669
2018-01-12T08:13:22.324Z;1;4000787030016.0;2016-06-12T21:00:00.000Z;1;ST4000DM000;W3006DA1;118
2018-01-12T08:11:34.823Z;1;4000787030016.0;2016-06-11T21:00:00.000Z;1;ST4000DX000;Z1Z03CX9;500
2018-01-12T07:57:12.751Z;1;6001175126016.0;2016-05-31T21:00:00.000Z;1;ST6000DX000;Z4D084N8;1377
2018-01-12T07:59:36.019Z;1;4000787030016.0;2016-06-02T21:00:00.000Z;1;ST4000DM000;Z300TXBY;11
2018-01-12T08:03:49.070Z;1;4000787030016.0;2016-06-05T21:00:00.000Z;1;ST4000DM000;Z3022ZW4;653
2018-01-12T08:56:41.768Z;1;4000787030016.0;2016-01-09T22:00:00.000Z;1;ST4000DM000;Z300P99L;1232
2018-01-12T08:58:39.515Z;1;4000787030016.0;2016-01-11T22:00:00.000Z;1;ST4000DM000;Z302FZTY;26
2018-01-12T08:59:15.111Z;1;4000787030016.0;2016-01-12T22:00:00.000Z;1;ST4000DM000;Z3029FG7;220
2018-01-12T08:59:32.171Z;1;4000787030016.0;2016-01-12T22:00:00.000Z;1;ST4000DM000;Z302AKVJ;233
2018-01-12T08:59:39.428Z;1;4000787030016.0;2016-01-12T22:00:00.000Z;1;ST4000DM000;Z300GPH9;413
2018-01-12T08:59:50.715Z;1;4000787030016.0;2016-01-12T22:00:00.000Z;1;ST4000DM000;Z300PMK8;6
2018-01-12T09:03:14.300Z;1;3000592982016.0;2016-01-16T22:00:00.000Z;1;WDC WD30EFRX;WD-WMC4N1316862;982
2018-01-12T09:03:22.313Z;1;4000787030016.0;2016-01-16T22:00:00.000Z;1;ST4000DM000;Z302511Z;801
2018-01-12T09:05:43.264Z;1;4000787030016.0;2016-01-18T22:00:00.000Z;1;ST4000DM000;Z3040DVP;56
2018-01-12T08:18:04.102Z;1;4000787030016.0;2016-06-16T21:00:00.000Z;1;ST4000DM000;Z300CWXA;445
2018-01-12T08:20:30.800Z;1;4000787030016.0;2016-06-18T21:00:00.000Z;1;ST4000DM000;Z3029ADB;2401
2018-01-12T09:06:19.300Z;1;4000787030016.0;2016-01-19T22:00:00.000Z;1;ST4000DM000;Z302AKS1;740
2018-01-12T09:10:20.186Z;1;4000787030016.0;2016-01-23T22:00:00.000Z;1;ST4000DM000;Z3010AN4;477
2018-01-12T09:11:14.388Z;1;4000787030016.0;2016-01-23T22:00:00.000Z;1;ST4000DM000;Z301789D;296
2018-01-01T12:39:24.922Z;1;4000787030016.0;2017-02-15T22:00:00.000Z;1;ST4000DM000;Z300HKS9;629
2018-01-01T12:45:33.438Z;1;4000787030016.0;2017-02-20T22:00:00.000Z;1;ST4000DM000;W300K1PL;51
2018-01-01T12:45:52.605Z;1;4000787030016.0;2017-02-20T22:00:00.000Z;1;HGST HMS5C4040BLE640;PL2331LAH693LJ;1557
2018-01-01T12:53:56.991Z;1;6001175126016.0;2017-02-25T22:00:00.000Z;1;WDC WD60EFRX;WD-WX11DA4DJ0XN;37
2018-01-01T12:56:19.097Z;1;4000787030016.0;2017-02-27T22:00:00.000Z;1;ST4000DM000;W300R8MD;1999
2018-01-01T12:54:18.781Z;1;4000787030016.0;2017-02-26T22:00:00.000Z;1;ST4000DM000;W300J6K7;99
2018-01-01T12:57:07.611Z;1;4000787030016.0;2017-02-28T22:00:00.000Z;1;ST4000DM000;Z300MWWE;88
2018-01-01T12:57:41.330Z;1;500107862016.0;2017-02-28T22:00:00.000Z;1;WDC WD5000LPVX;WD-WX71A14S0199;271
2018-01-01T12:58:13.067Z;1;4000787030016.0;2017-02-28T22:00:00.000Z;1;ST4000DM000;Z3051FWK;14
2018-01-01T12:58:16.049Z;1;4000787030016.0;2017-02-28T22:00:00.000Z;1;ST4000DM000;S30114KR;291
2018-01-01T12:59:38.480Z;1;4000787030016.0;2017-03-01T22:00:00.000Z;1;ST4000DM000;W300B6N3;64
2018-01-01T12:52:31.870Z;1;4000787030016.0;2017-02-24T22:00:00.000Z;1;ST4000DM000;Z3025LKW;278
2018-01-01T12:47:43.071Z;1;4000787030016.0;2017-02-21T22:00:00.000Z;1;ST4000DM000;Z3015LFQ;536
2018-01-01T12:45:08.367Z;1;4000787030016.0;2017-02-19T22:00:00.000Z;1;HGST HMS5C4040BLE640;PL2331LAHBAUXJ;2773
2018-01-01T12:44:47.144Z;1;4000787030016.0;2017-02-19T22:00:00.000Z;1;HGST HMS5C4040BLE640;PL1331LAHD10SH;2059
2018-01-01T12:44:43.827Z;1;4000787030016.0;2017-02-19T22:00:00.000Z;1;ST4000DX000;Z1Z04SMV;468
2018-01-01T12:44:41.479Z;1;4000787030016.0;2017-02-19T22:00:00.000Z;1;ST4000DM000;W300J9M7;133
2018-01-01T12:34:21.099Z;1;4000787030016.0;2017-02-12T22:00:00.000Z;1;ST4000DM000;Z3014LEM;402
2018-01-01T12:40:35.681Z;1;4000787030016.0;2017-02-16T22:00:00.000Z;1;ST4000DM000;Z300E45J;776
2018-01-01T12:41:58.270Z;1;4000787030016.0;2017-02-17T22:00:00.000Z;1;ST4000DX000;Z1Z044ET;176
2018-01-01T12:09:48.236Z;1;8001563222016.0;2017-01-21T22:00:00.000Z;1;ST8000DM002;ZA10Z3ZX;917
2018-01-01T12:15:44.119Z;1;8001563222016.0;2017-01-26T22:00:00.000Z;1;ST8000DM002;ZA12QFJ5;101
2018-01-01T12:17:18.504Z;1;4000787030016.0;2017-01-31T22:00:00.000Z;1;ST4000DM000;Z30252G1;1
2018-01-01T12:20:39.498Z;1;4000787030016.0;2017-02-02T22:00:00.000Z;1;ST4000DM000;Z302511W;639
2018-01-01T12:12:45.495Z;1;4000787030016.0;2017-01-24T22:00:00.000Z;1;ST4000DM000;Z302DK2R;512
2018-01-01T12:13:01.498Z;1;8001563222016.0;2017-01-24T22:00:00.000Z;1;ST8000DM002;ZA13YPSN;761
2018-01-01T12:16:15.345Z;1;4000787030016.0;2017-01-26T22:00:00.000Z;1;ST4000DM000;Z3025MAL;1581
2018-01-01T12:16:33.183Z;1;4000787030016.0;2017-01-26T22:00:00.000Z;1;HGST HMS5C4040ALE640;PL2331LAGSS52J;1034
2018-01-01T13:02:37.917Z;1;4000787030016.0;2017-03-03T22:00:00.000Z;1;HGST HMS5C4040BLE640;PL1331LAHBY0XH;352
2018-01-01T13:10:27.540Z;1;4000787030016.0;2017-03-09T22:00:00.000Z;1;ST4000DM000;Z304X4EA;12
2018-01-01T13:12:17.331Z;1;3000592982016.0;2017-03-10T22:00:00.000Z;1;Hitachi HDS5C3030ALA630;MJ1311YNG3E8MA;116
2018-01-12T08:01:24.829Z;1;2000398934016.0;2016-06-03T21:00:00.000Z;1;Hitachi HDS722020ALA330;JK1131YAJHRBBV;552
2018-01-12T08:01:21.550Z;1;320072933376.0;2016-06-03T21:00:00.000Z;1;ST320LT007;W0Q6JG3W;933
2018-01-12T08:04:35.835Z;1;4000787030016.0;2016-06-06T21:00:00.000Z;1;ST4000DM000;Z300PBDT;896
2018-01-12T07:49:06.158Z;1;2000398934016.0;2016-05-25T21:00:00.000Z;1;Hitachi HDS722020ALA330;JK1171YBK1M69F;142
2018-01-12T07:56:06.131Z;1;250059350016.0;2016-05-30T21:00:00.000Z;1;ST250LT007;W0Q4QW9E;199
2018-01-12T07:55:31.697Z;1;80026361856.0;2016-05-30T21:00:00.000Z;1;WDC WD800AAJB;WD-WCAV36480881;153
2018-01-12T07:57:43.585Z;1;320072933376.0;2016-05-31T21:00:00.000Z;1;ST320LT007;W0Q6JTVP;661
2018-01-12T07:59:03.216Z;1;320072933376.0;2016-06-01T21:00:00.000Z;1;ST320LT007;W0Q6JYXK;101
2018-01-12T08:01:44.921Z;1;160041885696.0;2016-06-03T21:00:00.000Z;1;WDC WD1600AAJS;WD-WMAYV3001446;577
2018-01-12T08:03:21.539Z;1;4000787030016.0;2016-06-05T21:00:00.000Z;1;ST4000DM000;W300TSH3;7
2018-01-12T08:03:29.695Z;1;4000787030016.0;2016-06-05T21:00:00.000Z;1;ST4000DM000;Z300GPYF;51
2018-01-12T08:02:47.075Z;1;2000398934016.0;2016-06-04T21:00:00.000Z;1;Hitachi HDS722020ALA330;JK11A8B9J7NRRF;334
2018-01-12T08:28:47.376Z;1;4000787030016.0;2016-06-24T21:00:00.000Z;1;ST4000DM000;Z3015XVD;1494
2018-01-12T11:46:55.766Z;1;4000787030016.0;2016-02-09T22:00:00.000Z;1;ST4000DM000;Z302BMWF;628
2018-01-12T11:48:32.961Z;1;3000592982016.0;2016-02-10T22:00:00.000Z;1;Hitachi HDS5C3030ALA630;MJ0351YNG9Z6UA;251
2018-01-12T11:54:50.607Z;1;3000592982016.0;2016-02-15T22:00:00.000Z;1;WDC WD30EFRX;WD-WMC4N1100041;1155
2018-01-12T11:39:56.372Z;1;3000592982016.0;2016-02-03T22:00:00.000Z;1;WDC WD30EFRX;WD-WMC4N2527183;129
2018-01-12T11:41:35.049Z;1;4000787030016.0;2016-02-04T22:00:00.000Z;1;ST4000DM000;Z302SQJG;23
2018-01-12T11:48:40.668Z;1;4000787030016.0;2016-02-10T22:00:00.000Z;1;ST4000DM000;Z304HTAV;447
2018-01-12T11:49:19.599Z;1;4000787030016.0;2016-02-10T22:00:00.000Z;1;ST4000DM000;Z3029FNJ;2771
2018-01-12T11:39:10.269Z;1;4000787030016.0;2016-02-02T22:00:00.000Z;1;ST4000DM000;Z3025LA7;617
2018-01-12T09:15:08.074Z;1;4000787030016.0;2016-01-27T22:00:00.000Z;1;ST4000DM000;Z30149P3;430
2018-01-12T09:12:35.900Z;1;4000787030016.0;2016-01-25T22:00:00.000Z;1;HGST HMS5C4040ALE640;PL1331LAGTR87H;480
2018-01-12T11:36:44.061Z;1;4000787030016.0;2016-01-31T22:00:00.000Z;1;ST4000DM000;Z300PCBK;377
2018-01-12T12:02:32.211Z;1;4000787030016.0;2016-02-22T22:00:00.000Z;1;ST4000DM000;Z300MJYF;320
2018-01-12T12:02:22.495Z;1;4000787030016.0;2016-02-22T22:00:00.000Z;1;ST4000DM000;Z3015ETB;299
2017-12-29T23:07:52.201Z;1;4000787030016.0;2017-08-14T21:00:00.000Z;1;ST4000DM000;Z300ZSVP;337
2017-12-29T23:13:02.024Z;1;4000787030016.0;2017-08-17T21:00:00.000Z;1;ST4000DM000;Z300GZ8T;717
2017-12-29T23:07:09.032Z;1;4000787030016.0;2017-08-14T21:00:00.000Z;1;ST4000DM000;Z304JWQF;832
2017-12-29T23:07:00.321Z;1;4000787030016.0;2017-08-14T21:00:00.000Z;1;ST4000DM000;W300BMZA;445
2017-12-29T22:59:36.973Z;1;4000787030016.0;2017-08-08T21:00:00.000Z;1;ST4000DM001;W4J1GN19;209
2017-12-29T23:02:09.089Z;1;4000787030016.0;2017-08-10T21:00:00.000Z;1;ST4000DM001;W4J04JWL;1062
2017-12-29T23:03:21.622Z;1;8001563222016.0;2017-08-11T21:00:00.000Z;1;ST8000NM0055;ZA175053;1957
2017-12-29T23:03:23.428Z;1;4000787030016.0;2017-08-11T21:00:00.000Z;1;ST4000DM000;Z303XYTX;130
2017-12-29T23:05:01.592Z;1;8001563222016.0;2017-08-12T21:00:00.000Z;1;ST8000DM002;ZA10CHRQ;245
2017-12-29T23:05:21.251Z;1;4000787030016.0;2017-08-13T21:00:00.000Z;1;ST4000DM000;W300B2GY;164
2017-12-29T23:17:54.194Z;1;4000787030016.0;2017-08-20T21:00:00.000Z;1;ST4000DM000;Z304QYGW;603
2017-12-29T23:23:39.603Z;1;8001563222016.0;2017-08-24T21:00:00.000Z;1;ST8000NM0055;ZA180ZC9;132
2018-01-01T10:36:23.785Z;1;8001563222016.0;2017-05-23T21:00:00.000Z;1;ST8000DM002;ZA12QF3V;1182
2018-01-01T10:52:44.189Z;1;4000787030016.0;2017-06-04T21:00:00.000Z;1;ST4000DM000;Z3016P7D;1446
2018-01-01T10:40:17.176Z;1;4000787030016.0;2017-05-26T21:00:00.000Z;1;HGST HUS726040ALE610;K3G03YMB;39
2018-01-01T10:48:02.715Z;1;4000787030016.0;2017-05-31T21:00:00.000Z;1;ST4000DM000;Z300XGKG;1003
2018-01-01T10:36:05.693Z;1;4000787030016.0;2017-05-23T21:00:00.000Z;1;ST4000DM000;Z30149SP;109
2018-01-01T10:51:13.041Z;1;4000787030016.0;2017-06-03T21:00:00.000Z;1;ST4000DM000;Z3025L0T;601
2018-01-01T10:37:10.873Z;1;4000787030016.0;2017-05-24T21:00:00.000Z;1;ST4000DM000;Z3016SYN;527
2018-01-01T10:51:26.342Z;1;8001563222016.0;2017-06-03T21:00:00.000Z;1;ST8000NM0055;ZA171TGB;1804
2018-01-01T10:53:34.086Z;1;8001563222016.0;2017-06-04T21:00:00.000Z;1;ST8000DM002;ZA13QBGD;252
2018-01-01T10:56:27.398Z;1;4000787030016.0;2017-06-06T21:00:00.000Z;1;ST4000DM000;Z302F33E;676
2018-01-01T10:57:53.445Z;1;4000787030016.0;2017-06-07T21:00:00.000Z;1;ST4000DM000;Z300GPLT;1196
2018-01-01T11:00:03.991Z;1;4000787030016.0;2017-06-08T21:00:00.000Z;1;ST4000DM000;Z300ZRTD;214
2018-01-01T11:00:08.790Z;1;4000787030016.0;2017-06-08T21:00:00.000Z;1;ST4000DM000;W3009039;3482
2018-01-01T11:02:48.412Z;1;3000592982016.0;2017-06-10T21:00:00.000Z;1;WDC WD30EFRX;WD-WMC4N2899457;28
2018-01-01T11:07:06.706Z;1;4000787030016.0;2017-06-12T21:00:00.000Z;1;HGST HMS5C4040ALE640;PL1331LAHGUNNH;54
2018-01-01T11:08:01.050Z;1;4000787030016.0;2017-06-13T21:00:00.000Z;1;ST4000DM000;Z300GQH1;4
2018-01-01T11:17:50.813Z;1;4000787030016.0;2017-06-19T21:00:00.000Z;1;ST4000DM000;Z3059BTV;165
2018-01-01T11:22:32.368Z;1;4000787030016.0;2017-06-22T21:00:00.000Z;1;ST4000DM001;W4J0ZQQS;275
2018-01-01T11:12:07.336Z;1;4000787030016.0;2017-06-16T21:00:00.000Z;1;ST4000DM000;Z300PLX2;89
2018-01-01T11:15:53.505Z;1;4000787030016.0;2017-06-18T21:00:00.000Z;1;ST4000DM000;Z304EJGA;1350
2018-01-01T11:21:23.784Z;1;500107862016.0;2017-06-21T21:00:00.000Z;1;WDC WD5002ABYS;WD-WCASY4760287;1233
2018-01-01T11:16:23.335Z;1;4000787030016.0;2017-06-18T21:00:00.000Z;1;HGST HMS5C4040BLE640;PL2331LAGN7BLJ;589
2018-01-01T11:22:55.992Z;1;4000787030016.0;2017-06-22T21:00:00.000Z;1;ST4000DM000;S301NY9Z;475
2018-01-01T11:27:24.563Z;1;4000787030016.0;2017-06-25T21:00:00.000Z;1;ST4000DM000;Z300VY3K;381
2018-01-01T11:29:09.374Z;1;4000787030016.0;2017-06-26T21:00:00.000Z;1;HGST HMS5C4040ALE640;PL2331LAGSTV6J;1054
2018-01-01T11:29:09.491Z;1;4000787030016.0;2017-06-26T21:00:00.000Z;1;HGST HMS5C4040ALE640;PL1331LAHGUZZH;951
2018-01-01T11:40:46.666Z;1;4000787030016.0;2017-01-01T22:00:00.000Z;1;ST4000DM000;Z300NKVG;1102
2018-01-01T11:33:19.866Z;1;4000787030016.0;2017-06-28T21:00:00.000Z;1;ST4000DM000;Z304JFF4;121
2018-01-01T11:25:21.247Z;1;4000787030016.0;2017-06-24T21:00:00.000Z;1;ST4000DM000;Z3051MQD;93
2018-01-01T11:27:15.300Z;1;4000787030016.0;2017-06-25T21:00:00.000Z;1;ST4000DM000;Z300W96V;94
2018-01-01T11:39:55.259Z;1;4000787030016.0;2017-01-01T22:00:00.000Z;1;ST4000DM000;Z3004D6W;992
2018-01-01T11:25:37.893Z;1;4000787030016.0;2017-06-24T21:00:00.000Z;1;ST4000DM000;Z300MPYQ;129
2018-01-01T11:25:36.470Z;1;4000787030016.0;2017-06-24T21:00:00.000Z;1;HGST HMS5C4040BLE640;PL2331LAHDMVBJ;600
2018-01-01T11:31:59.129Z;1;8001563222016.0;2017-06-27T21:00:00.000Z;1;ST8000NM0055;ZA171TF0;235
2018-01-01T11:32:32.445Z;1;4000787030016.0;2017-06-28T21:00:00.000Z;1;ST4000DM000;Z305DHYJ;521
2018-01-01T11:32:32.520Z;1;500107862016.0;2017-06-28T21:00:00.000Z;1;ST500LM012 HN;S2ZYJ9DFA03922;2781
2018-01-01T10:52:52.402Z;1;4000787030016.0;2017-06-04T21:00:00.000Z;1;ST4000DM000;Z302A0VZ;68
2018-01-01T10:57:23.260Z;1;8001563222016.0;2017-06-07T21:00:00.000Z;1;ST8000DM002;ZA140NJ4;1888
2018-01-01T11:07:52.003Z;1;4000787030016.0;2017-06-13T21:00:00.000Z;1;ST4000DM000;W300FZGG;1164
2018-01-01T11:44:40.036Z;1;4000787030016.0;2017-01-04T22:00:00.000Z;1;ST4000DM000;S300Z4JV;34
2018-01-01T11:47:24.063Z;1;4000787030016.0;2017-01-06T22:00:00.000Z;1;ST4000DM000;Z300KCQB;1491
2018-01-01T11:58:10.786Z;1;4000787030016.0;2017-01-13T22:00:00.000Z;1;HGST HMS5C4040BLE640;PL2331LAHD7YNJ;1466
2018-01-01T11:58:02.344Z;1;4000787030016.0;2017-01-13T22:00:00.000Z;1;HGST HMS5C4040BLE640;PL1331LAHD5SDH;596
2018-01-01T11:55:26.946Z;1;4000787030016.0;2017-01-11T22:00:00.000Z;1;ST4000DM000;S300YTW4;1092
2018-01-01T11:56:14.249Z;1;4000787030016.0;2017-01-12T22:00:00.000Z;1;HGST HMS5C4040BLE640;PL2331LAHBT53J;1054
2018-01-01T12:00:46.153Z;1;4000787030016.0;2017-01-15T22:00:00.000Z;1;ST4000DX000;Z1Z05P03;1387
2018-01-01T12:02:33.464Z;1;4000787030016.0;2017-01-16T22:00:00.000Z;1;ST4000DM000;Z304HKBX;691
2018-01-01T09:10:45.925Z;1;500107862016.0;2017-04-03T21:00:00.000Z;1;WDC WD5000BPKT;WD-WX21E42RW708;648
2018-01-01T09:15:06.278Z;1;4000787030016.0;2017-04-05T21:00:00.000Z;1;ST4000DM000;Z305D4AA;241
2018-01-01T09:04:48.880Z;1;4000787030016.0;2017-03-31T21:00:00.000Z;1;ST4000DM000;Z305PEAL;1093
2018-01-01T09:16:52.742Z;1;4000787030016.0;2017-04-06T21:00:00.000Z;1;ST4000DM000;Z300GPDT;313
2018-01-01T09:30:32.675Z;1;4000787030016.0;2017-04-13T21:00:00.000Z;1;HGST HMS5C4040BLE640;PL1331LAHBV8MH;261
2018-01-01T09:34:02.182Z;1;4000787030016.0;2017-04-15T21:00:00.000Z;1;ST4000DM000;Z3015CC0;43
2018-01-01T09:34:50.101Z;1;6001175126016.0;2017-04-16T21:00:00.000Z;1;ST6000DX000;Z4D0922F;739
2018-01-01T09:18:09.441Z;1;4000787030016.0;2017-04-06T21:00:00.000Z;1;HGST HMS5C4040BLE640;PL2331LAHB93RJ;326
2018-01-01T09:24:23.152Z;1;4000787030016.0;2017-04-09T21:00:00.000Z;1;ST4000DM000;W300STVS;325
2018-01-01T09:26:32.476Z;1;4000787030016.0;2017-04-10T21:00:00.000Z;1;ST4000DM000;Z304E90S;92
2018-01-01T09:18:40.724Z;1;4000787030016.0;2017-04-07T21:00:00.000Z;1;ST4000DM000;Z3025L8C;966
2018-01-01T09:22:00.610Z;1;4000787030016.0;2017-04-08T21:00:00.000Z;1;ST4000DM000;Z305GWSD;280
2018-01-01T09:22:11.168Z;1;4000787030016.0;2017-04-08T21:00:00.000Z;1;ST4000DM000;Z300SGY7;138
2018-01-01T09:26:00.211Z;1;4000787030016.0;2017-04-10T21:00:00.000Z;1;ST4000DM000;Z302514R;1043
2018-01-01T09:38:08.401Z;1;4000787030016.0;2017-04-18T21:00:00.000Z;1;ST4000DM000;Z305ASFD;499
2018-01-01T09:43:05.510Z;1;4000787030016.0;2017-04-19T21:00:00.000Z;1;ST4000DM000;Z300CWKC;856
2018-01-01T09:44:14.834Z;1;4000787030016.0;2017-04-19T21:00:00.000Z;1;ST4000DM000;Z304HVVC;1122
2018-01-01T09:44:35.417Z;1;4000787030016.0;2017-04-20T21:00:00.000Z;1;HGST HMS5C4040BLE640;PL2331LAGMZ8XJ;109
2018-01-01T09:45:09.610Z;1;4000787030016.0;2017-04-20T21:00:00.000Z;1;ST4000DM000;Z304JL4F;171
2017-12-29T23:01:40.261Z;1;4000787030016.0;2017-08-10T21:00:00.000Z;1;ST4000DM001;W4J0GESK;12
2017-12-29T23:15:52.113Z;1;4000787030016.0;2017-08-19T21:00:00.000Z;1;ST4000DM000;Z3023X1M;504
2017-12-29T23:17:19.975Z;1;4000787030016.0;2017-08-20T21:00:00.000Z;1;ST4000DM000;Z300Z60X;564
2017-12-29T23:36:38.630Z;1;4000787030016.0;2017-08-31T21:00:00.000Z;1;ST4000DM000;Z302FD1H;372
2017-12-29T23:37:56.186Z;1;4000787030016.0;2017-08-31T21:00:00.000Z;1;ST4000DM000;Z304KA9G;1075
2017-12-29T23:39:00.799Z;1;8001563222016.0;2017-09-01T21:00:00.000Z;1;ST8000NM0055;ZA12Y120;402
2017-12-29T23:35:45.545Z;1;8001563222016.0;2017-08-30T21:00:00.000Z;1;ST8000NM0055;ZA12H6MS;696
2017-12-29T23:23:59.477Z;1;8001563222016.0;2017-08-24T21:00:00.000Z;1;ST8000NM0055;ZA13147M;1588
2017-12-29T23:25:14.196Z;1;4000787030016.0;2017-08-25T21:00:00.000Z;1;ST4000DM000;Z303ZTGE;735
2017-12-29T23:41:49.883Z;1;4000787030016.0;2017-09-02T21:00:00.000Z;1;ST4000DM000;Z30671D8;728
2017-12-29T23:46:35.340Z;1;8001563222016.0;2017-09-05T21:00:00.000Z;1;ST8000DM002;ZA1299D0;896
2017-12-30T00:08:36.474Z;1;4000787030016.0;2017-09-16T21:00:00.000Z;1;ST4000DM000;Z302S96A;153
2017-12-30T00:11:46.810Z;1;4000787030016.0;2017-09-18T21:00:00.000Z;1;ST4000DM000;Z302B1R4;310
2017-12-30T00:00:07.728Z;1;4000787030016.0;2017-09-12T21:00:00.000Z;1;HGST HMS5C4040BLE640;PL2331LAHDMPBJ;4
2017-12-29T23:53:37.706Z;1;4000787030016.0;2017-09-08T21:00:00.000Z;1;ST4000DM000;Z305D93X;636
2017-12-29T23:48:35.802Z;1;8001563222016.0;2017-09-06T21:00:00.000Z;1;ST8000NM0055;ZA16DV8X;39
2017-12-29T23:51:57.616Z;1;4000787030016.0;2017-09-08T21:00:00.000Z;1;ST4000DM000;Z305AT6T;1576
2017-12-29T23:56:27.253Z;1;4000787030016.0;2017-09-10T21:00:00.000Z;1;ST4000DM000;Z300W305;1709
2017-12-29T23:56:53.938Z;1;4000787030016.0;2017-09-10T21:00:00.000Z;1;ST4000DM000;W30045Y6;22
2017-12-29T23:50:04.852Z;1;4000787030016.0;2017-09-07T21:00:00.000Z;1;ST4000DM000;Z300CMGB;914
2017-12-29T23:55:42.380Z;1;4000787030016.0;2017-09-09T21:00:00.000Z;1;ST4000DM000;Z304JKHF;1937
2017-12-29T23:57:28.640Z;1;4000787030016.0;2017-09-10T21:00:00.000Z;1;ST4000DM000;Z305D4WE;470
2017-12-29T23:58:30.365Z;1;4000787030016.0;2017-09-11T21:00:00.000Z;1;HGST HMS5C4040BLE640;PL2331LAHB6E2J;281
2017-12-30T00:13:22.662Z;1;4000787030016.0;2017-09-18T21:00:00.000Z;1;ST4000DM000;Z304KC5Y;161
2017-12-30T00:15:18.481Z;1;4000787030016.0;2017-09-19T21:00:00.000Z;1;ST4000DM000;Z305D4VQ;713
2017-12-30T00:17:53.721Z;1;4000787030016.0;2017-09-21T21:00:00.000Z;1;ST4000DX000;Z1Z059HA;1250
2017-12-30T00:19:51.683Z;1;4000787030016.0;2017-09-22T21:00:00.000Z;1;ST4000DM000;S3010MV1;2291
2018-01-01T12:10:54.231Z;1;4000787030016.0;2017-01-22T22:00:00.000Z;1;ST4000DM000;Z300SW4X;1796
2018-01-01T12:30:28.540Z;1;4000787030016.0;2017-02-09T22:00:00.000Z;1;ST4000DM000;W300AF73;897
2018-01-01T12:24:33.178Z;1;4000787030016.0;2017-02-05T22:00:00.000Z;1;ST4000DM000;Z300GYT4;16
2018-01-01T12:08:59.787Z;1;4000787030016.0;2017-01-21T22:00:00.000Z;1;ST4000DM000;S300Z54C;1465
2018-01-01T12:15:04.617Z;1;500107862016.0;2017-01-25T22:00:00.000Z;1;ST500LM012 HN;S2ZYJ9GGB00969;16
2018-01-01T12:20:16.693Z;1;4000787030016.0;2017-02-02T22:00:00.000Z;1;ST4000DM000;Z3025ZJR;806
2018-01-01T12:26:20.543Z;1;1000204886016.0;2017-02-06T22:00:00.000Z;1;WDC WD10EACS;WD-WCAU45694008;170
2018-01-01T12:29:39.410Z;1;4000787030016.0;2017-02-09T22:00:00.000Z;1;ST4000DM000;Z3023X62;2449
2018-01-01T13:29:07.730Z;1;4000787030016.0;2017-03-22T22:00:00.000Z;1;ST4000DM000;Z304L94F;119
2018-01-01T13:53:01.217Z;1;4000787030016.0;2017-03-23T22:00:00.000Z;1;ST4000DM000;S30114YC;542
2018-01-01T13:53:03.168Z;1;4000787030016.0;2017-03-23T22:00:00.000Z;1;ST4000DM000;Z30251ME;65
2018-01-01T13:55:36.413Z;1;4000787030016.0;2017-03-25T22:00:00.000Z;1;ST4000DM000;Z305APE3;3174
2018-01-01T13:59:07.858Z;1;4000787030016.0;2017-03-27T21:00:00.000Z;1;ST4000DM000;W300C9DT;62
2018-01-01T14:01:11.793Z;1;4000787030016.0;2017-03-28T21:00:00.000Z;1;ST4000DM000;Z302S9W3;816
2018-01-01T13:53:28.028Z;1;4000787030016.0;2017-03-23T22:00:00.000Z;1;ST4000DM000;Z300GYW0;1085
2018-01-01T13:56:26.043Z;1;4000787030016.0;2017-03-25T22:00:00.000Z;1;ST4000DM000;Z305B6YC;1763
2018-01-01T13:59:24.140Z;1;8001563222016.0;2017-03-27T21:00:00.000Z;1;ST8000DM002;ZA10JEED;813
2018-01-10T06:58:49.912Z;1;4000787030016.0;2016-10-06T21:00:00.000Z;1;ST4000DM000;W30068RW;1880
2018-01-10T07:00:53.404Z;1;4000787030016.0;2016-10-07T21:00:00.000Z;1;ST4000DM000;Z304VCZV;492
2018-01-10T07:04:00.912Z;1;3000592982016.0;2016-10-09T21:00:00.000Z;1;Hitachi HDS723030ALA640;MK0313YHGAK4PC;313
2018-01-10T07:05:34.867Z;1;4000787030016.0;2016-10-10T21:00:00.000Z;1;ST4000DM000;Z302G4QN;729
2018-01-01T13:24:03.407Z;1;4000787030016.0;2017-03-18T22:00:00.000Z;1;ST4000DM000;Z304YR2Q;494
2018-01-01T13:16:35.942Z;1;4000787030016.0;2017-03-13T22:00:00.000Z;1;ST4000DM000;Z305AQVZ;675
2018-01-01T13:16:28.588Z;1;4000787030016.0;2017-03-13T22:00:00.000Z;1;ST4000DM000;Z304HSMJ;2
2018-01-01T13:21:22.542Z;1;4000787030016.0;2017-03-17T22:00:00.000Z;1;ST4000DM000;Z302B0C5;1296
2018-01-01T13:18:36.190Z;1;4000787030016.0;2017-03-15T22:00:00.000Z;1;ST4000DM000;Z3016NMP;896
2018-01-01T13:28:43.708Z;1;4000787030016.0;2017-03-21T22:00:00.000Z;1;ST4000DM000;Z305GVMY;691
2018-01-10T06:49:01.633Z;1;4000787030016.0;2016-09-30T21:00:00.000Z;1;ST4000DM000;Z300WF89;348
2018-01-01T13:55:07.546Z;1;6001175126016.0;2017-03-24T22:00:00.000Z;1;ST6000DX000;Z4D057Z0;91
2018-01-01T13:57:14.947Z;1;4000787030016.0;2017-03-26T21:00:00.000Z;1;ST4000DM000;S30111HB;447
2018-01-01T13:52:20.349Z;1;4000787030016.0;2017-03-23T22:00:00.000Z;1;ST4000DM000;S301GM3T;310
2018-01-01T13:52:16.987Z;1;4000787030016.0;2017-03-23T22:00:00.000Z;1;ST4000DM000;S3010M8X;139
2018-01-01T13:54:14.620Z;1;4000787030016.0;2017-03-24T22:00:00.000Z;1;ST4000DM000;W300L044;1006
2018-01-01T13:56:41.261Z;1;6001175126016.0;2017-03-25T22:00:00.000Z;1;WDC WD60EFRX;WD-WX31D847K0UN;516
2018-01-01T13:56:52.855Z;1;8001563222016.0;2017-03-26T21:00:00.000Z;1;ST8000DM002;ZA11GPVL;39
2018-01-01T14:00:16.296Z;1;4000787030016.0;2017-03-28T21:00:00.000Z;1;ST4000DM000;W300J6L4;217
2018-01-10T07:08:32.714Z;1;4000787030016.0;2016-10-13T21:00:00.000Z;1;ST4000DM000;S301KR1P;670
2018-01-10T07:11:07.973Z;1;4000787030016.0;2016-10-15T21:00:00.000Z;1;ST4000DM000;Z3014A7D;312
2018-01-10T07:07:44.661Z;1;4000787030016.0;2016-10-12T21:00:00.000Z;1;ST4000DM000;Z303LXWH;2548
2018-01-10T07:10:08.740Z;1;4000787030016.0;2016-10-14T21:00:00.000Z;1;ST4000DM000;Z304LVV7;1386
2018-01-10T07:12:30.397Z;1;4000787030016.0;2016-10-16T21:00:00.000Z;1;ST4000DM000;Z304JWC2;2685
2018-01-10T07:16:36.723Z;1;8001563222016.0;2016-10-19T21:00:00.000Z;1;ST8000DM002;ZA10C6CZ;968
2018-01-10T07:19:49.467Z;1;4000787030016.0;2016-10-21T21:00:00.000Z;1;HGST HMS5C4040BLE640;PL2331LAGN0WBJ;18
2018-01-10T07:28:37.474Z;1;4000787030016.0;2016-10-28T21:00:00.000Z;1;ST4000DM000;Z301YAWQ;75
2018-01-10T07:33:20.881Z;1;500107862016.0;2016-11-01T22:00:00.000Z;1;ST500LM012 HN;S2ZYJ9CF715318;2298
2018-01-10T07:25:49.021Z;1;4000787030016.0;2016-10-26T21:00:00.000Z;1;HGST HMS5C4040BLE640;PL2331LAH9AWBJ;1415
2018-01-10T07:26:04.675Z;1;4000787030016.0;2016-10-26T21:00:00.000Z;1;ST4000DM000;Z305C1JR;123
2018-01-10T07:31:55.024Z;1;4000787030016.0;2016-10-31T22:00:00.000Z;1;ST4000DM000;Z3029GZS;132
2018-01-10T07:42:59.849Z;1;4000787030016.0;2016-11-09T22:00:00.000Z;1;ST4000DM000;Z300GYSJ;413
2018-01-10T07:22:54.229Z;1;4000787030016.0;2016-10-24T21:00:00.000Z;1;ST4000DM000;Z3005P3M;180
2018-01-10T07:39:05.491Z;1;4000787030016.0;2016-11-06T22:00:00.000Z;1;ST4000DM000;Z3016PH6;50
2018-01-10T07:20:54.392Z;1;4000787030016.0;2016-10-22T21:00:00.000Z;1;ST4000DM000;S300Z5G8;1142
2018-01-10T07:35:52.656Z;1;320072933376.0;2016-11-03T22:00:00.000Z;1;ST320LT007;W0Q18L57;482
2018-01-10T07:35:39.733Z;1;500107862016.0;2016-11-03T22:00:00.000Z;1;ST500LM012 HN;S2ZYJ9GGB01630;526
2018-01-10T07:21:24.989Z;1;3000592982016.0;2016-10-22T21:00:00.000Z;1;WDC WD30EFRX;WD-WMC4N2898445;230
2018-01-10T07:21:25.088Z;1;4000787030016.0;2016-10-22T21:00:00.000Z;1;ST4000DM000;Z3029FK3;303
2018-01-10T07:23:27.580Z;1;4000787030016.0;2016-10-24T21:00:00.000Z;1;ST4000DM000;Z3010LSC;622
2018-01-10T07:38:39.023Z;1;4000787030016.0;2016-11-05T22:00:00.000Z;1;ST4000DM000;Z30588EY;214
2018-01-10T12:27:09.842Z;1;3000592982016.0;2016-08-31T21:00:00.000Z;1;Hitachi HDS5C3030ALA630;MJ0351YNGA6Z8A;983
2018-01-10T12:22:08.926Z;1;4000787030016.0;2016-08-28T21:00:00.000Z;1;ST4000DM000;Z3029F6W;389
2018-01-10T12:09:55.593Z;1;4000787030016.0;2016-08-19T21:00:00.000Z;1;ST4000DM000;Z305BAK1;639
2018-01-10T12:10:03.363Z;1;4000787030016.0;2016-08-19T21:00:00.000Z;1;ST4000DM000;Z300GP9Z;349
2018-01-10T12:11:43.193Z;1;4000787030016.0;2016-08-21T21:00:00.000Z;1;ST4000DM000;W300C1LH;984
2018-01-10T12:12:25.896Z;1;4000787030016.0;2016-08-21T21:00:00.000Z;1;ST4000DM000;Z3015CFB;3321
2018-01-10T12:06:41.749Z;1;4000787030016.0;2016-08-17T21:00:00.000Z;1;ST4000DM000;W300D541;1004
2018-01-10T12:29:52.087Z;1;4000787030016.0;2016-09-02T21:00:00.000Z;1;ST4000DM000;Z305D31J;773
2018-01-10T12:31:09.335Z;1;4000787030016.0;2016-09-03T21:00:00.000Z;1;ST4000DM000;W300E02Z;611
2018-01-10T12:31:43.719Z;1;4000787030016.0;2016-09-03T21:00:00.000Z;1;ST4000DM000;Z3029Z82;159
2018-01-10T12:33:39.634Z;1;4000787030016.0;2016-09-05T21:00:00.000Z;1;ST4000DM000;W3015JSX;3670
2018-01-10T12:34:34.937Z;1;8001563222016.0;2016-09-05T21:00:00.000Z;1;ST8000DM002;ZA10B15T;3476
2018-01-10T07:55:16.903Z;1;3000592982016.0;2016-11-18T22:00:00.000Z;1;WDC WD30EFRX;WD-WMC4N2474070;114
2018-01-10T07:56:40.223Z;1;4000787030016.0;2016-11-19T22:00:00.000Z;1;ST4000DM000;Z300YMWY;937
2018-01-10T07:43:47.888Z;1;4000787030016.0;2016-11-09T22:00:00.000Z;1;ST4000DM000;Z302B0HN;250
2018-01-10T07:59:21.398Z;1;4000787030016.0;2016-11-21T22:00:00.000Z;1;ST4000DM000;Z300ZTPR;2219
2018-01-10T08:01:28.523Z;1;4000787030016.0;2016-11-23T22:00:00.000Z;1;HGST HMS5C4040BLE640;PL1331LAHE0X1H;89
2018-01-10T07:48:39.546Z;1;3000592982016.0;2016-11-13T22:00:00.000Z;1;Hitachi HDS5C3030ALA630;MJ1313YNG1VEUC;513
2018-01-10T07:57:37.729Z;1;4000787030016.0;2016-11-20T22:00:00.000Z;1;Hitachi HDS5C4040ALE630;PL1311LAG3D3JH;539
2018-01-10T07:49:20.000Z;1;4000787030016.0;2016-11-14T22:00:00.000Z;1;ST4000DM000;Z304JM35;95
2018-01-10T07:49:23.537Z;1;4000787030016.0;2016-11-14T22:00:00.000Z;1;ST4000DM000;Z3029ZT7;2198
2018-01-10T08:00:09.561Z;1;4000787030016.0;2016-11-22T22:00:00.000Z;1;ST4000DM000;Z302SX4R;71
2018-01-10T08:02:55.534Z;1;4000787030016.0;2016-11-24T22:00:00.000Z;1;ST4000DM000;Z30250TD;258
2018-01-10T12:00:58.042Z;1;4000787030016.0;2016-08-14T21:00:00.000Z;1;ST4000DM000;Z304L9K6;243
2018-01-10T12:06:09.534Z;1;4000787030016.0;2016-08-17T21:00:00.000Z;1;HGST HMS5C4040BLE640;PL2331LAH42LTJ;1177
2018-01-10T12:00:09.261Z;1;4000787030016.0;2016-08-13T21:00:00.000Z;1;ST4000DM000;S301GPJF;513
2018-01-10T12:02:54.236Z;1;4000787030016.0;2016-08-15T21:00:00.000Z;1;ST4000DM000;Z305FFV3;58
2018-01-10T12:07:29.563Z;1;4000787030016.0;2016-08-18T21:00:00.000Z;1;ST4000DM000;Z302325Z;94
2018-01-10T12:07:36.454Z;1;4000787030016.0;2016-08-18T21:00:00.000Z;1;HGST HMS5C4040ALE640;PL1331LAGS94VH;115
2018-01-10T11:39:47.490Z;1;4000787030016.0;2016-07-31T21:00:00.000Z;1;ST4000DM000;W300BMBN;539
2018-01-10T11:44:21.277Z;1;4000787030016.0;2016-08-03T21:00:00.000Z;1;ST4000DM000;Z300GP9S;819
2018-01-10T11:36:41.818Z;1;4000787030016.0;2016-07-29T21:00:00.000Z;1;ST4000DM000;W300B6M4;1039
2018-01-10T11:39:37.389Z;1;4000787030016.0;2016-07-31T21:00:00.000Z;1;ST4000DM000;S300ZQT8;471
2018-01-10T12:18:34.026Z;1;8001563222016.0;2016-08-25T21:00:00.000Z;1;ST8000DM002;ZA10MCH1;674
2018-01-10T12:19:06.655Z;1;3000592982016.0;2016-08-26T21:00:00.000Z;1;WDC WD30EFRX;WD-WMC4N0D64V2W;141
2018-01-10T11:22:41.486Z;1;1500301910016.0;2016-07-20T21:00:00.000Z;1;ST31500541AS;6XW057CW;278
2018-01-10T11:26:09.594Z;1;4000787030016.0;2016-07-22T21:00:00.000Z;1;ST4000DM000;Z300P911;513
2018-01-10T11:24:58.300Z;1;4000787030016.0;2016-07-22T21:00:00.000Z;1;ST4000DM000;Z300CX2Y;671
2018-01-10T11:23:52.254Z;1;4000787030016.0;2016-07-21T21:00:00.000Z;1;ST4000DM000;W300JTKT;38
2018-01-10T11:23:48.846Z;1;4000787030016.0;2016-07-21T21:00:00.000Z;1;ST4000DM000;Z305PFNG;1309
2018-01-10T11:18:48.242Z;1;4000787030016.0;2016-07-18T21:00:00.000Z;1;ST4000DM000;S3010LZK;50
2018-01-10T11:31:38.932Z;1;4000787030016.0;2016-07-26T21:00:00.000Z;1;ST4000DM000;Z30357RX;1004
2018-01-10T11:29:47.551Z;1;4000787030016.0;2016-07-25T21:00:00.000Z;1;ST4000DM000;Z304JZLF;214
2018-01-10T11:38:23.323Z;1;4000787030016.0;2016-07-31T21:00:00.000Z;1;ST4000DM000;S300WF1A;160
2018-01-10T11:37:30.214Z;1;4000787030016.0;2016-07-30T21:00:00.000Z;1;ST4000DM000;Z304JH2S;341
2018-01-10T11:40:16.458Z;1;2000398934016.0;2016-08-01T21:00:00.000Z;1;Hitachi HDS722020ALA330;JK1105B8JS2ELX;219
2018-01-10T11:48:25.999Z;1;4000787030016.0;2016-08-06T21:00:00.000Z;1;Hitachi HDS5C4040ALE630;PL1311LAG1ZXWA;974
2018-01-10T11:54:06.046Z;1;4000787030016.0;2016-08-10T21:00:00.000Z;1;ST4000DM000;W300R5QJ;505
2018-01-10T11:45:31.181Z;1;4000787030016.0;2016-08-04T21:00:00.000Z;1;ST4000DM000;Z30250M3;260
2018-01-10T11:49:59.206Z;1;4000787030016.0;2016-08-07T21:00:00.000Z;1;ST4000DM000;S300Z6AT;1044
2018-01-10T12:36:56.892Z;1;4000787030016.0;2016-09-07T21:00:00.000Z;1;ST4000DM000;Z303WN3F;1062
2018-01-10T12:38:07.082Z;1;8001563222016.0;2016-09-07T21:00:00.000Z;1;ST8000DM002;ZA1270HB;549
2018-01-10T12:41:02.597Z;1;4000787030016.0;2016-09-09T21:00:00.000Z;1;ST4000DM000;Z305C7LG;1249
2018-01-10T12:41:47.179Z;1;4000787030016.0;2016-09-10T21:00:00.000Z;1;ST4000DM000;S3000A9T;323
2018-01-10T12:44:28.181Z;1;6001175126016.0;2016-09-12T21:00:00.000Z;1;WDC WD60EFRX;WD-WX11D2404932;242
2018-01-10T12:43:44.470Z;1;4000787030016.0;2016-09-11T21:00:00.000Z;1;ST4000DM000;Z300GPHJ;135
2018-01-10T12:49:11.637Z;1;6001175126016.0;2016-09-15T21:00:00.000Z;1;WDC WD60EFRX;WD-WX41D94RN118;595
2018-01-10T12:50:19.199Z;1;4000787030016.0;2016-09-16T21:00:00.000Z;1;ST4000DM000;Z3029YRV;109
2018-01-12T12:31:58.938Z;1;4000787030016.0;2016-03-20T22:00:00.000Z;1;HGST HMS5C4040ALE640;PL1331LAGRHDZH;329
2018-01-12T12:32:09.576Z;1;4000787030016.0;2016-03-20T22:00:00.000Z;1;ST4000DM000;Z300X1SB;9
2018-01-12T12:36:39.114Z;1;4000787030016.0;2016-03-24T22:00:00.000Z;1;ST4000DM000;Z303Q18P;212
2018-01-12T12:32:33.439Z;1;320072933376.0;2016-03-20T22:00:00.000Z;1;ST320LT007;W0Q6JBDE;1209
2018-01-12T12:30:28.138Z;1;3000592982016.0;2016-03-18T22:00:00.000Z;1;Hitachi HDS5C3030ALA630;MJ1311YNG2M29A;1192
2018-01-12T12:27:47.204Z;1;4000787030016.0;2016-03-16T22:00:00.000Z;1;ST4000DM000;Z305896V;862
2018-01-12T12:37:20.735Z;1;2000398934016.0;2016-03-24T22:00:00.000Z;1;Hitachi HDS722020ALA330;JK11A8B9J78DUF;101
2018-01-12T12:23:37.645Z;1;4000787030016.0;2016-03-11T22:00:00.000Z;1;ST4000DM000;W300BM8M;975
2018-01-12T12:33:45.182Z;1;4000787030016.0;2016-03-21T22:00:00.000Z;1;ST4000DM000;Z304R5WD;882
2018-01-12T12:29:51.319Z;1;4000787030016.0;2016-03-17T22:00:00.000Z;1;ST4000DM000;Z3029AKV;54
2018-02-15T06:42:46.123Z;1;4000787030016.0;2017-10-10T21:00:00.000Z;1;ST4000DM000;Z3011WD7;103
2018-02-15T06:59:03.230Z;1;8001563222016.0;2017-10-19T21:00:00.000Z;1;ST8000NM0055;ZA13GZAA;313
2018-02-15T06:41:58.970Z;1;8001563222016.0;2017-10-10T21:00:00.000Z;1;ST8000DM002;ZA11SJ2J;365
2018-02-15T06:48:42.343Z;1;4000787030016.0;2017-10-14T21:00:00.000Z;1;ST4000DM000;Z300GPAJ;1604
2018-02-15T07:00:21.750Z;1;4000787030016.0;2017-10-20T21:00:00.000Z;1;ST4000DM000;Z303Z7QT;1317
2018-02-15T06:54:42.129Z;1;4000787030016.0;2017-10-17T21:00:00.000Z;1;WDC WD40EFRX;WD-WCC4E0643999;1114
2018-02-15T06:57:16.748Z;1;4000787030016.0;2017-10-18T21:00:00.000Z;1;ST4000DM000;S301NG7A;600
2018-02-15T06:55:06.977Z;1;4000787030016.0;2017-10-17T21:00:00.000Z;1;ST4000DM000;Z302T6GE;751
2018-02-15T06:41:37.163Z;1;4000787030016.0;2017-10-10T21:00:00.000Z;1;ST4000DM000;Z304919P;72
2018-02-15T06:44:39.358Z;1;4000787030016.0;2017-10-11T21:00:00.000Z;1;ST4000DM000;Z30259FC;1342
2018-02-15T06:53:52.526Z;1;4000787030016.0;2017-10-17T21:00:00.000Z;1;ST4000DM000;Z300K8FJ;602
2018-02-15T06:46:36.197Z;1;4000787030016.0;2017-10-13T21:00:00.000Z;1;ST4000DM000;Z304H3GQ;1300
2018-02-15T07:28:10.546Z;1;12000138625024.0;2017-11-05T22:00:00.000Z;1;ST12000NM0007;ZCH086CR;909
2018-02-15T07:22:04.742Z;1;4000787030016.0;2017-11-02T22:00:00.000Z;1;ST4000DM000;Z304YBFP;1081
2018-02-15T07:23:42.582Z;1;4000787030016.0;2017-11-03T22:00:00.000Z;1;ST4000DM000;S30113S5;71
2018-02-15T06:43:15.341Z;1;4000787030016.0;2017-10-10T21:00:00.000Z;1;ST4000DM000;S300Z68P;565
2018-02-15T06:58:23.260Z;1;4000787030016.0;2017-10-19T21:00:00.000Z;1;ST4000DM000;S300XB3J;284
2018-02-15T07:12:01.149Z;1;4000787030016.0;2017-10-27T21:00:00.000Z;1;ST4000DM000;Z3016RJ5;142
2018-02-15T07:07:04.765Z;1;8001563222016.0;2017-10-24T21:00:00.000Z;1;ST8000DM002;ZA13ZS20;196
2018-02-15T07:16:31.385Z;1;4000787030016.0;2017-10-30T22:00:00.000Z;1;ST4000DM000;Z30523KR;825
2018-02-15T07:30:01.651Z;1;4000787030016.0;2017-11-06T22:00:00.000Z;1;ST4000DM000;S30115ZL;176
2018-02-15T07:33:53.019Z;1;4000787030016.0;2017-11-08T22:00:00.000Z;1;HGST HMS5C4040BLE640;PL2331LAHB78SJ;2160
2018-02-15T07:41:01.205Z;1;4000787030016.0;2017-11-12T22:00:00.000Z;1;ST4000DM000;Z302B121;805
2018-02-15T07:41:15.901Z;1;4000787030016.0;2017-11-13T22:00:00.000Z;1;ST4000DM000;Z3014A0N;1846
2018-02-15T07:45:00.479Z;1;500107862016.0;2017-11-15T22:00:00.000Z;1;ST500LM012 HN;S2ZYJ9HF707981;195
2018-02-15T07:44:18.053Z;1;4000787030016.0;2017-11-15T22:00:00.000Z;1;ST4000DM000;S300XSJ8;1070
2018-02-15T07:45:54.019Z;1;8001563222016.0;2017-11-16T22:00:00.000Z;1;ST8000NM0055;ZA18A99J;70
2018-02-15T07:39:45.812Z;1;12000138625024.0;2017-11-12T22:00:00.000Z;1;ST12000NM0007;ZCH06MK1;1114
2018-02-15T07:40:04.625Z;1;8001563222016.0;2017-11-12T22:00:00.000Z;1;ST8000NM0055;ZA13ZMCL;88
2018-02-15T07:33:19.810Z;1;12000138625024.0;2017-11-08T22:00:00.000Z;1;ST12000NM0007;ZCH04Y2W;1549
2018-02-15T07:35:24.737Z;1;4000787030016.0;2017-11-09T22:00:00.000Z;1;HGST HMS5C4040BLE640;PL1331LAHESYPH;675
2018-02-15T07:35:14.826Z;1;8001563222016.0;2017-11-09T22:00:00.000Z;1;ST8000NM0055;ZA180QJC;1204
2018-02-15T07:31:18.673Z;1;500107862016.0;2017-11-07T22:00:00.000Z;1;ST500LM012 HN;S2ZYJ9DFA03941;572
2018-02-15T07:38:04.185Z;1;4000787030016.0;2017-11-11T22:00:00.000Z;1;HGST HMS5C4040BLE640;PL1331LAHE0TNH;328
2018-02-15T07:41:56.599Z;1;4000787030016.0;2017-11-14T22:00:00.000Z;1;ST4000DM000;Z3047S8J;752
2018-02-15T07:42:52.288Z;1;4000787030016.0;2017-11-14T22:00:00.000Z;1;HGST HMS5C4040BLE640;PL2331LAHDUVDJ;124
2018-02-15T07:51:20.487Z;1;4000787030016.0;2017-11-19T22:00:00.000Z;1;ST4000DM000;Z3016LL6;494
2018-02-15T07:53:21.911Z;1;4000787030016.0;2017-11-20T22:00:00.000Z;1;ST4000DM000;Z300GQG5;1700
2018-02-15T07:53:31.181Z;1;4000787030016.0;2017-11-20T22:00:00.000Z;1;ST4000DM000;Z300P92G;925
2018-02-15T07:55:29.222Z;1;4000787030016.0;2017-11-21T22:00:00.000Z;1;ST4000DM000;Z300GYL3;648
2018-02-15T07:55:56.668Z;1;4000787030016.0;2017-11-22T22:00:00.000Z;1;ST4000DM000;Z30273GC;529
2018-02-15T07:58:47.603Z;1;4000787030016.0;2017-11-23T22:00:00.000Z;1;ST4000DM000;Z304HRNE;2065
2018-01-12T12:07:41.513Z;1;4000787030016.0;2016-02-27T22:00:00.000Z;1;ST4000DM000;Z3025Q7E;1012
2018-01-12T12:09:23.057Z;1;4000787030016.0;2016-02-28T22:00:00.000Z;1;ST4000DM000;Z302CZK8;2609
2018-01-12T12:11:53.944Z;1;4000787030016.0;2016-03-01T22:00:00.000Z;1;ST4000DX000;Z1Z03FQM;800
2018-01-12T12:11:48.533Z;1;320072933376.0;2016-03-01T22:00:00.000Z;1;ST320LT007;W0Q7G3CM;973
2018-01-12T12:12:08.144Z;1;1000204886016.0;2016-03-02T22:00:00.000Z;1;WDC WD10EACS;WD-WCAU42474420;504
2018-01-12T12:13:31.076Z;1;4000787030016.0;2016-03-03T22:00:00.000Z;1;ST4000DM000;Z3029ACP;77
2018-01-12T12:13:25.471Z;1;4000787030016.0;2016-03-02T22:00:00.000Z;1;ST4000DM000;Z30250HS;810
2018-01-12T12:07:58.994Z;1;4000787030016.0;2016-02-27T22:00:00.000Z;1;ST4000DM000;Z30149W7;264
2018-01-12T12:08:10.225Z;1;4000787030016.0;2016-02-27T22:00:00.000Z;1;ST4000DM000;Z300VZCF;976
2018-01-12T12:14:43.942Z;1;4000787030016.0;2016-03-03T22:00:00.000Z;1;ST4000DM000;Z300SE8B;171
2018-01-12T12:16:21.355Z;1;4000787030016.0;2016-03-05T22:00:00.000Z;1;ST4000DX000;Z1Z05Q5Q;193
2018-01-12T12:17:51.779Z;1;320072933376.0;2016-03-06T22:00:00.000Z;1;ST320LT007;W0Q7EQPM;616
2018-01-12T12:18:37.340Z;1;4000787030016.0;2016-03-06T22:00:00.000Z;1;ST4000DM000;Z300GPAE;1426
2018-01-12T12:19:48.796Z;1;4000787030016.0;2016-03-08T22:00:00.000Z;1;HGST HMS5C4040ALE640;PL1331LAGRGG5H;766
2018-01-12T12:19:37.155Z;1;4000787030016.0;2016-03-07T22:00:00.000Z;1;ST4000DM000;S300Z4FQ;805
2018-01-12T12:19:33.589Z;1;4000787030016.0;2016-03-07T22:00:00.000Z;1;ST4000DX000;Z1Z05HDV;1229
2018-02-15T08:01:37.212Z;1;8001563222016.0;2017-11-25T22:00:00.000Z;1;ST8000NM0055;ZA154YFG;105
2018-02-15T08:03:08.748Z;1;4000787030016.0;2017-11-25T22:00:00.000Z;1;ST4000DM000;Z300GQ6X;1810
2018-01-12T12:35:32.557Z;1;4000787030016.0;2016-03-23T22:00:00.000Z;1;ST4000DM000;Z305NDX3;329
2018-02-15T06:33:25.303Z;1;10000831348736.0;2017-10-05T21:00:00.000Z;1;ST10000NM0086;ZA21BZM1;856
2018-02-15T06:33:38.283Z;1;4000787030016.0;2017-10-05T21:00:00.000Z;1;ST4000DM000;Z300GZ3K;2047
2018-02-15T06:39:18.522Z;1;8001563222016.0;2017-10-08T21:00:00.000Z;1;ST8000DM002;ZA13R4BJ;1705
2018-01-12T12:44:28.537Z;1;4000787030016.0;2016-03-30T21:00:00.000Z;1;ST4000DM000;S301JLE2;668
2018-02-15T06:32:43.848Z;1;4000787030016.0;2017-10-05T21:00:00.000Z;1;ST4000DM000;Z3051CX7;585
2018-01-12T12:40:59.511Z;1;2000398934016.0;2016-03-27T21:00:00.000Z;1;Hitachi HDS722020ALA330;JK11A8B9J7A49F;524
2018-02-15T06:34:18.609Z;1;4000787030016.0;2017-10-05T21:00:00.000Z;1;ST4000DM000;Z300GPCC;289
2018-01-12T12:44:49.383Z;1;160041885696.0;2016-03-30T21:00:00.000Z;1;ST3160316AS;9VYC10JY;238
2018-02-15T06:32:50.469Z;1;4000787030016.0;2017-10-05T21:00:00.000Z;1;HGST HMS5C4040BLE640;PL2331LAHBAP2J;726
2018-02-15T06:36:13.712Z;1;8001563222016.0;2017-10-07T21:00:00.000Z;1;ST8000NM0055;ZA16DXY6;1235
2018-02-15T08:19:58.694Z;1;12000138625024.0;2017-12-04T22:00:00.000Z;1;ST12000NM0007;ZCH06VP8;897
2018-02-15T08:20:50.475Z;1;8001563222016.0;2017-12-05T22:00:00.000Z;1;ST8000NM0055;ZA16DSN4;951
2018-02-15T08:10:59.592Z;1;4000787030016.0;2017-11-30T22:00:00.000Z;1;ST4000DM000;Z30252ER;165
2018-02-15T08:24:05.420Z;1;4000787030016.0;2017-12-06T22:00:00.000Z;1;ST4000DM000;W300H396;813
2018-02-15T08:24:13.363Z;1;8001563222016.0;2017-12-06T22:00:00.000Z;1;ST8000NM0055;ZA153SWL;62
2018-02-15T08:06:25.599Z;1;8001563222016.0;2017-11-27T22:00:00.000Z;1;ST8000DM002;ZA10BL1A;729
2018-02-15T08:04:56.642Z;1;4000787030016.0;2017-11-26T22:00:00.000Z;1;ST4000DM000;Z3059BG1;2
2018-02-15T08:28:04.622Z;1;8001563222016.0;2017-12-08T22:00:00.000Z;1;ST8000NM0055;ZA180ZJ9;552
2018-02-15T08:32:32.606Z;1;8001563222016.0;2017-12-11T22:00:00.000Z;1;ST8000DM002;ZA1261SY;840
2018-02-15T08:32:17.496Z;1;4000787030016.0;2017-12-11T22:00:00.000Z;1;ST4000DM000;W3004W1E;95
2018-02-15T08:26:51.096Z;1;8001563222016.0;2017-12-08T22:00:00.000Z;1;ST8000DM002;ZA12ME03;11
2018-02-15T08:44:46.571Z;1;8001563222016.0;2017-12-18T22:00:00.000Z;1;ST8000NM0055;ZA171V3F;1514
2018-02-15T08:33:36.093Z;1;4000787030016.0;2017-12-12T22:00:00.000Z;1;ST4000DM000;Z300GPLE;462
2018-02-15T08:41:19.283Z;1;4000787030016.0;2017-12-16T22:00:00.000Z;1;ST4000DM000;Z3025LKK;239
2018-02-15T08:44:07.628Z;1;4000787030016.0;2017-12-17T22:00:00.000Z;1;ST4000DM000;Z302515G;800
2018-02-15T08:10:02.333Z;1;4000787030016.0;2017-11-29T22:00:00.000Z;1;ST4000DM000;Z305FBZD;646
2018-02-15T08:26:01.175Z;1;12000138625024.0;2017-12-07T22:00:00.000Z;1;ST12000NM0007;ZCH06J77;775
2018-02-15T08:26:11.447Z;1;4000787030016.0;2017-12-07T22:00:00.000Z;1;ST4000DM001;W4J1E9NT;132
2018-02-15T08:34:20.206Z;1;500107862016.0;2017-12-12T22:00:00.000Z;1;ST500LM012 HN;S2ZYJ9GGB04757;263
2018-02-15T08:11:53.582Z;1;4000787030016.0;2017-11-30T22:00:00.000Z;1;ST4000DM000;W300D2HH;90
2018-02-15T08:18:20.665Z;1;4000787030016.0;2017-12-04T22:00:00.000Z;1;HGST HMS5C4040BLE640;PL2331LAHDWY0J;144
2018-02-15T08:31:33.459Z;1;4000787030016.0;2017-12-10T22:00:00.000Z;1;ST4000DM000;Z302L0CT;363
2018-02-15T08:49:41.416Z;1;4000787030016.0;2017-12-21T22:00:00.000Z;1;HGST HMS5C4040BLE640;PL1331LAGS58GH;75
2018-02-15T10:37:17.462Z;1;500107862016.0;2017-12-28T22:00:00.000Z;1;ST500LM012 HN;S2ZYJ9GGB00983;199
2018-02-15T08:50:11.457Z;1;4000787030016.0;2017-12-21T22:00:00.000Z;1;ST4000DM000;Z302SYPC;142
2018-02-15T08:54:18.669Z;1;4000787030016.0;2017-12-23T22:00:00.000Z;1;ST4000DM000;Z305AEVK;554
2018-02-15T10:34:40.221Z;1;4000787030016.0;2017-12-27T22:00:00.000Z;1;HGST HMS5C4040ALE640;PL1331LAGA18HH;304
2018-02-15T08:46:44.459Z;1;4000787030016.0;2017-12-19T22:00:00.000Z;1;ST4000DM000;S301F95D;1054
2018-02-15T08:48:43.662Z;1;500107862016.0;2017-12-20T22:00:00.000Z;1;TOSHIBA MQ01ABF050;5732PE2OT;0
2018-02-15T08:52:59.276Z;1;4000787030016.0;2017-12-22T22:00:00.000Z;1;ST4000DM000;Z300GQ6V;1547
2018-02-15T10:39:14.441Z;1;10000831348736.0;2017-12-29T22:00:00.000Z;1;ST10000NM0086;ZA21917K;2178
2018-02-15T10:41:17.521Z;1;4000787030016.0;2017-12-30T22:00:00.000Z;1;ST4000DM000;Z300GZCV;171
2018-01-01T10:08:28.959Z;1;4000787030016.0;2017-05-05T21:00:00.000Z;1;ST4000DM000;Z304XXR8;1642
2018-01-01T10:11:24.983Z;1;4000787030016.0;2017-05-07T21:00:00.000Z;1;ST4000DM000;Z305ET75;1534
2018-01-01T10:15:37.882Z;1;4000787030016.0;2017-05-10T21:00:00.000Z;1;ST4000DM000;Z30149KJ;36
2018-01-01T09:56:15.530Z;1;4000787030016.0;2017-04-27T21:00:00.000Z;1;ST4000DM000;S300Z79Y;158
2018-01-01T10:15:00.357Z;1;4000787030016.0;2017-05-10T21:00:00.000Z;1;ST4000DM000;Z3029B7N;1042
2018-01-01T10:02:09.071Z;1;4000787030016.0;2017-05-01T21:00:00.000Z;1;ST4000DM000;Z304HAYG;962
2018-01-01T10:14:12.212Z;1;4000787030016.0;2017-05-09T21:00:00.000Z;1;ST4000DM000;S301PX4L;933
2018-01-01T10:13:54.209Z;1;4000787030016.0;2017-05-09T21:00:00.000Z;1;ST4000DM000;Z3057BLV;212
2018-01-01T09:57:48.125Z;1;4000787030016.0;2017-04-28T21:00:00.000Z;1;ST4000DM000;W300J2PT;685
2018-01-01T10:06:43.610Z;1;4000787030016.0;2017-05-04T21:00:00.000Z;1;ST4000DM000;Z305MR4E;332
2018-01-01T10:06:49.643Z;1;4000787030016.0;2017-05-04T21:00:00.000Z;1;ST4000DM000;Z303XYPX;507
2018-01-01T10:12:41.531Z;1;4000787030016.0;2017-05-08T21:00:00.000Z;1;ST4000DM000;W300H39B;303
2018-01-01T10:40:53.331Z;1;4000787030016.0;2017-05-27T21:00:00.000Z;1;ST4000DM000;Z300WP1E;1376
2018-01-01T10:43:59.344Z;1;4000787030016.0;2017-05-29T21:00:00.000Z;1;ST4000DM000;Z300PAB7;72
2018-01-01T10:44:30.524Z;1;4000787030016.0;2017-05-29T21:00:00.000Z;1;ST4000DM000;Z304H9GG;1530
2018-01-01T11:16:23.228Z;1;4000787030016.0;2017-06-18T21:00:00.000Z;1;HGST HMS5C4040BLE640;PL2331LAHD9S3J;42
2018-01-01T10:47:05.984Z;1;4000787030016.0;2017-05-31T21:00:00.000Z;1;ST4000DM000;Z3058VRW;1275
2018-01-01T10:51:21.723Z;1;6001175126016.0;2017-06-03T21:00:00.000Z;1;ST6000DX000;Z4D0ABRZ;464
2018-01-01T10:18:56.567Z;1;4000787030016.0;2017-05-12T21:00:00.000Z;1;ST4000DM000;Z3025244;1476
2018-01-01T10:27:14.748Z;1;8001563222016.0;2017-05-18T21:00:00.000Z;1;ST8000DM002;ZA1195WK;452
2018-01-01T10:16:57.489Z;1;4000787030016.0;2017-05-11T21:00:00.000Z;1;ST4000DM000;Z300W32A;1654
2018-01-01T10:18:21.489Z;1;137438952960.0;2017-05-12T21:00:00.000Z;1;ST4000DM000;Z3025LKQ;914
2018-01-01T10:20:29.964Z;1;4000787030016.0;2017-05-13T21:00:00.000Z;1;ST4000DM000;W300H3HK;292
2018-01-01T10:18:44.815Z;1;4000787030016.0;2017-05-12T21:00:00.000Z;1;ST4000DM000;Z305GC1Z;1026
2018-01-01T10:23:37.070Z;1;4000787030016.0;2017-05-15T21:00:00.000Z;1;ST4000DM000;S300YS1W;1100
2018-01-01T10:24:11.210Z;1;4000787030016.0;2017-05-16T21:00:00.000Z;1;ST4000DM000;Z300W19Z;3168
2018-01-01T10:24:19.213Z;1;4000787030016.0;2017-05-16T21:00:00.000Z;1;ST4000DX000;Z1Z05993;1667
2018-01-01T11:40:36.114Z;1;4000787030016.0;2017-01-01T22:00:00.000Z;1;ST4000DM000;Z300CNVT;153
2018-01-01T11:41:54.244Z;1;4000787030016.0;2017-01-02T22:00:00.000Z;1;ST4000DM000;Z3041CZ5;587
2018-01-01T11:46:27.206Z;1;500107862016.0;2017-01-05T22:00:00.000Z;1;TOSHIBA MQ01ABF050;66GHS5NDS;771
2018-01-01T11:47:17.819Z;1;4000787030016.0;2017-01-05T22:00:00.000Z;1;ST4000DM000;Z304L8TB;266
2018-01-01T11:41:03.049Z;1;3000592982016.0;2017-01-01T22:00:00.000Z;1;Hitachi HDS5C3030ALA630;MJ0351YNG9SZUA;1505
2018-01-01T10:59:34.963Z;1;500107862016.0;2017-06-08T21:00:00.000Z;1;TOSHIBA MQ01ABF050;96HCTBH9T;202
2018-01-01T10:59:36.091Z;1;8001563222016.0;2017-06-08T21:00:00.000Z;1;ST8000DM002;ZA12RB4V;977
2018-01-01T10:54:22.753Z;1;4000787030016.0;2017-06-05T21:00:00.000Z;1;HGST HMS5C4040BLE640;PL1331LAHETLYH;834
2018-01-01T10:57:39.242Z;1;8001563222016.0;2017-06-07T21:00:00.000Z;1;ST8000NM0055;ZA13ZESJ;460
2018-01-01T10:59:58.865Z;1;8001563222016.0;2017-06-08T21:00:00.000Z;1;ST8000NM0055;ZA12V646;1408
2018-01-01T10:53:22.958Z;1;4000787030016.0;2017-06-04T21:00:00.000Z;1;ST4000DM000;Z305K1XK;286
2018-01-01T10:55:56.859Z;1;8001563222016.0;2017-06-06T21:00:00.000Z;1;ST8000DM002;ZA11VJPB;1216
2018-01-01T11:01:07.697Z;1;4000787030016.0;2017-06-09T21:00:00.000Z;1;ST4000DM000;Z305574W;903
2018-01-01T12:04:50.437Z;1;4000787030016.0;2017-01-18T22:00:00.000Z;1;ST4000DM000;Z300XC5K;512
2018-01-01T11:44:37.386Z;1;6001175126016.0;2017-01-04T22:00:00.000Z;1;ST6000DX000;Z4D02HXT;544
2018-01-01T11:53:06.317Z;1;4000787030016.0;2017-01-10T22:00:00.000Z;1;ST4000DM000;Z300ZV76;82
2018-01-01T11:56:16.585Z;1;4000787030016.0;2017-01-12T22:00:00.000Z;1;HGST HMS5C4040BLE640;PL1331LAHD69AH;155
2018-01-01T12:01:07.225Z;1;4000787030016.0;2017-01-15T22:00:00.000Z;1;ST4000DM000;S3010CM5;131
2018-01-01T11:55:48.777Z;1;4000787030016.0;2017-01-12T22:00:00.000Z;1;ST4000DM000;Z300KCQV;1504
2018-01-01T11:58:22.272Z;1;3000592982016.0;2017-01-13T22:00:00.000Z;1;Hitachi HDS723030ALA640;MK0301YHGMJUED;97
2018-01-01T11:58:54.152Z;1;4000787030016.0;2017-01-14T22:00:00.000Z;1;ST4000DM000;Z300Y4NH;943
2018-01-01T11:58:51.882Z;1;4000787030016.0;2017-01-14T22:00:00.000Z;1;ST4000DM000;Z302B0A5;384
2018-01-01T12:02:46.469Z;1;4000787030016.0;2017-01-16T22:00:00.000Z;1;ST4000DM000;Z3040EFJ;1087
2018-01-01T12:09:25.103Z;1;4000787030016.0;2017-01-21T22:00:00.000Z;1;ST4000DM000;Z3025Y0V;482
2018-01-01T12:09:52.762Z;1;4000787030016.0;2017-01-21T22:00:00.000Z;1;ST4000DM000;Z300K9JA;1101
2017-12-30T00:31:33.079Z;1;4000787030016.0;2017-09-27T21:00:00.000Z;1;ST4000DM000;Z300GZ8Z;292
2018-01-01T09:09:05.201Z;1;4000787030016.0;2017-04-02T21:00:00.000Z;1;HGST HMS5C4040BLE640;PL1331LAHBGDDH;3
2018-01-01T09:08:51.403Z;1;4000787030016.0;2017-04-02T21:00:00.000Z;1;ST4000DM000;S300Z4TD;15
2018-01-01T09:11:39.918Z;1;4000787030016.0;2017-04-03T21:00:00.000Z;1;ST4000DM000;S300YQQ7;47
2018-01-01T09:03:48.418Z;1;8001563222016.0;2017-03-31T21:00:00.000Z;1;ST8000NM0055;ZA16DDQK;337
2018-01-01T09:06:24.700Z;1;4000787030016.0;2017-04-01T21:00:00.000Z;1;ST4000DM000;Z304HKDW;134
2018-01-01T09:06:32.677Z;1;4000787030016.0;2017-04-01T21:00:00.000Z;1;ST4000DM000;S300Z5ES;1163
2018-01-01T09:04:18.587Z;1;4000787030016.0;2017-03-31T21:00:00.000Z;1;ST4000DM000;Z300PLWN;65
2018-01-01T09:15:26.468Z;1;4000787030016.0;2017-04-05T21:00:00.000Z;1;ST4000DM000;S301NEMA;168
2018-01-01T09:18:18.647Z;1;4000787030016.0;2017-04-07T21:00:00.000Z;1;ST4000DM000;Z304KBTW;1566
2018-01-01T09:19:12.975Z;1;4000787030016.0;2017-04-07T21:00:00.000Z;1;ST4000DM000;Z303APEJ;823
2018-01-01T09:20:37.069Z;1;4000787030016.0;2017-04-08T21:00:00.000Z;1;ST4000DM000;S301NY8D;285
2017-12-29T23:08:13.740Z;1;4000787030016.0;2017-08-14T21:00:00.000Z;1;ST4000DM000;S301LCWG;908
2017-12-29T23:09:23.307Z;1;4000787030016.0;2017-08-15T21:00:00.000Z;1;ST4000DM000;W3006CRJ;885
2017-12-29T23:14:25.279Z;1;8001563222016.0;2017-08-18T21:00:00.000Z;1;ST8000NM0055;ZA12ZY6J;729
2017-12-29T23:15:37.101Z;1;4000787030016.0;2017-08-19T21:00:00.000Z;1;ST4000DM000;S301CHQ2;626
2017-12-29T23:22:02.032Z;1;4000787030016.0;2017-08-23T21:00:00.000Z;1;ST4000DX000;Z1Z046YN;568
2017-12-29T23:23:21.030Z;1;8001563222016.0;2017-08-24T21:00:00.000Z;1;ST8000DM002;ZA12RAR0;605
2017-12-29T23:24:36.909Z;1;4000787030016.0;2017-08-24T21:00:00.000Z;1;HGST HMS5C4040BLE640;PL1331LAHEHWSH;448
2017-12-29T23:26:24.148Z;1;4000787030016.0;2017-08-25T21:00:00.000Z;1;ST4000DM000;Z300W0SG;81
2017-12-29T23:26:37.331Z;1;4000787030016.0;2017-08-25T21:00:00.000Z;1;ST4000DM000;Z3015LGZ;1213
2017-12-29T23:23:56.087Z;1;4000787030016.0;2017-08-24T21:00:00.000Z;1;ST4000DM000;W300K11W;41
2017-12-29T23:27:15.884Z;1;4000787030016.0;2017-08-26T21:00:00.000Z;1;ST4000DM000;Z300ZSV1;628
2017-12-29T23:43:49.117Z;1;4000787030016.0;2017-09-04T21:00:00.000Z;1;ST4000DM000;Z300T9KY;616
2018-01-01T09:24:36.624Z;1;4000787030016.0;2017-04-09T21:00:00.000Z;1;ST4000DM000;Z304MMKW;385
2018-01-01T09:24:45.466Z;1;4000787030016.0;2017-04-09T21:00:00.000Z;1;ST4000DM000;Z303XYP1;211
2017-12-29T23:45:22.360Z;1;4000787030016.0;2017-09-04T21:00:00.000Z;1;ST4000DM000;Z300ZK1G;3
2017-12-29T23:49:13.387Z;1;4000787030016.0;2017-09-06T21:00:00.000Z;1;ST4000DM000;Z3015L56;60
2017-12-29T23:51:16.554Z;1;4000787030016.0;2017-09-07T21:00:00.000Z;1;ST4000DM000;Z302S9KW;55
2017-12-29T23:45:13.643Z;1;8001563222016.0;2017-09-04T21:00:00.000Z;1;ST8000NM0055;ZA181209;1013
2017-12-29T23:47:07.395Z;1;4000787030016.0;2017-09-05T21:00:00.000Z;1;ST4000DM000;Z30270R9;541
2017-12-29T23:50:04.875Z;1;4000787030016.0;2017-09-07T21:00:00.000Z;1;ST4000DM000;Z300GYQQ;1053
2017-12-29T23:51:33.384Z;1;4000787030016.0;2017-09-07T21:00:00.000Z;1;ST4000DM000;Z305KXAA;167
2017-12-29T23:52:27.491Z;1;4000787030016.0;2017-09-08T21:00:00.000Z;1;ST4000DM000;Z300GZD3;52
2017-12-29T23:54:42.236Z;1;8001563222016.0;2017-09-09T21:00:00.000Z;1;ST8000NM0055;ZA189K7R;3094
2017-12-29T23:56:01.772Z;1;4000787030016.0;2017-09-09T21:00:00.000Z;1;ST4000DM000;Z300GZB0;106
2017-12-29T23:56:04.085Z;1;4000787030016.0;2017-09-09T21:00:00.000Z;1;ST4000DM000;Z304C6GW;1370
2017-12-29T23:57:47.225Z;1;4000787030016.0;2017-09-10T21:00:00.000Z;1;ST4000DX000;Z1Z03CD0;734
2017-12-30T00:18:51.732Z;1;8001563222016.0;2017-09-21T21:00:00.000Z;1;ST8000DM002;ZA13YP7Z;20
2017-12-30T00:18:20.976Z;1;4000787030016.0;2017-09-21T21:00:00.000Z;1;ST4000DM000;Z304L98W;2155
2017-12-30T00:27:03.177Z;1;4000787030016.0;2017-09-25T21:00:00.000Z;1;ST4000DM000;Z304HS7K;496
2017-12-30T00:22:56.697Z;1;4000787030016.0;2017-09-23T21:00:00.000Z;1;ST4000DX000;Z1Z05AX4;1319
2018-01-01T09:31:36.524Z;1;4000787030016.0;2017-04-14T21:00:00.000Z;1;ST4000DM000;Z302SWR5;434
2018-01-01T09:33:52.535Z;1;4000787030016.0;2017-04-15T21:00:00.000Z;1;ST4000DM000;Z300K27P;2275
2018-01-01T09:34:46.367Z;1;4000787030016.0;2017-04-16T21:00:00.000Z;1;ST4000DM000;Z305GWH6;120
2018-01-01T09:48:35.602Z;1;8001563222016.0;2017-04-22T21:00:00.000Z;1;ST8000NM0055;ZA16CMC7;361
2018-01-01T09:49:40.606Z;1;6001175126016.0;2017-04-23T21:00:00.000Z;1;ST6000DX000;Z4D09347;2191
2018-01-01T09:49:33.057Z;1;4000787030016.0;2017-04-23T21:00:00.000Z;1;ST4000DM000;Z302SWXT;1595
2018-01-01T09:50:12.230Z;1;4000787030016.0;2017-04-23T21:00:00.000Z;1;ST4000DM000;Z305D5HJ;3685
2018-01-01T09:51:50.476Z;1;4000787030016.0;2017-04-24T21:00:00.000Z;1;ST4000DM000;Z300JA6W;584
2018-01-01T09:52:13.763Z;1;4000787030016.0;2017-04-25T21:00:00.000Z;1;ST4000DM000;S301KH41;115
2017-12-29T22:16:13.886Z;1;4000787030016.0;2017-07-13T21:00:00.000Z;1;ST4000DM000;W300FDR0;1718
2017-12-29T22:17:13.677Z;1;4000787030016.0;2017-07-14T21:00:00.000Z;1;ST4000DM000;Z3029FGH;711
2017-12-29T22:17:46.331Z;1;4000787030016.0;2017-07-14T21:00:00.000Z;1;ST4000DM000;S300Z99K;426
2017-12-29T22:19:28.678Z;1;4000787030016.0;2017-07-15T21:00:00.000Z;1;ST4000DM000;Z30149JR;1402
2017-12-29T22:22:04.604Z;1;4000787030016.0;2017-07-16T21:00:00.000Z;1;ST4000DM000;S301NKLJ;259
2017-12-29T22:23:45.591Z;1;4000787030016.0;2017-07-17T21:00:00.000Z;1;HGST HMS5C4040ALE640;PL2331LAG9W4YJ;293
2017-12-29T22:24:44.191Z;1;4000787030016.0;2017-07-18T21:00:00.000Z;1;ST4000DM001;W4J0P25W;503
2017-12-29T22:26:37.022Z;1;4000787030016.0;2017-07-19T21:00:00.000Z;1;ST4000DM000;Z3058GF0;2692
2017-12-29T22:28:15.114Z;1;4000787030016.0;2017-07-20T21:00:00.000Z;1;ST4000DM000;W300BY78;260
2017-12-29T22:27:57.684Z;1;4000787030016.0;2017-07-20T21:00:00.000Z;1;ST4000DM000;Z304HWZV;1698
2017-12-29T22:29:22.551Z;1;4000787030016.0;2017-07-20T21:00:00.000Z;1;ST4000DM000;Z300ZQZB;9
2017-12-29T22:29:52.951Z;1;4000787030016.0;2017-07-21T21:00:00.000Z;1;ST4000DM000;Z3021K8V;331
2017-12-29T22:32:07.543Z;1;4000787030016.0;2017-07-22T21:00:00.000Z;1;ST4000DM000;Z305D5S3;459
2017-12-29T22:32:44.086Z;1;4000787030016.0;2017-07-23T21:00:00.000Z;1;ST4000DM000;Z3014NHT;981
2017-12-29T22:35:06.311Z;1;4000787030016.0;2017-07-24T21:00:00.000Z;1;ST4000DM000;Z305D4CF;188
2017-12-29T22:35:30.170Z;1;4000787030016.0;2017-07-25T21:00:00.000Z;1;ST4000DM000;Z305PVRA;994
2017-12-29T22:38:25.721Z;1;4000787030016.0;2017-07-26T21:00:00.000Z;1;ST4000DM000;Z304KBLT;239
2017-12-29T22:40:03.575Z;1;4000787030016.0;2017-07-28T21:00:00.000Z;1;ST4000DM000;Z302A4B0;405
2017-12-29T21:58:44.770Z;1;4000787030016.0;2017-07-04T21:00:00.000Z;1;ST4000DM000;Z3004J7X;386
2017-12-29T22:01:03.223Z;1;4000787030016.0;2017-07-05T21:00:00.000Z;1;ST4000DM001;W4J1L1AR;932
2017-12-29T22:07:10.829Z;1;4000787030016.0;2017-07-09T21:00:00.000Z;1;ST4000DM000;Z300K8D1;842
2017-12-29T22:07:50.259Z;1;4000787030016.0;2017-07-09T21:00:00.000Z;1;ST4000DM000;Z300VQ66;1196
2017-12-29T22:09:37.179Z;1;4000787030016.0;2017-07-10T21:00:00.000Z;1;ST4000DM000;Z303R7EB;3488
2017-12-29T22:12:02.566Z;1;4000787030016.0;2017-07-11T21:00:00.000Z;1;ST4000DM000;W300BS21;100
2017-12-29T22:13:16.818Z;1;4000787030016.0;2017-07-12T21:00:00.000Z;1;HGST HMS5C4040BLE640;PL1331LAHD32MH;64
2017-12-29T22:45:35.307Z;1;4000787030016.0;2017-07-31T21:00:00.000Z;1;HGST HMS5C4040BLE640;PL2331LAHDHEHJ;1751
2017-12-29T22:45:05.651Z;1;4000787030016.0;2017-07-30T21:00:00.000Z;1;ST4000DM000;Z302T24M;766
2017-12-29T22:54:23.386Z;1;4000787030016.0;2017-08-05T21:00:00.000Z;1;ST4000DM000;Z3040E03;16
2017-12-29T22:56:51.411Z;1;4000787030016.0;2017-08-07T21:00:00.000Z;1;ST4000DM000;Z300CP5B;710
2017-12-29T22:58:13.846Z;1;4000787030016.0;2017-08-07T21:00:00.000Z;1;ST4000DM000;W300K24Q;75
2017-12-29T23:00:22.909Z;1;4000787030016.0;2017-08-09T21:00:00.000Z;1;ST4000DM000;Z3015V3M;212
2017-12-29T23:00:23.397Z;1;4000787030016.0;2017-08-09T21:00:00.000Z;1;ST4000DM000;Z305D6N4;837
2017-12-29T23:00:36.937Z;1;4000787030016.0;2017-08-09T21:00:00.000Z;1;ST4000DM000;Z304TTBV;1048
2017-12-29T23:02:55.568Z;1;4000787030016.0;2017-08-11T21:00:00.000Z;1;ST4000DM000;S3011596;167
2018-01-01T13:10:18.268Z;1;4000787030016.0;2017-03-09T22:00:00.000Z;1;ST4000DM000;Z3025PK2;1733
2018-01-01T13:13:37.141Z;1;4000787030016.0;2017-03-11T22:00:00.000Z;1;ST4000DM000;Z300P9QE;4065
2018-01-01T13:14:05.604Z;1;4000787030016.0;2017-03-11T22:00:00.000Z;1;ST4000DM000;Z3029F2S;312
2018-01-01T13:19:27.012Z;1;4000787030016.0;2017-03-15T22:00:00.000Z;1;ST4000DM000;S30117PB;1360
2018-01-01T13:19:27.558Z;1;4000787030016.0;2017-03-15T22:00:00.000Z;1;ST4000DM000;Z3025M3J;501
2018-01-01T13:22:44.518Z;1;4000787030016.0;2017-03-18T22:00:00.000Z;1;ST4000DX000;Z1Z06H8S;134
2018-01-01T13:15:44.996Z;1;4000787030016.0;2017-03-13T22:00:00.000Z;1;ST4000DM000;Z30252DK;656
2018-01-01T13:22:46.062Z;1;4000787030016.0;2017-03-18T22:00:00.000Z;1;ST4000DM000;Z300SEZW;1966
2018-01-01T13:26:20.081Z;1;4000787030016.0;2017-03-20T22:00:00.000Z;1;ST4000DM000;W300K120;132
2018-01-01T13:26:33.446Z;1;4000787030016.0;2017-03-20T22:00:00.000Z;1;ST4000DM000;Z3011W9G;1026
2018-01-01T13:54:12.898Z;1;4000787030016.0;2017-03-24T22:00:00.000Z;1;ST4000DM000;Z302SSKB;869
2018-01-01T13:54:04.924Z;1;4000787030016.0;2017-03-24T22:00:00.000Z;1;ST4000DM000;Z305B9AF;454
2018-01-01T13:26:04.536Z;1;4000787030016.0;2017-03-20T22:00:00.000Z;1;HGST HMS5C4040BLE640;PL2331LAHDRVRJ;296
2018-01-01T13:26:48.262Z;1;4000787030016.0;2017-03-20T22:00:00.000Z;1;ST4000DM000;S300YPL8;101
2018-01-01T13:28:36.667Z;1;4000787030016.0;2017-03-21T22:00:00.000Z;1;ST4000DM000;Z300GPPG;31
2018-01-01T13:53:24.090Z;1;4000787030016.0;2017-03-23T22:00:00.000Z;1;HGST HMS5C4040BLE640;PL2331LAHD84SJ;622
2018-01-01T13:55:30.187Z;1;4000787030016.0;2017-03-25T22:00:00.000Z;1;ST4000DM000;Z305FE9W;832
2018-01-01T14:00:44.161Z;1;4000787030016.0;2017-03-28T21:00:00.000Z;1;ST4000DM000;Z30260V7;286
2018-01-01T14:01:04.173Z;1;4000787030016.0;2017-03-28T21:00:00.000Z;1;HGST HMS5C4040BLE640;PL1331LAH3DMWH;55
2018-01-01T14:02:10.892Z;1;4000787030016.0;2017-03-29T21:00:00.000Z;1;ST4000DM000;Z305H10K;2508
2018-01-01T14:03:31.380Z;1;4000787030016.0;2017-03-30T21:00:00.000Z;1;HGST HMS5C4040BLE640;PL1331LAHG20AH;375
2018-01-01T12:57:43.921Z;1;4000787030016.0;2017-02-28T22:00:00.000Z;1;ST4000DM000;S300Z52X;1358
2018-01-01T13:03:13.931Z;1;3000592982016.0;2017-03-04T22:00:00.000Z;1;Hitachi HDS5C3030ALA630;MJ1323YNG1RT0C;177
2018-01-01T13:03:57.186Z;1;4000787030016.0;2017-03-05T22:00:00.000Z;1;ST4000DM000;S300Z60P;286
2018-01-01T12:59:17.979Z;1;3000592982016.0;2017-03-01T22:00:00.000Z;1;Hitachi HDS5C3030ALA630;MJ1311YNG3K2SA;734
2018-01-01T13:05:29.224Z;1;4000787030016.0;2017-03-05T22:00:00.000Z;1;ST4000DM000;Z3024VYR;1877
2018-01-01T13:06:53.572Z;1;3000592982016.0;2017-03-06T22:00:00.000Z;1;Hitachi HDS723030ALA640;MK0311YHGKKSEA;69
2018-01-01T12:58:06.641Z;1;4000787030016.0;2017-02-28T22:00:00.000Z;1;ST4000DM000;Z302SYZC;319
2018-01-01T13:00:34.231Z;1;4000787030016.0;2017-03-02T22:00:00.000Z;1;HGST HMS5C4040BLE640;PL2331LAHBX2HJ;458
2018-01-01T13:05:51.097Z;1;4000787030016.0;2017-03-06T22:00:00.000Z;1;ST4000DM000;W300CH3L;821
2018-01-01T12:57:19.073Z;1;4000787030016.0;2017-02-28T22:00:00.000Z;1;ST4000DM000;S300ZTD2;1932
2018-01-01T13:06:37.812Z;1;4000787030016.0;2017-03-06T22:00:00.000Z;1;ST4000DM000;Z300GQK3;383
2018-01-01T13:11:24.568Z;1;4000787030016.0;2017-03-09T22:00:00.000Z;1;ST4000DM000;W300E7VZ;182
2018-01-01T13:12:33.930Z;1;4000787030016.0;2017-03-10T22:00:00.000Z;1;ST4000DM000;S300WE57;1805
2018-01-01T13:15:48.752Z;1;4000787030016.0;2017-03-13T22:00:00.000Z;1;ST4000DM000;Z300WKAP;732
2018-01-01T12:59:49.119Z;1;4000787030016.0;2017-03-02T22:00:00.000Z;1;ST4000DM000;Z302SQZT;331
2018-01-01T13:18:32.259Z;1;4000787030016.0;2017-03-15T22:00:00.000Z;1;HGST HMS5C4040BLE640;PL2331LAHDD1LJ;944
2018-01-01T13:18:37.470Z;1;4000787030016.0;2017-03-15T22:00:00.000Z;1;HGST HMS5C4040BLE640;PL2331LAHAWM0J;260
2018-01-01T13:55:49.287Z;1;4000787030016.0;2017-03-25T22:00:00.000Z;1;ST4000DM000;Z305B6RR;295
2018-01-01T13:57:39.933Z;1;4000787030016.0;2017-03-26T21:00:00.000Z;1;ST4000DM000;Z305CTL0;2186
2018-01-01T13:28:24.916Z;1;4000787030016.0;2017-03-21T22:00:00.000Z;1;HGST HMS5C4040BLE640;PL2331LAHAWTEJ;552
2018-01-01T13:54:53.101Z;1;4000787030016.0;2017-03-24T22:00:00.000Z;1;HGST HMS5C4040ALE640;PL1331LAGRDPMH;197
2018-01-01T13:54:53.184Z;1;4000787030016.0;2017-03-24T22:00:00.000Z;1;ST4000DM000;Z305B6Z6;231
2018-01-01T13:58:45.409Z;1;8001563222016.0;2017-03-27T21:00:00.000Z;1;ST8000DM002;ZA10J8QY;1742
2018-01-01T13:59:00.852Z;1;4000787030016.0;2017-03-27T21:00:00.000Z;1;ST4000DM000;Z305GW2S;1225
2018-01-10T06:51:56.389Z;1;4000787030016.0;2016-10-01T21:00:00.000Z;1;ST4000DX000;Z1Z0279D;78
2018-01-10T07:29:39.817Z;1;8001563222016.0;2016-10-29T21:00:00.000Z;1;ST8000DM002;ZA12QCLB;2135
2018-01-10T07:29:09.851Z;1;4000787030016.0;2016-10-29T21:00:00.000Z;1;HGST HMS5C4040BLE640;PL2331LAHDD3YJ;119
2018-01-10T07:32:06.583Z;1;3000592982016.0;2016-10-31T22:00:00.000Z;1;Hitachi HDS5C3030ALA630;MJ1311YNG6S22A;110
2018-01-10T07:34:57.631Z;1;4000787030016.0;2016-11-02T22:00:00.000Z;1;ST4000DM000;Z303XY46;481
2018-01-10T07:35:38.304Z;1;4000787030016.0;2016-11-03T22:00:00.000Z;1;ST4000DM000;S301NXMX;762
2018-01-10T07:35:25.915Z;1;4000787030016.0;2016-11-03T22:00:00.000Z;1;ST4000DM000;S3014TWT;310
2018-01-10T07:39:36.842Z;1;4000787030016.0;2016-11-06T22:00:00.000Z;1;ST4000DM000;Z305CSY9;494
2018-01-10T07:40:25.311Z;1;4000787030016.0;2016-11-07T22:00:00.000Z;1;ST4000DM000;Z302A13A;795
2018-01-10T07:00:54.763Z;1;4000787030016.0;2016-10-07T21:00:00.000Z;1;HGST HMS5C4040BLE640;PL1331LAHD16PH;1443
2018-01-10T07:13:28.699Z;1;4000787030016.0;2016-10-16T21:00:00.000Z;1;ST4000DM000;Z303WPCM;2804
2018-01-10T06:57:16.365Z;1;4000787030016.0;2016-10-05T21:00:00.000Z;1;ST4000DM000;Z3025KHB;581
2018-01-10T07:04:17.483Z;1;6001175126016.0;2016-10-10T21:00:00.000Z;1;ST6000DX000;Z4D07ZFW;540
2018-01-10T07:16:35.256Z;1;6001175126016.0;2016-10-19T21:00:00.000Z;1;ST6000DX000;Z4D0E7MS;1018
2018-01-10T07:16:53.442Z;1;4000787030016.0;2016-10-19T21:00:00.000Z;1;ST4000DM000;Z30539RN;3555
2018-01-10T07:26:04.595Z;1;4000787030016.0;2016-10-26T21:00:00.000Z;1;ST4000DM000;Z3025KLK;9
2018-01-10T07:21:54.607Z;1;4000787030016.0;2016-10-23T21:00:00.000Z;1;ST4000DM000;Z300ZRMV;125
2018-01-10T07:24:26.874Z;1;4000787030016.0;2016-10-25T21:00:00.000Z;1;ST4000DM000;Z301119B;54
2018-01-10T07:24:50.629Z;1;4000787030016.0;2016-10-25T21:00:00.000Z;1;ST4000DM000;Z303Y10M;233
2018-01-10T07:23:27.434Z;1;4000787030016.0;2016-10-24T21:00:00.000Z;1;ST4000DM000;Z300ZKGE;273
2018-01-10T07:26:18.404Z;1;4000787030016.0;2016-10-26T21:00:00.000Z;1;ST4000DM000;Z300H20F;550
2018-01-10T07:10:02.500Z;1;4000787030016.0;2016-10-14T21:00:00.000Z;1;ST4000DM000;Z302AKZ5;169
2018-01-10T07:10:02.815Z;1;4000787030016.0;2016-10-14T21:00:00.000Z;1;ST4000DM000;Z303XYAP;301
2018-01-10T07:10:12.477Z;1;4000787030016.0;2016-10-14T21:00:00.000Z;1;HGST HMS5C4040ALE640;PL1331LAGRGELH;223
2018-01-10T07:41:13.085Z;1;4000787030016.0;2016-11-07T22:00:00.000Z;1;HGST HMS5C4040ALE640;PL2331LAGRWN0J;723
2018-01-10T07:42:12.930Z;1;4000787030016.0;2016-11-08T22:00:00.000Z;1;HGST HMS5C4040BLE640;PL2331LAHD88GJ;1021
2018-01-10T07:43:57.358Z;1;4000787030016.0;2016-11-09T22:00:00.000Z;1;ST4000DM000;Z300GYZE;2523
2018-01-10T07:44:46.381Z;1;4000787030016.0;2016-11-10T22:00:00.000Z;1;ST4000DM000;Z300GZ0W;89
2017-12-29T23:18:30.158Z;1;4000787030016.0;2017-08-21T21:00:00.000Z;1;ST4000DM000;W300BMS4;399
2017-12-29T23:19:20.974Z;1;4000787030016.0;2017-08-21T21:00:00.000Z;1;ST4000DM000;W300B66H;1427
2017-12-29T23:05:00.244Z;1;4000787030016.0;2017-08-12T21:00:00.000Z;1;ST4000DM000;W300BNPK;601
2017-12-29T23:05:42.099Z;1;4000787030016.0;2017-08-13T21:00:00.000Z;1;ST4000DM000;Z305D68J;412
2017-12-29T23:11:19.079Z;1;4000787030016.0;2017-08-16T21:00:00.000Z;1;ST4000DM000;Z300GPNA;712
2017-12-29T23:13:53.941Z;1;4000787030016.0;2017-08-18T21:00:00.000Z;1;ST4000DM000;Z30110JL;3560
2017-12-29T23:06:19.255Z;1;4000787030016.0;2017-08-13T21:00:00.000Z;1;ST4000DM000;S301121G;445
2017-12-29T23:12:40.389Z;1;4000787030016.0;2017-08-17T21:00:00.000Z;1;ST4000DM000;Z3029H3S;141
2017-12-29T23:59:41.204Z;1;8001563222016.0;2017-09-11T21:00:00.000Z;1;ST8000NM0055;ZA153QBA;586
2017-12-30T00:07:19.887Z;1;4000787030016.0;2017-09-15T21:00:00.000Z;1;Hitachi HDS5C4040ALE630;PL1311LAG2ZBZA;1441
2017-12-30T00:02:18.927Z;1;4000787030016.0;2017-09-13T21:00:00.000Z;1;ST4000DM000;Z304J1FM;249
2017-12-30T00:03:40.654Z;1;4000787030016.0;2017-09-13T21:00:00.000Z;1;ST4000DM000;W300H39D;943
2017-12-29T23:29:43.427Z;1;4000787030016.0;2017-08-27T21:00:00.000Z;1;ST4000DM000;Z304HYNH;318
2017-12-29T23:30:02.931Z;1;8001563222016.0;2017-08-27T21:00:00.000Z;1;ST8000NM0055;ZA180R13;854
2017-12-29T23:34:21.187Z;1;4000787030016.0;2017-08-29T21:00:00.000Z;1;ST4000DM000;Z300WQL7;76
2017-12-29T23:34:36.375Z;1;8001563222016.0;2017-08-30T21:00:00.000Z;1;ST8000NM0055;ZA18BLZR;1038
2017-12-29T23:35:26.536Z;1;4000787030016.0;2017-08-30T21:00:00.000Z;1;ST4000DM000;Z304JPKK;570
2017-12-29T23:36:33.935Z;1;4000787030016.0;2017-08-31T21:00:00.000Z;1;ST4000DM000;Z300GQ7P;777
2017-12-29T23:37:48.742Z;1;4000787030016.0;2017-08-31T21:00:00.000Z;1;ST4000DM000;W300JK7F;43
2017-12-30T00:13:45.741Z;1;4000787030016.0;2017-09-19T21:00:00.000Z;1;ST4000DM000;Z3041HYW;622
2017-12-30T00:17:50.123Z;1;4000787030016.0;2017-09-21T21:00:00.000Z;1;ST4000DX000;Z1Z058JM;1745
2018-01-01T11:18:49.882Z;1;4000787030016.0;2017-06-20T21:00:00.000Z;1;ST4000DM000;Z305ASDK;460
2018-01-01T11:20:14.348Z;1;4000787030016.0;2017-06-21T21:00:00.000Z;1;ST4000DM000;W300DCT4;2635
2018-01-01T11:20:05.759Z;1;8001563222016.0;2017-06-21T21:00:00.000Z;1;ST8000DM002;ZA140NME;605
2018-01-01T11:29:53.090Z;1;8001563222016.0;2017-06-26T21:00:00.000Z;1;ST8000DM002;ZA12KZ46;255
2018-01-01T11:32:02.599Z;1;4000787030016.0;2017-06-27T21:00:00.000Z;1;ST4000DM000;Z3015BK6;1520
2018-01-01T11:05:57.870Z;1;4000787030016.0;2017-06-12T21:00:00.000Z;1;ST4000DM000;Z300GPDW;1846
2018-01-01T11:06:49.827Z;1;4000787030016.0;2017-06-12T21:00:00.000Z;1;ST4000DM000;Z30250P5;1643
2018-01-01T11:11:22.205Z;1;4000787030016.0;2017-06-15T21:00:00.000Z;1;HGST HMS5C4040ALE640;PL2331LAG9LE4J;989
2018-01-01T11:11:46.602Z;1;4000787030016.0;2017-06-15T21:00:00.000Z;1;ST4000DM000;Z3058VA9;390
2018-01-01T11:17:10.780Z;1;4000787030016.0;2017-06-19T21:00:00.000Z;1;ST4000DM001;W4J0201G;1473
2018-01-01T11:20:42.236Z;1;4000787030016.0;2017-06-21T21:00:00.000Z;1;ST4000DX000;Z1Z047DC;880
2018-01-01T11:20:22.187Z;1;500107862016.0;2017-06-21T21:00:00.000Z;1;ST500LM012 HN;S2ZYJ9CG108672;1025
2018-01-01T11:19:47.721Z;1;8001563222016.0;2017-06-20T21:00:00.000Z;1;ST8000DM002;ZA13R2H8;475
2018-01-01T10:25:35.409Z;1;8001563222016.0;2017-05-17T21:00:00.000Z;1;ST8000DM002;ZA10NDBS;361
2018-01-01T10:32:04.383Z;1;4000787030016.0;2017-05-21T21:00:00.000Z;1;HGST HMS5C4040BLE640;PL1331LAHET8XH;3507
2018-01-01T10:36:41.924Z;1;4000787030016.0;2017-05-24T21:00:00.000Z;1;ST4000DM000;Z302T736;443
2018-01-01T11:33:36.893Z;1;8001563222016.0;2017-06-28T21:00:00.000Z;1;ST8000DM002;ZA10SVW9;1551
2018-01-01T11:39:38.594Z;1;4000787030016.0;2016-12-31T22:00:00.000Z;1;ST4000DM000;Z3015LED;399
2018-01-01T12:21:16.923Z;1;8001563222016.0;2017-02-03T22:00:00.000Z;1;ST8000DM002;ZA1299CT;224
2018-01-01T12:24:36.464Z;1;4000787030016.0;2017-02-05T22:00:00.000Z;1;ST4000DX000;Z1Z05QM0;1262
2018-01-01T12:34:42.093Z;1;4000787030016.0;2017-02-12T22:00:00.000Z;1;ST4000DM000;S30115D0;173
2018-01-01T12:42:57.630Z;1;4000787030016.0;2017-02-18T22:00:00.000Z;1;ST4000DM000;Z304HPBP;235
2018-01-01T12:50:41.132Z;1;4000787030016.0;2017-02-23T22:00:00.000Z;1;ST4000DM000;S30070F5;1494
2018-01-01T12:50:57.360Z;1;160041885696.0;2017-02-23T22:00:00.000Z;1;ST3160318AS;6VYA6RMB;529
2018-01-01T12:37:27.447Z;1;4000787030016.0;2017-02-14T22:00:00.000Z;1;ST4000DM000;Z300XDJF;285
2018-01-01T12:44:42.581Z;1;4000787030016.0;2017-02-19T22:00:00.000Z;1;ST4000DM000;Z300WY1W;1940
2018-01-01T12:47:58.507Z;1;4000787030016.0;2017-02-21T22:00:00.000Z;1;ST4000DM000;Z3016PGW;196
2018-01-01T12:39:49.543Z;1;4000787030016.0;2017-02-16T22:00:00.000Z;1;ST4000DM000;Z3015C7W;62
2018-01-01T12:45:43.766Z;1;4000787030016.0;2017-02-20T22:00:00.000Z;1;ST4000DM000;Z300WPJA;1461
2018-01-01T12:27:37.805Z;1;4000787030016.0;2017-02-07T22:00:00.000Z;1;ST4000DM000;Z300KFRP;251
2018-01-01T12:27:25.154Z;1;4000787030016.0;2017-02-07T22:00:00.000Z;1;ST4000DM000;Z302JN3T;922
2018-01-01T12:15:46.352Z;1;4000787030016.0;2017-01-26T22:00:00.000Z;1;ST4000DM000;Z3029ANQ;216
2018-01-01T12:22:25.469Z;1;4000787030016.0;2017-02-04T22:00:00.000Z;1;ST4000DM000;Z300ZKG4;648
2018-01-01T12:25:47.686Z;1;4000787030016.0;2017-02-06T22:00:00.000Z;1;ST4000DM000;Z305DGTT;897
2018-01-01T12:16:01.104Z;1;4000787030016.0;2017-01-26T22:00:00.000Z;1;ST4000DM000;Z3055E8N;30
2018-01-01T12:23:54.567Z;1;4000787030016.0;2017-02-05T22:00:00.000Z;1;HGST HMS5C4040BLE640;PL2331LAH61XKJ;727
2018-01-01T12:27:19.486Z;1;4000787030016.0;2017-02-07T22:00:00.000Z;1;HGST HMS5C4040BLE640;PL2331LAHBT4NJ;832
2018-01-01T12:27:10.542Z;1;4000787030016.0;2017-02-07T22:00:00.000Z;1;ST4000DM000;Z300ZVAK;79
2018-01-01T12:16:40.240Z;1;4000787030016.0;2017-01-26T22:00:00.000Z;1;ST4000DM000;Z3011WJW;955
2018-01-01T12:25:21.220Z;1;4000787030016.0;2017-02-06T22:00:00.000Z;1;ST4000DM000;Z300GZ1J;2308
2018-01-01T12:30:07.819Z;1;4000787030016.0;2017-02-09T22:00:00.000Z;1;ST4000DM000;W300657K;78
2018-01-01T12:26:09.152Z;1;4000787030016.0;2017-02-06T22:00:00.000Z;1;ST4000DM000;Z303H8TP;208
2018-01-10T08:12:48.614Z;1;4000787030016.0;2016-11-30T22:00:00.000Z;1;ST4000DM000;Z3012XK4;756
2018-01-10T08:09:11.219Z;1;8001563222016.0;2016-11-28T22:00:00.000Z;1;ST8000DM002;ZA10Z42B;27
2018-01-10T08:09:13.352Z;1;4000787030016.0;2016-11-28T22:00:00.000Z;1;ST4000DM000;Z300GZ1F;540
2018-01-10T08:11:01.027Z;1;4000787030016.0;2016-11-29T22:00:00.000Z;1;ST4000DM000;W3009FB6;1875
2018-01-10T08:12:39.658Z;1;4000787030016.0;2016-11-30T22:00:00.000Z;1;ST4000DX000;Z1Z03F7N;424
2018-01-10T08:20:14.928Z;1;3000592982016.0;2016-12-05T22:00:00.000Z;1;Hitachi HDS5C3030ALA630;MJ1321YNG0TJBA;220
2018-01-10T08:22:18.366Z;1;4000787030016.0;2016-12-06T22:00:00.000Z;1;ST4000DM000;Z304JK7A;214
2018-01-10T08:22:43.505Z;1;4000787030016.0;2016-12-06T22:00:00.000Z;1;ST4000DM000;Z3029G1H;38
2018-01-10T08:23:57.032Z;1;6001175126016.0;2016-12-07T22:00:00.000Z;1;ST6000DX000;Z4D068RL;841
2018-01-10T08:24:01.917Z;1;4000787030016.0;2016-12-07T22:00:00.000Z;1;ST4000DM000;Z3053J69;1293
2018-01-10T12:11:52.738Z;1;8001563222016.0;2016-08-21T21:00:00.000Z;1;ST8000DM002;ZA12KEBM;818
2018-01-10T12:16:36.497Z;1;4000787030016.0;2016-08-24T21:00:00.000Z;1;ST4000DM000;Z305D5MZ;259
2018-01-10T11:45:37.126Z;1;4000787030016.0;2016-08-04T21:00:00.000Z;1;ST4000DM000;Z305Q0J8;213
2018-01-10T12:06:03.657Z;1;4000787030016.0;2016-08-17T21:00:00.000Z;1;ST4000DM000;Z305D34A;742
2018-01-10T11:22:50.627Z;1;4000787030016.0;2016-07-20T21:00:00.000Z;1;ST4000DM000;Z304Z7H2;93
2018-01-10T11:35:43.858Z;1;4000787030016.0;2016-07-29T21:00:00.000Z;1;ST4000DM000;Z304KCN5;717
2018-01-10T12:25:02.777Z;1;4000787030016.0;2016-08-30T21:00:00.000Z;1;ST4000DM000;Z300K8D5;549
2018-01-10T12:25:34.331Z;1;4000787030016.0;2016-08-30T21:00:00.000Z;1;ST4000DM000;Z304JW7S;89
2018-01-10T12:27:30.411Z;1;4000787030016.0;2016-08-31T21:00:00.000Z;1;ST4000DM000;Z3015Z3B;574
2018-01-10T12:28:41.610Z;1;6001175126016.0;2016-09-01T21:00:00.000Z;1;WDC WD60EFRX;WD-WX11DBBGB093;475
2018-01-10T12:30:58.047Z;1;4000787030016.0;2016-09-03T21:00:00.000Z;1;ST4000DM000;Z300ZV95;356
2018-01-10T12:30:59.120Z;1;4000787030016.0;2016-09-03T21:00:00.000Z;1;ST4000DM000;Z3029H4P;1925
2018-01-10T12:31:20.781Z;1;4000787030016.0;2016-09-03T21:00:00.000Z;1;ST4000DM000;Z3025KG8;515
2018-01-10T12:23:47.255Z;1;4000787030016.0;2016-08-29T21:00:00.000Z;1;ST4000DM000;Z305BB44;317
2018-01-10T11:58:19.660Z;1;4000787030016.0;2016-08-12T21:00:00.000Z;1;ST4000DM000;Z300ZRQM;2
2018-01-10T11:55:18.816Z;1;8001563222016.0;2016-08-10T21:00:00.000Z;1;ST8000DM002;ZA11WQH2;26
2018-01-10T07:48:26.034Z;1;3000592982016.0;2016-11-13T22:00:00.000Z;1;Hitachi HDS5C3030ALA630;MJ1311YNG7LWAA;2153
2018-01-10T08:08:06.685Z;1;4000787030016.0;2016-11-27T22:00:00.000Z;1;ST4000DM000;Z3001NG0;34
2018-01-10T08:06:59.601Z;1;4000787030016.0;2016-11-26T22:00:00.000Z;1;ST4000DM000;Z300ZTXK;271
2018-01-10T08:08:36.153Z;1;4000787030016.0;2016-11-27T22:00:00.000Z;1;HGST HMS5C4040ALE640;PL1331LAGSG02H;876
2018-01-10T07:55:25.247Z;1;3000592982016.0;2016-11-18T22:00:00.000Z;1;Hitachi HDS723030ALA640;MK0301YHGMHDHD;511
2018-01-10T12:35:23.447Z;1;320072933376.0;2016-09-06T21:00:00.000Z;1;ST320LT007;W0Q1SSE0;1165
2018-01-10T12:37:28.584Z;1;4000787030016.0;2016-09-07T21:00:00.000Z;1;HGST HMS5C4040BLE640;PL1331LAHDZ0UH;3139
2018-01-10T12:37:29.672Z;1;4000787030016.0;2016-09-07T21:00:00.000Z;1;ST4000DM000;W300H3GP;991
2018-01-10T12:38:30.111Z;1;4000787030016.0;2016-09-08T21:00:00.000Z;1;ST4000DM000;Z300GZ34;738
2018-01-10T12:38:53.265Z;1;4000787030016.0;2016-09-08T21:00:00.000Z;1;ST4000DM000;Z304EZL5;110
2018-01-10T12:40:03.657Z;1;6001175126016.0;2016-09-09T21:00:00.000Z;1;WDC WD60EFRX;WD-WX31D847KHLA;576
2018-01-10T12:36:18.917Z;1;6001175126016.0;2016-09-06T21:00:00.000Z;1;WDC WD60EFRX;WD-WX31D743YAF2;224
2018-01-10T12:36:33.864Z;1;4000787030016.0;2016-09-06T21:00:00.000Z;1;ST4000DM000;Z3015J3M;183
2018-01-10T12:40:52.919Z;1;4000787030016.0;2016-09-09T21:00:00.000Z;1;ST4000DM000;Z304EYKN;22
2018-01-10T12:35:32.814Z;1;4000787030016.0;2016-09-06T21:00:00.000Z;1;ST4000DX000;Z1Z05439;249
2018-01-10T12:41:45.892Z;1;4000787030016.0;2016-09-10T21:00:00.000Z;1;ST4000DM000;W301D5NF;433
2018-01-10T12:44:58.663Z;1;4000787030016.0;2016-09-12T21:00:00.000Z;1;ST4000DM000;Z3054PCD;890
2018-01-10T12:45:04.279Z;1;4000787030016.0;2016-09-12T21:00:00.000Z;1;ST4000DM000;Z305GVFS;253
2018-01-10T12:45:32.506Z;1;4000787030016.0;2016-09-13T21:00:00.000Z;1;ST4000DM000;Z3029GYZ;365
2018-01-10T12:45:25.921Z;1;8001563222016.0;2016-09-13T21:00:00.000Z;1;ST8000DM002;ZA11PTTG;177
2018-01-10T12:48:58.009Z;1;6001175126016.0;2016-09-15T21:00:00.000Z;1;WDC WD60EFRX;WD-WX21D947N7H5;1729
2018-01-10T12:50:52.331Z;1;4000787030016.0;2016-09-16T21:00:00.000Z;1;ST4000DM000;Z3025M9A;594
2018-01-10T12:47:07.286Z;1;4000787030016.0;2016-09-14T21:00:00.000Z;1;ST4000DM000;Z30250W7;1244
2018-01-10T12:51:53.498Z;1;4000787030016.0;2016-09-17T21:00:00.000Z;1;ST4000DM000;Z303ZYFD;172
2018-01-10T08:24:35.781Z;1;4000787030016.0;2016-12-07T22:00:00.000Z;1;ST4000DM000;Z300WWV7;149
2018-01-10T08:24:59.523Z;1;4000787030016.0;2016-12-08T22:00:00.000Z;1;ST4000DM000;Z3015C08;1100
2018-01-10T08:30:44.689Z;1;4000787030016.0;2016-12-11T22:00:00.000Z;1;ST4000DM000;Z306B7ZJ;1238
2018-01-10T08:30:54.828Z;1;4000787030016.0;2016-12-12T22:00:00.000Z;1;ST4000DM000;Z300K1RH;751
2018-01-10T12:09:46.217Z;1;4000787030016.0;2016-08-19T21:00:00.000Z;1;ST4000DM000;Z302B0B3;379
2018-01-10T12:12:31.430Z;1;6001175126016.0;2016-08-21T21:00:00.000Z;1;WDC WD60EFRX;WD-WX11D943555F;351
2018-01-10T12:12:23.684Z;1;4000787030016.0;2016-08-21T21:00:00.000Z;1;ST4000DM000;Z304HNKK;963
2018-01-10T12:54:56.526Z;1;4000787030016.0;2016-09-19T21:00:00.000Z;1;ST4000DM000;Z3051SXK;461
2018-01-10T12:55:25.296Z;1;4000787030016.0;2016-09-20T21:00:00.000Z;1;ST4000DM000;Z3025M2K;101
2018-01-10T08:33:10.295Z;1;4000787030016.0;2016-12-14T22:00:00.000Z;1;ST4000DM000;Z304QR0R;56
2018-01-10T08:36:44.241Z;1;4000787030016.0;2016-12-16T22:00:00.000Z;1;ST4000DM000;Z300GZ6V;811
2018-01-10T08:45:52.455Z;1;4000787030016.0;2016-12-22T22:00:00.000Z;1;ST4000DM000;S300ZS0Z;617
2018-01-10T08:32:01.516Z;1;4000787030016.0;2016-12-13T22:00:00.000Z;1;ST4000DM000;Z3029H48;608
2018-01-10T08:35:40.820Z;1;4000787030016.0;2016-12-16T22:00:00.000Z;1;HGST HMS5C4040BLE640;PL2331LAH32D7J;523
2018-01-10T08:35:42.489Z;1;4000787030016.0;2016-12-16T22:00:00.000Z;1;ST4000DM000;S300X96S;1003
2018-01-10T08:34:07.485Z;1;4000787030016.0;2016-12-15T22:00:00.000Z;1;ST4000DM000;Z3029BF8;601
2018-01-10T08:41:52.362Z;1;4000787030016.0;2016-12-20T22:00:00.000Z;1;ST4000DM000;S300XSFP;190
2018-01-10T08:50:06.629Z;1;8001563222016.0;2016-12-25T22:00:00.000Z;1;ST8000DM002;ZA12PTR5;540
2018-01-10T08:39:48.301Z;1;3000592982016.0;2016-12-18T22:00:00.000Z;1;Hitachi HDS723030ALA640;MK0333YHGNY76C;390
2018-01-10T08:47:05.646Z;1;6001175126016.0;2016-12-23T22:00:00.000Z;1;ST6000DX000;Z4D1Z8J1;1008
2018-01-10T08:33:30.630Z;1;4000787030016.0;2016-12-14T22:00:00.000Z;1;ST4000DM000;Z3029AKH;234
2018-01-10T08:38:34.915Z;1;4000787030016.0;2016-12-18T22:00:00.000Z;1;ST4000DM000;Z300GQDM;212
2018-01-10T10:49:10.799Z;1;4000787030016.0;2016-06-30T21:00:00.000Z;1;ST4000DM000;Z30416KZ;940
2018-01-10T08:55:45.430Z;1;8001563222016.0;2016-12-29T22:00:00.000Z;1;ST8000DM002;ZA10QN09;345
2018-01-10T08:55:54.688Z;1;3000592982016.0;2016-12-29T22:00:00.000Z;1;Hitachi HDS5C3030ALA630;MJ0351YNGA62NA;2291
2018-01-10T08:41:45.276Z;1;8001563222016.0;2016-12-20T22:00:00.000Z;1;ST8000DM002;ZA13ANRK;242
2018-01-10T08:44:36.088Z;1;4000787030016.0;2016-12-22T22:00:00.000Z;1;ST4000DM000;W300BNVP;2209
2018-01-10T11:19:49.294Z;1;4000787030016.0;2016-07-18T21:00:00.000Z;1;ST4000DM000;W3001FZP;1161
2018-01-10T11:03:00.539Z;1;4000787030016.0;2016-07-08T21:00:00.000Z;1;ST4000DM000;Z304JWJB;890
2018-01-10T11:08:48.234Z;1;4000787030016.0;2016-07-12T21:00:00.000Z;1;ST4000DM000;S300XANN;185
2018-01-10T11:13:28.460Z;1;160041885696.0;2016-07-14T21:00:00.000Z;1;WDC WD1600AAJS;WD-WCAYUEH50142;1270
2018-01-10T10:50:51.202Z;1;4000787030016.0;2016-07-01T21:00:00.000Z;1;ST4000DM000;Z3023XPN;36
2018-01-10T11:18:00.059Z;1;4000787030016.0;2016-07-17T21:00:00.000Z;1;ST4000DM000;Z305D5ML;3818
2018-01-10T11:07:09.939Z;1;4000787030016.0;2016-07-11T21:00:00.000Z;1;ST4000DM000;Z3015H5K;39
2018-01-10T10:51:24.969Z;1;4000787030016.0;2016-07-01T21:00:00.000Z;1;ST4000DM000;Z300GPSD;178
2018-01-10T11:04:39.582Z;1;4000787030016.0;2016-07-09T21:00:00.000Z;1;ST4000DM000;Z305CKQX;281
2018-01-10T11:08:14.562Z;1;4000787030016.0;2016-07-11T21:00:00.000Z;1;ST4000DM000;Z305FYYL;125
2018-01-10T11:20:28.092Z;1;4000787030016.0;2016-07-19T21:00:00.000Z;1;ST4000DM000;W300BBG0;245
2018-01-10T10:58:01.358Z;1;4000787030016.0;2016-07-05T21:00:00.000Z;1;ST4000DM000;Z304JGB2;1958
2018-01-10T11:02:31.394Z;1;4000787030016.0;2016-07-08T21:00:00.000Z;1;ST4000DM000;Z303Z6S1;494
2018-01-10T12:59:34.428Z;1;4000787030016.0;2016-09-23T21:00:00.000Z;1;ST4000DM000;Z3025K2X;1769
2018-01-12T06:43:42.810Z;1;4000787030016.0;2016-04-03T21:00:00.000Z;1;ST4000DM000;Z304QCQL;212
2018-01-12T06:52:39.646Z;1;4000787030016.0;2016-04-10T21:00:00.000Z;1;ST4000DM000;Z300XBVK;394
2018-01-12T06:53:07.053Z;1;4000787030016.0;2016-04-10T21:00:00.000Z;1;ST4000DM000;Z3025D48;827
2018-01-12T07:02:09.227Z;1;4000787030016.0;2016-04-17T21:00:00.000Z;1;ST4000DM000;Z3015CLH;619
2018-01-12T07:25:06.544Z;1;4000787030016.0;2016-05-07T21:00:00.000Z;1;ST4000DM000;Z3029ACM;153
2018-01-12T07:30:37.874Z;1;4000787030016.0;2016-05-10T21:00:00.000Z;1;ST4000DM000;Z30111H5;558
2018-01-12T07:20:15.849Z;1;4000787030016.0;2016-05-02T21:00:00.000Z;1;ST4000DM000;Z300QGC8;923
2018-01-12T07:27:25.277Z;1;4000787030016.0;2016-05-08T21:00:00.000Z;1;ST4000DM000;Z304156N;453
2018-01-12T07:17:39.374Z;1;3000592982016.0;2016-04-30T21:00:00.000Z;1;Hitachi HDS5C3030ALA630;MJ1321YNG0KG8A;37
2018-01-12T07:22:27.889Z;1;4000787030016.0;2016-05-04T21:00:00.000Z;1;HGST HMS5C4040BLE640;PL2331LAGM8EMJ;161
2018-01-12T07:28:56.950Z;1;4000787030016.0;2016-05-09T21:00:00.000Z;1;ST4000DM000;Z300GYVB;1337
2018-01-12T07:29:13.195Z;1;4000787030016.0;2016-05-09T21:00:00.000Z;1;ST4000DM000;Z3059BAW;583
2018-01-12T07:16:16.750Z;1;4000787030016.0;2016-04-29T21:00:00.000Z;1;ST4000DM000;Z3051QQ3;586
2018-01-12T07:26:47.212Z;1;3000592982016.0;2016-05-08T21:00:00.000Z;1;WDC WD30EFRX;WD-WMC1T0895045;68
2018-01-12T07:33:35.944Z;1;4000787030016.0;2016-05-12T21:00:00.000Z;1;ST4000DM000;Z304ZEJL;78
2018-01-12T07:33:43.624Z;1;4000787030016.0;2016-05-12T21:00:00.000Z;1;ST4000DM000;S300Z62S;94
2018-01-10T13:04:02.406Z;1;4000787030016.0;2016-09-26T21:00:00.000Z;1;ST4000DM000;W300KKJ0;380
2018-01-12T06:45:24.390Z;1;320072933376.0;2016-04-04T21:00:00.000Z;1;ST320LT007;W0Q7G3SQ;123
2018-01-10T12:57:54.821Z;1;6001175126016.0;2016-09-22T21:00:00.000Z;1;ST6000DX000;Z4D05RYT;1007
2018-01-12T06:41:45.388Z;1;4000787030016.0;2016-04-01T21:00:00.000Z;1;ST4000DM000;Z3052Z9E;303
2018-01-12T06:54:13.179Z;1;4000787030016.0;2016-04-11T21:00:00.000Z;1;ST4000DM000;Z300GZ2B;132
2018-01-10T13:01:21.086Z;1;4000787030016.0;2016-09-24T21:00:00.000Z;1;ST4000DM000;Z300GZ9M;738
2018-01-10T13:00:21.569Z;1;4000787030016.0;2016-09-23T21:00:00.000Z;1;ST4000DM000;Z3014PBZ;38
2018-01-10T13:05:47.481Z;1;4000787030016.0;2016-09-27T21:00:00.000Z;1;ST4000DM000;W300BND1;290
2018-01-12T06:43:39.299Z;1;4000787030016.0;2016-04-03T21:00:00.000Z;1;ST4000DM000;S300XR31;290
2018-01-10T13:00:39.129Z;1;4000787030016.0;2016-09-23T21:00:00.000Z;1;ST4000DM000;Z303VDR4;1956
2018-01-10T13:02:53.783Z;1;4000787030016.0;2016-09-25T21:00:00.000Z;1;ST4000DM000;Z3011W91;483
2018-01-10T13:06:50.100Z;1;3000592982016.0;2016-09-28T21:00:00.000Z;1;WDC WD30EFRX;WD-WCC4N0HT6DU5;452
2018-01-10T11:43:02.314Z;1;4000787030016.0;2016-08-03T21:00:00.000Z;1;ST4000DM000;Z3016PEZ;101
2018-01-10T11:38:12.122Z;1;4000787030016.0;2016-07-30T21:00:00.000Z;1;ST4000DM000;Z302R488;797
2018-01-10T11:40:27.744Z;1;4000787030016.0;2016-08-01T21:00:00.000Z;1;ST4000DM000;Z30417X8;450
2018-01-10T11:40:33.409Z;1;2000398934016.0;2016-08-01T21:00:00.000Z;1;Hitachi HDS722020ALA330;JK1171YAK202SN;892
2018-01-10T11:43:14.107Z;1;4000787030016.0;2016-08-03T21:00:00.000Z;1;ST4000DM000;Z305G1KP;1124
2018-01-10T11:22:39.164Z;1;1500301910016.0;2016-07-20T21:00:00.000Z;1;ST31500541AS;6XW029G7;982
2018-01-10T11:23:55.780Z;1;6001175126016.0;2016-07-21T21:00:00.000Z;1;WDC WD60EFRX;WD-WX21D7453VCL;698
2018-01-10T11:22:34.563Z;1;1500301910016.0;2016-07-20T21:00:00.000Z;1;ST31500541AS;6XW00MWE;967
2018-01-10T11:28:56.554Z;1;8001563222016.0;2016-07-24T21:00:00.000Z;1;ST8000DM002;ZA10NFC1;487
2018-01-10T11:30:11.538Z;1;4000787030016.0;2016-07-25T21:00:00.000Z;1;ST4000DM000;Z305AJV0;883
2018-01-12T07:14:00.097Z;1;4000787030016.0;2016-04-27T21:00:00.000Z;1;ST4000DM000;Z30250YD;1231
2018-01-12T07:09:53.160Z;1;4000787030016.0;2016-04-23T21:00:00.000Z;1;ST4000DX000;Z1Z05984;633
2018-01-12T07:02:33.073Z;1;4000787030016.0;2016-04-17T21:00:00.000Z;1;ST4000DM000;W300J7W8;891
2018-01-12T07:12:08.782Z;1;4000787030016.0;2016-04-25T21:00:00.000Z;1;ST4000DM000;Z300GQCN;1723
2018-01-12T07:13:44.029Z;1;320072933376.0;2016-04-27T21:00:00.000Z;1;ST320LT007;W0Q7D8BK;318
2018-01-12T07:13:44.240Z;1;320072933376.0;2016-04-27T21:00:00.000Z;1;ST320LT007;W0Q7G36S;143
2018-01-12T07:13:45.723Z;1;320072933376.0;2016-04-27T21:00:00.000Z;1;ST320LT007;W0Q6GWHX;53
2018-01-12T07:13:40.733Z;1;320072933376.0;2016-04-27T21:00:00.000Z;1;ST320LT007;W0Q7G3JM;1357
2018-01-12T07:04:52.129Z;1;3000592982016.0;2016-04-19T21:00:00.000Z;1;TOSHIBA DT01ACA300;13H883WAS;568
2018-01-12T07:05:53.074Z;1;2000398934016.0;2016-04-20T21:00:00.000Z;1;Hitachi HDS722020ALA330;JK1101B9GEJEUF;1559
2018-01-12T06:58:02.243Z;1;4000787030016.0;2016-04-14T21:00:00.000Z;1;ST4000DM000;S300Z46R;233
2018-01-12T07:04:18.190Z;1;4000787030016.0;2016-04-19T21:00:00.000Z;1;ST4000DM000;Z305GV9E;224
2018-01-12T07:11:28.751Z;1;4000787030016.0;2016-04-25T21:00:00.000Z;1;ST4000DM000;Z300XNXP;74
2018-01-12T07:40:54.548Z;1;4000787030016.0;2016-05-18T21:00:00.000Z;1;ST4000DM000;W300L073;2561
2018-01-12T07:44:28.908Z;1;4000787030016.0;2016-05-21T21:00:00.000Z;1;ST4000DM000;Z3029AAE;2360
2018-01-12T07:35:05.117Z;1;4000787030016.0;2016-05-13T21:00:00.000Z;1;ST4000DM000;Z300K0ZJ;160
2018-01-12T07:38:44.410Z;1;4000787030016.0;2016-05-16T21:00:00.000Z;1;ST4000DM000;Z300GQ0W;243
2018-01-12T07:49:40.307Z;1;2000398934016.0;2016-05-25T21:00:00.000Z;1;Hitachi HDS722020ALA330;JK1131YAHP3NEV;952
2018-01-12T07:45:48.818Z;1;2000398934016.0;2016-05-22T21:00:00.000Z;1;Hitachi HDS722020ALA330;JK11A8B9J3L76F;538
2018-01-12T07:39:00.841Z;1;3000592982016.0;2016-05-16T21:00:00.000Z;1;Hitachi HDS5C3030ALA630;MJ1311YNG7JNUA;1294
2018-01-12T07:36:28.695Z;1;2000398934016.0;2016-05-14T21:00:00.000Z;1;WDC WD20EFRX;WD-WCC4M1HSVKA4;296
2018-01-12T07:49:17.052Z;1;3000592982016.0;2016-05-25T21:00:00.000Z;1;Hitachi HDS5C3030ALA630;MJ1311YNG31M5A;1424
2018-01-12T07:50:50.485Z;1;4000787030016.0;2016-05-26T21:00:00.000Z;1;ST4000DX000;Z1Z03H2G;1390
2018-01-12T07:57:03.025Z;1;320072933376.0;2016-05-31T21:00:00.000Z;1;ST9320325AS;6VDHZK5M;325
2018-01-12T08:05:34.249Z;1;4000787030016.0;2016-06-06T21:00:00.000Z;1;ST4000DM000;Z302EPA7;2057
2018-01-12T07:54:20.087Z;1;4000787030016.0;2016-05-29T21:00:00.000Z;1;ST4000DM000;Z304KCRT;580
2018-01-12T08:01:39.460Z;1;160041885696.0;2016-06-03T21:00:00.000Z;1;WDC WD1600AAJS;WD-WCAYV1866163;205
2018-01-12T08:04:28.807Z;1;4000787030016.0;2016-06-06T21:00:00.000Z;1;ST4000DM000;Z300GPW2;941
2018-01-12T07:51:09.031Z;1;4000787030016.0;2016-05-26T21:00:00.000Z;1;ST4000DX000;Z1Z053GQ;112
2018-01-12T07:51:59.533Z;1;4000787030016.0;2016-05-27T21:00:00.000Z;1;ST4000DM000;Z3025LKN;304
2018-01-12T07:56:04.936Z;1;4000787030016.0;2016-05-30T21:00:00.000Z;1;ST4000DM000;Z304LEFK;584
2018-01-12T08:29:49.336Z;1;4000787030016.0;2016-06-25T21:00:00.000Z;1;ST4000DM000;S300Z6J9;51
2018-01-12T08:31:32.112Z;1;4000787030016.0;2016-06-26T21:00:00.000Z;1;ST4000DM000;Z3024VZS;152
2018-01-12T08:32:02.232Z;1;4000787030016.0;2016-06-27T21:00:00.000Z;1;ST4000DM000;Z3012X9V;779
2018-01-12T08:33:32.183Z;1;4000787030016.0;2016-06-28T21:00:00.000Z;1;ST4000DM000;Z305D6GH;1974
2018-01-12T08:28:20.858Z;1;4000787030016.0;2016-06-24T21:00:00.000Z;1;ST4000DM000;Z300GZE7;975
2018-01-12T08:46:30.656Z;1;4000787030016.0;2016-01-01T22:00:00.000Z;1;ST4000DM000;S301146W;894
2018-01-12T08:46:46.185Z;1;4000787030016.0;2016-01-01T22:00:00.000Z;1;ST4000DM000;Z300GPY9;93
2018-01-12T08:15:40.956Z;1;4000787030016.0;2016-06-14T21:00:00.000Z;1;ST4000DM000;Z305NX35;668
2018-01-12T08:16:14.709Z;1;4000787030016.0;2016-06-14T21:00:00.000Z;1;ST4000DM000;S30117JJ;385
2018-01-12T08:16:32.211Z;1;4000787030016.0;2016-06-15T21:00:00.000Z;1;ST4000DM000;Z3015M0P;2546
2018-01-12T08:16:38.535Z;1;4000787030016.0;2016-06-15T21:00:00.000Z;1;ST4000DM000;Z304HP8Q;584
2018-01-12T08:17:27.960Z;1;4000787030016.0;2016-06-15T21:00:00.000Z;1;ST4000DM000;Z300XQ5K;105
2018-02-15T06:42:41.672Z;1;4000787030016.0;2017-10-10T21:00:00.000Z;1;ST4000DM000;Z3011RDM;1091
2018-02-15T06:44:33.616Z;1;4000787030016.0;2017-10-11T21:00:00.000Z;1;ST4000DM000;Z305GJJF;972
2018-02-15T06:50:38.614Z;1;4000787030016.0;2017-10-15T21:00:00.000Z;1;ST4000DM000;S300Z5PN;1937
2018-02-15T06:43:23.805Z;1;4000787030016.0;2017-10-11T21:00:00.000Z;1;ST4000DM000;Z304YCM7;1870
2018-01-12T12:41:36.848Z;1;4000787030016.0;2016-03-27T21:00:00.000Z;1;ST4000DM000;Z305D641;281
2018-02-15T07:03:53.142Z;1;4000787030016.0;2017-10-22T21:00:00.000Z;1;ST4000DM000;W300BH77;451
2018-02-15T06:45:32.286Z;1;4000787030016.0;2017-10-12T21:00:00.000Z;1;ST4000DM000;Z300GPVL;758
2018-01-12T08:49:09.044Z;1;2000398934016.0;2016-01-03T22:00:00.000Z;1;Hitachi HDS722020ALA330;JK11A8B9HTY23F;181
2018-01-12T08:49:44.186Z;1;4000787030016.0;2016-01-03T22:00:00.000Z;1;ST4000DM000;S3007K7N;218
2018-01-12T08:53:05.741Z;1;3000592982016.0;2016-01-06T22:00:00.000Z;1;Hitachi HDS5C3030ALA630;MJ1311YNG3AUYA;810
2018-01-12T08:53:19.442Z;1;4000787030016.0;2016-01-06T22:00:00.000Z;1;ST4000DM000;Z300NK93;99
2018-01-12T08:54:05.589Z;1;4000787030016.0;2016-01-07T22:00:00.000Z;1;ST4000DM000;W300H36V;1959
2018-01-12T08:49:37.100Z;1;4000787030016.0;2016-01-03T22:00:00.000Z;1;ST4000DM000;Z304JD7V;701
2018-01-12T08:50:59.279Z;1;80026361856.0;2016-01-04T22:00:00.000Z;1;WDC WD800AAJB;WD-WCAV39016131;201
2018-01-12T08:52:21.051Z;1;4000787030016.0;2016-01-05T22:00:00.000Z;1;ST4000DM000;Z303RK24;455
2018-01-12T08:53:35.355Z;1;4000787030016.0;2016-01-06T22:00:00.000Z;1;HGST HMS5C4040ALE640;PL2331LAGUJLMJ;552
2018-01-12T08:19:32.127Z;1;4000787030016.0;2016-06-17T21:00:00.000Z;1;ST4000DM000;Z300WWJX;5
2018-01-12T08:20:23.650Z;1;4000787030016.0;2016-06-18T21:00:00.000Z;1;ST4000DM000;Z3041DV0;40
2018-01-12T08:25:30.947Z;1;4000787030016.0;2016-06-22T21:00:00.000Z;1;ST4000DM000;W300AZSC;907
2018-01-12T08:29:06.235Z;1;4000787030016.0;2016-06-24T21:00:00.000Z;1;ST4000DM000;Z30111CA;284
2018-02-15T07:05:43.258Z;1;4000787030016.0;2017-10-24T21:00:00.000Z;1;ST4000DM000;Z300GQB6;1138
2018-02-15T07:05:49.316Z;1;4000787030016.0;2017-10-24T21:00:00.000Z;1;ST4000DX000;Z1Z02W1K;117
2018-02-15T07:05:44.589Z;1;4000787030016.0;2017-10-24T21:00:00.000Z;1;ST4000DM000;Z306MW5B;172
2018-02-15T07:07:06.055Z;1;4000787030016.0;2017-10-24T21:00:00.000Z;1;HGST HMS5C4040BLE640;PL1331LAHDNXHH;428
2018-02-15T07:09:04.335Z;1;8001563222016.0;2017-10-26T21:00:00.000Z;1;ST8000NM0055;ZA12VF19;63
2018-02-15T07:09:32.576Z;1;4000787030016.0;2017-10-26T21:00:00.000Z;1;ST4000DM000;Z300JDZC;1280
2018-01-12T11:55:52.988Z;1;250059350016.0;2016-02-16T22:00:00.000Z;1;ST250LT007;W0Q51P7E;863
2018-01-12T11:46:52.645Z;1;3000592982016.0;2016-02-09T22:00:00.000Z;1;WDC WD30EFRX;WD-WCC4N0381262;998
2018-01-12T11:47:48.522Z;1;4000787030016.0;2016-02-09T22:00:00.000Z;1;ST4000DM000;Z302A1A8;1654
2018-01-12T09:13:02.399Z;1;4000787030016.0;2016-01-25T22:00:00.000Z;1;ST4000DM000;Z3010TF8;72
2018-01-12T09:13:10.574Z;1;4000787030016.0;2016-01-25T22:00:00.000Z;1;ST4000DM000;S301147M;1739
2018-01-12T11:53:30.550Z;1;4000787030016.0;2016-02-14T22:00:00.000Z;1;ST4000DM000;Z303H7L6;176
2018-01-12T11:58:50.784Z;1;2000398934016.0;2016-02-18T22:00:00.000Z;1;Hitachi HDS722020ALA330;JK1105B8GDLYGX;603
2018-01-12T11:45:55.061Z;1;4000787030016.0;2016-02-08T22:00:00.000Z;1;ST4000DM000;Z304KC9Q;504
2018-01-12T11:57:01.701Z;1;4000787030016.0;2016-02-17T22:00:00.000Z;1;ST4000DM000;W300BDYL;80
2018-01-12T11:57:55.635Z;1;2000398934016.0;2016-02-18T22:00:00.000Z;1;Hitachi HDS722020ALA330;JK1105B8GG422X;990
2018-01-12T11:58:00.148Z;1;4000787030016.0;2016-02-18T22:00:00.000Z;1;ST4000DM000;W300AS8S;999
2018-01-12T11:44:03.302Z;1;4000787030016.0;2016-02-06T22:00:00.000Z;1;ST4000DM000;W300SSAJ;733
2018-01-12T11:53:14.596Z;1;6001175126016.0;2016-02-13T22:00:00.000Z;1;WDC WD60EFRX;WD-WX51H3405298;325
2018-01-12T11:53:14.754Z;1;4000787030016.0;2016-02-13T22:00:00.000Z;1;ST4000DM000;Z300T8HH;1917
2018-01-12T11:58:11.667Z;1;4000787030016.0;2016-02-18T22:00:00.000Z;1;ST4000DM000;Z3025LR7;39
2018-01-12T12:01:50.306Z;1;4000787030016.0;2016-02-21T22:00:00.000Z;1;ST4000DM000;Z302AL95;103
2018-01-12T09:06:59.468Z;1;320072933376.0;2016-01-20T22:00:00.000Z;1;ST320LT007;W0Q26EE1;28
2018-01-12T09:07:24.399Z;1;4000787030016.0;2016-01-20T22:00:00.000Z;1;Hitachi HDS5C4040ALE630;PL1311LAG3D6WH;146
2018-01-12T09:03:12.892Z;1;4000787030016.0;2016-01-16T22:00:00.000Z;1;ST4000DM000;Z30177ZE;1219
2018-01-12T11:37:16.680Z;1;4000787030016.0;2016-02-01T22:00:00.000Z;1;ST4000DM000;W30074QA;288
2018-01-12T09:06:50.476Z;1;4000787030016.0;2016-01-19T22:00:00.000Z;1;ST4000DM000;Z3024W2C;493
2018-01-12T11:36:58.727Z;1;4000787030016.0;2016-01-31T22:00:00.000Z;1;ST4000DM000;Z300PBKN;1447
2018-01-12T09:04:25.590Z;1;320072933376.0;2016-01-17T22:00:00.000Z;1;ST320LT007;W0Q1LBWJ;1
2018-01-12T11:38:55.661Z;1;320072933376.0;2016-02-02T22:00:00.000Z;1;ST320LT007;W0Q1YSGN;544
2018-01-12T09:01:21.093Z;1;4000787030016.0;2016-01-14T22:00:00.000Z;1;ST4000DM000;Z300KCMM;586
2018-01-12T09:01:35.720Z;1;4000787030016.0;2016-01-14T22:00:00.000Z;1;ST4000DM000;Z3016R9W;781
2018-01-12T09:05:01.860Z;1;4000787030016.0;2016-01-18T22:00:00.000Z;1;ST4000DM000;W300SSCN;819
2018-01-12T09:12:12.267Z;1;4000787030016.0;2016-01-24T22:00:00.000Z;1;ST4000DM000;Z3006VN2;472
2018-01-12T09:05:43.071Z;1;250059350016.0;2016-01-18T22:00:00.000Z;1;ST9250315AS;S2X3XHVM;326
2018-01-12T09:14:21.807Z;1;160041885696.0;2016-01-26T22:00:00.000Z;1;WDC WD1600BPVT;WD-WX61E82AXE53;430
2018-01-12T09:17:37.803Z;1;4000787030016.0;2016-01-30T22:00:00.000Z;1;ST4000DM000;Z3025Z3Q;2
2018-01-12T11:39:21.465Z;1;320072933376.0;2016-02-02T22:00:00.000Z;1;ST320LT007;W0Q24RHP;832
2018-01-12T08:56:08.360Z;1;2000398934016.0;2016-01-09T22:00:00.000Z;1;Hitachi HDS722020ALA330;JK1101B9JP60TU;215
2018-01-12T08:57:27.396Z;1;4000787030016.0;2016-01-10T22:00:00.000Z;1;ST4000DM000;Z300XE6A;379
2018-02-15T06:26:13.652Z;1;4000787030016.0;2017-10-01T21:00:00.000Z;1;ST4000DM000;W3004Z5F;943
2018-02-15T06:30:39.887Z;1;4000787030016.0;2017-10-04T21:00:00.000Z;1;HGST HMS5C4040BLE640;PL2331LAH2ZJEJ;839
2018-02-15T06:37:03.521Z;1;4000787030016.0;2017-10-07T21:00:00.000Z;1;ST4000DM000;Z300YNFV;25
2018-02-15T06:31:46.711Z;1;4000787030016.0;2017-10-04T21:00:00.000Z;1;ST4000DM000;Z304LAPA;57
2018-02-15T06:37:37.904Z;1;4000787030016.0;2017-10-07T21:00:00.000Z;1;ST4000DM000;Z305DHW3;153
2018-01-12T12:02:04.960Z;1;4000787030016.0;2016-02-22T22:00:00.000Z;1;HGST HMS5C4040ALE640;PL2331LAGPA83J;2499
2018-01-12T12:09:14.972Z;1;3000592982016.0;2016-02-28T22:00:00.000Z;1;WDC WD30EFRX;WD-WMC4N1051956;323
2018-01-12T12:18:26.062Z;1;320072933376.0;2016-03-06T22:00:00.000Z;1;ST320LT007;W0Q7G3VJ;1353
2018-01-12T12:05:11.865Z;1;3000592982016.0;2016-02-24T22:00:00.000Z;1;Hitachi HDS5C3030ALA630;MJ0351YNGA0SBA;101
2018-01-12T12:12:27.738Z;1;4000787030016.0;2016-03-02T22:00:00.000Z;1;Hitachi HDS5C4040ALE630;PL1321LAG34N8H;1736
2018-01-12T12:12:24.384Z;1;4000787030016.0;2016-03-02T22:00:00.000Z;1;ST4000DM000;Z303KH9F;20
2018-01-12T12:22:35.508Z;1;4000787030016.0;2016-03-10T22:00:00.000Z;1;ST4000DM000;Z300GYT5;1175
2018-01-12T12:04:50.405Z;1;4000787030016.0;2016-02-24T22:00:00.000Z;1;ST4000DM000;Z300V2E9;2
2018-01-12T12:07:54.348Z;1;4000787030016.0;2016-02-27T22:00:00.000Z;1;ST4000DM000;Z3015HLP;1010
2018-01-12T12:13:36.118Z;1;4000787030016.0;2016-03-03T22:00:00.000Z;1;ST4000DM000;Z302BYDV;29
2018-01-12T12:17:43.827Z;1;320072933376.0;2016-03-06T22:00:00.000Z;1;ST320LT007;W0Q7FCF6;400
2018-01-12T12:17:44.044Z;1;320072933376.0;2016-03-06T22:00:00.000Z;1;ST320LT007;W0Q7G3JF;25
2018-01-12T12:13:05.649Z;1;1000204886016.0;2016-03-02T22:00:00.000Z;1;WDC WD10EADS;WD-WCAU45692971;195
2018-01-12T12:12:47.093Z;1;1000204886016.0;2016-03-02T22:00:00.000Z;1;WDC WD10EADS;WD-WCAU4D819894;137
2018-01-12T12:12:43.436Z;1;1000204886016.0;2016-03-02T22:00:00.000Z;1;WDC WD10EADS;WD-WCAU47214238;1915
2018-01-12T12:17:29.806Z;1;320072933376.0;2016-03-06T22:00:00.000Z;1;ST320LT007;W0Q7G3PZ;1716
2018-02-15T07:37:33.736Z;1;8001563222016.0;2017-11-10T22:00:00.000Z;1;ST8000DM002;ZA13R3W4;693
2018-02-15T07:39:10.152Z;1;4000787030016.0;2017-11-11T22:00:00.000Z;1;ST4000DM000;Z300ZTPP;250
2018-02-15T07:13:54.609Z;1;4000787030016.0;2017-10-28T21:00:00.000Z;1;ST4000DM000;S300XCS9;1103
2018-02-15T07:18:20.970Z;1;4000787030016.0;2017-10-31T22:00:00.000Z;1;ST4000DM000;Z305D3DH;2062
2018-02-15T07:13:34.478Z;1;4000787030016.0;2017-10-28T21:00:00.000Z;1;ST4000DM000;Z3053FD8;1881
2018-02-15T07:19:10.385Z;1;4000787030016.0;2017-11-01T22:00:00.000Z;1;ST4000DM000;Z3010CGY;1328
2018-01-12T12:29:24.752Z;1;4000787030016.0;2016-03-17T22:00:00.000Z;1;ST4000DM000;W30061M8;140
2018-01-12T12:31:16.932Z;1;4000787030016.0;2016-03-19T22:00:00.000Z;1;ST4000DM000;Z300KHJM;493
2018-01-12T12:29:17.961Z;1;3000592982016.0;2016-03-17T22:00:00.000Z;1;WDC WD30EFRX;WD-WMC4N0D5HV7F;10
2018-01-12T12:33:47.234Z;1;4000787030016.0;2016-03-21T22:00:00.000Z;1;Hitachi HDS5C4040ALE630;PL1321LAG2DHGH;87
2018-01-12T12:27:34.101Z;1;80026361856.0;2016-03-15T22:00:00.000Z;1;WDC WD800BB;WD-WCAMD3184748;563
2018-01-12T12:34:14.220Z;1;2000398934016.0;2016-03-22T22:00:00.000Z;1;Hitachi HDS722020ALA330;JK11A8B9GPHTNF;486
2018-01-12T12:34:08.062Z;1;4000787030016.0;2016-03-22T22:00:00.000Z;1;ST4000DM000;Z305G5Y9;705
2018-01-12T12:34:37.801Z;1;4000787030016.0;2016-03-22T22:00:00.000Z;1;ST4000DM000;Z300WJP9;879
2018-01-12T12:30:06.865Z;1;160041885696.0;2016-03-18T22:00:00.000Z;1;ST3160318AS;9VY8VP6C;459
2018-01-12T12:32:09.836Z;1;3000592982016.0;2016-03-20T22:00:00.000Z;1;Hitachi HDS5C3030ALA630;MJ0351YNG9Z5WA;803
2018-02-15T07:13:10.484Z;1;4000787030016.0;2017-10-28T21:00:00.000Z;1;ST4000DM000;W3004Z5N;16
2018-02-15T07:16:23.011Z;1;8001563222016.0;2017-10-30T22:00:00.000Z;1;ST8000NM0055;ZA13FRZN;1301
2018-02-15T07:48:56.145Z;1;4000787030016.0;2017-11-18T22:00:00.000Z;1;ST4000DM000;Z304K5XX;22
2018-02-15T07:51:07.280Z;1;4000787030016.0;2017-11-19T22:00:00.000Z;1;ST4000DM000;Z300DL92;600
2018-02-15T07:55:21.603Z;1;8001563222016.0;2017-11-21T22:00:00.000Z;1;ST8000DM002;ZA124621;153
2018-02-15T07:25:34.953Z;1;12000138625024.0;2017-11-04T22:00:00.000Z;1;ST12000NM0007;ZCH074QB;116
2018-02-15T07:33:55.500Z;1;4000787030016.0;2017-11-08T22:00:00.000Z;1;ST4000DM000;Z3015L1H;1390
2018-02-15T07:37:04.271Z;1;500107862016.0;2017-11-10T22:00:00.000Z;1;ST500LM012 HN;S2ZYJ9BF519192;289
2018-02-15T07:42:58.775Z;1;4000787030016.0;2017-11-14T22:00:00.000Z;1;ST4000DM000;Z300GZCY;345
2018-02-15T07:48:05.775Z;1;4000787030016.0;2017-11-17T22:00:00.000Z;1;ST4000DM000;Z30485H7;1852
2018-02-15T07:50:37.484Z;1;500107862016.0;2017-11-19T22:00:00.000Z;1;TOSHIBA MQ01ABF050;87DFWOGHT;301
2018-02-15T07:43:03.768Z;1;4000787030016.0;2017-11-14T22:00:00.000Z;1;ST4000DM001;W4J1L0YG;1998
2018-02-15T07:59:55.478Z;1;4000787030016.0;2017-11-24T22:00:00.000Z;1;ST4000DM000;Z305HW51;377
2018-02-15T08:00:06.444Z;1;4000787030016.0;2017-11-24T22:00:00.000Z;1;ST4000DM000;Z300GYTF;390
2018-02-15T08:11:44.025Z;1;4000787030016.0;2017-11-30T22:00:00.000Z;1;ST4000DM000;Z304JWJE;163
2018-02-15T08:06:04.186Z;1;4000787030016.0;2017-11-27T22:00:00.000Z;1;ST4000DM000;Z304HSGQ;951
2018-02-15T08:13:41.711Z;1;4000787030016.0;2017-12-01T22:00:00.000Z;1;ST4000DM000;W300CDRJ;393
2018-02-15T08:09:15.893Z;1;4000787030016.0;2017-11-29T22:00:00.000Z;1;ST4000DM000;Z3025RYQ;211
2018-02-15T08:30:23.456Z;1;12000138625024.0;2017-12-10T22:00:00.000Z;1;ST12000NM0007;ZCH08456;137
2018-02-15T08:18:59.866Z;1;4000787030016.0;2017-12-04T22:00:00.000Z;1;ST4000DM000;Z305BH1A;27
2018-02-15T08:30:21.749Z;1;4000787030016.0;2017-12-10T22:00:00.000Z;1;ST4000DM000;Z304JWC5;1617
2018-02-15T08:12:40.849Z;1;4000787030016.0;2017-12-01T22:00:00.000Z;1;ST4000DM000;Z3056BR1;20
2018-02-15T08:16:27.591Z;1;8001563222016.0;2017-12-03T22:00:00.000Z;1;ST8000NM0055;ZA1819AH;3299
2018-02-15T08:16:31.017Z;1;4000787030016.0;2017-12-03T22:00:00.000Z;1;ST4000DM000;Z300P8A5;484
2018-02-15T08:23:25.965Z;1;4000787030016.0;2017-12-06T22:00:00.000Z;1;ST4000DM000;Z3016QT3;393
2018-02-15T08:08:01.820Z;1;250059350016.0;2017-11-28T22:00:00.000Z;1;ST250LM004 HN;S2T0J9BCB03126;790
2018-02-15T08:07:57.262Z;1;8001563222016.0;2017-11-28T22:00:00.000Z;1;ST8000NM0055;ZA16DT2P;92
2018-02-15T08:15:25.470Z;1;8001563222016.0;2017-12-02T22:00:00.000Z;1;ST8000NM0055;ZA131HT8;1156
2018-02-15T08:21:08.623Z;1;12000138625024.0;2017-12-05T22:00:00.000Z;1;ST12000NM0007;ZCH06J5S;438
2018-02-15T08:21:21.730Z;1;4000787030016.0;2017-12-05T22:00:00.000Z;1;ST4000DM000;S300VKP4;447
2018-02-15T08:05:46.874Z;1;4000787030016.0;2017-11-27T22:00:00.000Z;1;ST4000DM000;Z304HSDC;309
2018-02-15T08:25:42.239Z;1;4000787030016.0;2017-12-07T22:00:00.000Z;1;ST4000DM000;Z3029F5K;346
2018-02-15T08:12:05.172Z;1;4000787030016.0;2017-12-01T22:00:00.000Z;1;ST4000DM000;Z301CEB2;94
2018-02-15T08:22:59.586Z;1;8001563222016.0;2017-12-06T22:00:00.000Z;1;ST8000NM0055;ZA180QCK;889
2018-02-15T08:23:06.794Z;1;8001563222016.0;2017-12-06T22:00:00.000Z;1;ST8000NM0055;ZA1816DC;406
2018-02-15T08:30:48.180Z;1;4000787030016.0;2017-12-10T22:00:00.000Z;1;ST4000DM000;Z305CDGX;30
2018-02-15T08:51:53.156Z;1;8001563222016.0;2017-12-22T22:00:00.000Z;1;ST8000DM002;ZA10NDSM;920
2018-02-15T08:35:44.140Z;1;8001563222016.0;2017-12-13T22:00:00.000Z;1;ST8000NM0055;ZA154SHR;59
2018-02-15T08:32:48.603Z;1;12000138625024.0;2017-12-11T22:00:00.000Z;1;ST12000NM0007;ZCH07B90;1911
2018-02-15T08:35:24.699Z;1;8001563222016.0;2017-12-13T22:00:00.000Z;1;ST8000NM0055;ZA16T9WX;1411
2018-02-15T08:45:15.215Z;1;4000787030016.0;2017-12-18T22:00:00.000Z;1;HGST HMS5C4040BLE640;PL2331LAHDW9LJ;5
2018-02-15T08:48:28.066Z;1;250059350016.0;2017-12-20T22:00:00.000Z;1;ST9250315AS;S2X6BY5N;59
2018-02-15T08:53:19.515Z;1;8001563222016.0;2017-12-23T22:00:00.000Z;1;ST8000DM002;ZA136W64;51
2018-02-15T08:50:08.759Z;1;12000138625024.0;2017-12-21T22:00:00.000Z;1;ST12000NM0007;ZCH08192;229
2018-02-15T08:53:18.320Z;1;4000787030016.0;2017-12-23T22:00:00.000Z;1;ST4000DM000;W300AJHL;1008
2018-02-15T08:54:35.856Z;1;4000787030016.0;2017-12-23T22:00:00.000Z;1;ST4000DM000;Z304GHS5;988
2017-12-29T22:17:39.457Z;1;4000787030016.0;2017-07-14T21:00:00.000Z;1;ST4000DM001;W4J0ZG3L;157
2017-12-29T22:14:41.534Z;1;8001563222016.0;2017-07-13T21:00:00.000Z;1;ST8000NM0055;ZA154X0A;70
2017-12-29T22:15:31.743Z;1;4000787030016.0;2017-07-13T21:00:00.000Z;1;ST4000DM000;W300A8E7;1608
2017-12-29T22:22:21.519Z;1;4000787030016.0;2017-07-17T21:00:00.000Z;1;ST4000DM000;Z3025PJG;207
2017-12-29T22:22:36.636Z;1;4000787030016.0;2017-07-17T21:00:00.000Z;1;ST4000DM000;Z3014A7M;388
2017-12-29T22:26:04.144Z;1;4000787030016.0;2017-07-18T21:00:00.000Z;1;ST4000DM000;Z3041JP1;52
2017-12-29T22:30:02.670Z;1;4000787030016.0;2017-07-21T21:00:00.000Z;1;HGST HMS5C4040BLE640;PL2331LAH41NPJ;1119
2017-12-29T22:33:47.275Z;1;137438952960.0;2017-07-23T21:00:00.000Z;1;ST4000DM000;Z300KYSQ;875
2017-12-29T22:35:01.714Z;1;4000787030016.0;2017-07-24T21:00:00.000Z;1;ST4000DM000;W300E1GT;59
2017-12-29T22:35:44.994Z;1;6001175126016.0;2017-07-25T21:00:00.000Z;1;ST6000DX000;Z4D0B2JE;546
2017-12-29T22:37:33.059Z;1;4000787030016.0;2017-07-26T21:00:00.000Z;1;ST4000DM000;Z3057WLY;600
2017-12-29T22:38:50.335Z;1;4000787030016.0;2017-07-27T21:00:00.000Z;1;ST4000DM000;Z305822T;30
2017-12-29T21:49:47.346Z;1;4000787030016.0;2017-06-30T21:00:00.000Z;1;ST4000DM000;Z304HRSJ;60
2017-12-29T21:51:31.269Z;1;8001563222016.0;2017-07-01T21:00:00.000Z;1;ST8000DM002;ZA135ZM9;866
2017-12-29T21:59:41.562Z;1;4000787030016.0;2017-07-05T21:00:00.000Z;1;ST4000DM000;S301KQQX;476
2017-12-29T22:00:15.238Z;1;4000787030016.0;2017-07-05T21:00:00.000Z;1;ST4000DM000;Z300ZSHF;270
2017-12-29T22:00:26.132Z;1;4000787030016.0;2017-07-05T21:00:00.000Z;1;ST4000DM001;W4J071QS;2192
2017-12-29T22:01:55.271Z;1;4000787030016.0;2017-07-06T21:00:00.000Z;1;ST4000DM000;Z304HQDY;830
2017-12-29T22:04:30.171Z;1;4000787030016.0;2017-07-07T21:00:00.000Z;1;ST4000DM000;Z3025165;300
2017-12-29T22:06:07.980Z;1;4000787030016.0;2017-07-08T21:00:00.000Z;1;ST4000DM000;Z300VNPN;19
2017-12-29T22:10:17.148Z;1;4000787030016.0;2017-07-10T21:00:00.000Z;1;ST4000DM000;W300J317;279
2017-12-29T22:11:01.219Z;1;4000787030016.0;2017-07-11T21:00:00.000Z;1;ST4000DM001;W4J09V1B;298
2017-12-29T22:13:01.851Z;1;4000787030016.0;2017-07-12T21:00:00.000Z;1;ST4000DM000;Z304KCPW;848
2017-12-29T22:13:03.187Z;1;4000787030016.0;2017-07-12T21:00:00.000Z;1;ST4000DM000;Z304XMP6;982
2017-12-29T22:13:22.472Z;1;4000787030016.0;2017-07-12T21:00:00.000Z;1;ST4000DM000;Z304KAJ6;231
2017-12-29T22:13:13.629Z;1;4000787030016.0;2017-07-12T21:00:00.000Z;1;ST4000DM000;Z304L9JD;1967
2017-12-29T22:41:22.871Z;1;4000787030016.0;2017-07-28T21:00:00.000Z;1;ST4000DM000;W300GMHN;837
2017-12-29T22:47:44.632Z;1;4000787030016.0;2017-08-01T21:00:00.000Z;1;ST4000DM000;Z304YVET;541
2017-12-29T22:50:36.475Z;1;4000787030016.0;2017-08-03T21:00:00.000Z;1;ST4000DM001;W4J0QM3X;12
2017-12-29T22:51:05.575Z;1;4000787030016.0;2017-08-03T21:00:00.000Z;1;ST4000DM000;Z305AGS0;442
2017-12-29T22:56:42.241Z;1;4000787030016.0;2017-08-06T21:00:00.000Z;1;ST4000DM000;Z3025M4X;177
2017-12-29T22:58:06.585Z;1;4000787030016.0;2017-08-07T21:00:00.000Z;1;ST4000DM000;Z300GZBJ;1455
2017-12-29T22:59:15.172Z;1;4000787030016.0;2017-08-08T21:00:00.000Z;1;ST4000DM000;W30045Y4;418
2017-12-29T22:59:58.716Z;1;4000787030016.0;2017-08-09T21:00:00.000Z;1;ST4000DM000;Z3017NCG;491
2017-12-29T23:00:12.376Z;1;4000787030016.0;2017-08-09T21:00:00.000Z;1;ST4000DM000;Z304JW87;1387
2017-12-29T23:02:13.437Z;1;4000787030016.0;2017-08-10T21:00:00.000Z;1;ST4000DM000;Z3029F2Y;14
2017-12-29T23:03:22.725Z;1;4000787030016.0;2017-08-11T21:00:00.000Z;1;ST4000DX000;Z1Z05J2K;663
2017-12-29T23:04:04.027Z;1;4000787030016.0;2017-08-12T21:00:00.000Z;1;ST4000DM000;Z300WQ9W;52
2017-12-29T23:04:14.359Z;1;4000787030016.0;2017-08-12T21:00:00.000Z;1;ST4000DM000;W3003ZEE;1478
2017-12-29T23:07:31.288Z;1;4000787030016.0;2017-08-14T21:00:00.000Z;1;ST4000DM000;Z305DW8H;590
2017-12-29T23:08:04.868Z;1;500107862016.0;2017-08-14T21:00:00.000Z;1;ST500LM012 HN;S2ZYJ9BF519238;219
2017-12-29T23:08:32.762Z;1;4000787030016.0;2017-08-15T21:00:00.000Z;1;ST4000DM000;S30116AK;1865
2017-12-29T23:12:21.854Z;1;8001563222016.0;2017-08-17T21:00:00.000Z;1;ST8000DM002;ZA1261TJ;433
2017-12-29T23:13:36.439Z;1;4000787030016.0;2017-08-18T21:00:00.000Z;1;ST4000DM000;W300H59B;353
2017-12-29T23:14:06.560Z;1;4000787030016.0;2017-08-18T21:00:00.000Z;1;ST4000DM000;Z305GVJV;1266
2017-12-29T23:16:45.046Z;1;4000787030016.0;2017-08-20T21:00:00.000Z;1;ST4000DM000;Z300GPW6;120
2017-12-29T23:19:11.581Z;1;4000787030016.0;2017-08-21T21:00:00.000Z;1;ST4000DM000;Z3051CGH;39
2018-01-01T11:11:58.154Z;1;4000787030016.0;2017-06-16T21:00:00.000Z;1;ST4000DM000;Z300WK7S;1214
2018-01-01T11:12:48.914Z;1;4000787030016.0;2017-06-16T21:00:00.000Z;1;HGST HMS5C4040BLE640;PL2331LAH4146J;1173
2018-01-01T11:53:59.478Z;1;4000787030016.0;2017-01-10T22:00:00.000Z;1;ST4000DM000;Z302A0ZV;181
2018-01-01T11:58:33.538Z;1;4000787030016.0;2017-01-14T22:00:00.000Z;1;ST4000DM000;Z300WXNR;503
2018-01-01T11:27:11.497Z;1;4000787030016.0;2017-06-25T21:00:00.000Z;1;ST4000DM001;W4J04BZ3;825
2018-01-01T11:53:36.353Z;1;8001563222016.0;2017-01-10T22:00:00.000Z;1;ST8000DM002;ZA11S88V;1122
2018-01-01T11:53:36.872Z;1;4000787030016.0;2017-01-10T22:00:00.000Z;1;ST4000DM000;Z300MJP5;567
2018-01-01T11:57:33.490Z;1;4000787030016.0;2017-01-13T22:00:00.000Z;1;HGST HMS5C4040BLE640;PL2331LAHDARMJ;1317
2018-01-01T11:57:26.421Z;1;4000787030016.0;2017-01-13T22:00:00.000Z;1;ST4000DX000;Z1Z04FH6;280
2018-01-01T11:25:12.878Z;1;4000787030016.0;2017-06-23T21:00:00.000Z;1;ST4000DM000;Z3041CD4;11
2018-01-01T12:00:02.513Z;1;4000787030016.0;2017-01-15T22:00:00.000Z;1;ST4000DM000;W300EK8X;221
2018-01-01T12:46:11.550Z;1;4000787030016.0;2017-02-20T22:00:00.000Z;1;HGST HMS5C4040ALE640;PL1331LAHGUAAH;698
2018-01-01T12:46:17.903Z;1;4000787030016.0;2017-02-20T22:00:00.000Z;1;HGST HMS5C4040BLE640;PL1331LAHGBW1H;600
2018-01-01T12:49:30.703Z;1;4000787030016.0;2017-02-22T22:00:00.000Z;1;ST4000DM000;W300B2L0;145
2018-01-01T12:49:39.221Z;1;4000787030016.0;2017-02-22T22:00:00.000Z;1;ST4000DM000;W300R8AC;414
2018-01-01T12:50:26.463Z;1;4000787030016.0;2017-02-23T22:00:00.000Z;1;ST4000DM000;Z30548PY;150
2018-01-01T12:50:35.331Z;1;8001563222016.0;2017-02-23T22:00:00.000Z;1;ST8000DM002;ZA13R24F;566
2018-01-01T13:00:45.499Z;1;4000787030016.0;2017-03-02T22:00:00.000Z;1;ST4000DM000;W300DB1Q;1302
2018-01-01T12:53:38.567Z;1;4000787030016.0;2017-02-25T22:00:00.000Z;1;ST4000DM000;Z304KCZ1;765
2018-01-01T13:01:10.539Z;1;4000787030016.0;2017-03-02T22:00:00.000Z;1;ST4000DM000;W300D89T;31
2018-01-01T12:54:10.945Z;1;4000787030016.0;2017-02-26T22:00:00.000Z;1;ST4000DM000;Z305D3DN;1238
2018-01-10T06:54:17.567Z;1;4000787030016.0;2016-10-03T21:00:00.000Z;1;ST4000DM000;Z3014A2G;91
2018-01-10T06:58:14.585Z;1;4000787030016.0;2016-10-06T21:00:00.000Z;1;ST4000DM000;Z3029FTV;1422
2018-01-10T07:05:34.714Z;1;4000787030016.0;2016-10-10T21:00:00.000Z;1;ST4000DM000;Z304HT44;746
2018-01-10T06:54:05.624Z;1;4000787030016.0;2016-10-03T21:00:00.000Z;1;ST4000DM000;Z3041J83;64
2018-01-10T06:57:38.689Z;1;4000787030016.0;2016-10-05T21:00:00.000Z;1;ST4000DM000;Z3021KB3;80
2018-01-10T07:06:45.129Z;1;4000787030016.0;2016-10-11T21:00:00.000Z;1;ST4000DM000;Z304JQ9L;108
2018-01-10T06:54:39.123Z;1;4000787030016.0;2016-10-03T21:00:00.000Z;1;ST4000DM000;S301PSLG;1721
2018-01-10T06:57:55.361Z;1;4000787030016.0;2016-10-05T21:00:00.000Z;1;ST4000DM000;Z3029GAR;1130
2018-01-10T07:05:09.763Z;1;4000787030016.0;2016-10-10T21:00:00.000Z;1;ST4000DM000;W300BE0V;748
2018-01-10T07:18:16.650Z;1;500107862016.0;2016-10-20T21:00:00.000Z;1;WDC WD5000LPCX;WD-WXP1AA589JAJ;381
2018-01-10T07:20:04.149Z;1;4000787030016.0;2016-10-21T21:00:00.000Z;1;ST4000DM000;Z3029GDE;1140
2018-01-10T07:20:24.793Z;1;3000592982016.0;2016-10-22T21:00:00.000Z;1;Hitachi HDS5C3030ALA630;MJ1323YNG1EJEC;785
2018-01-10T07:20:36.927Z;1;4000787030016.0;2016-10-22T21:00:00.000Z;1;ST4000DM000;Z3023XBB;227
2018-01-10T07:24:50.470Z;1;4000787030016.0;2016-10-25T21:00:00.000Z;1;ST4000DM000;Z300GZBW;433
2018-01-10T07:25:26.105Z;1;8001563222016.0;2016-10-26T21:00:00.000Z;1;ST8000DM002;ZA11P9S5;255
2018-01-10T07:25:47.753Z;1;6001175126016.0;2016-10-26T21:00:00.000Z;1;WDC WD60EFRX;WD-WX41D948Y4ZL;560
2018-01-10T07:26:26.492Z;1;4000787030016.0;2016-10-27T21:00:00.000Z;1;HGST HMS5C4040BLE640;PL1331LAH3DTGH;576
2018-01-10T07:29:20.416Z;1;4000787030016.0;2016-10-29T21:00:00.000Z;1;ST4000DM000;Z300MQGV;777
2018-01-01T13:28:43.705Z;1;4000787030016.0;2017-03-21T22:00:00.000Z;1;HGST HMS5C4040BLE640;PL1331LAHD210H;545
2018-01-01T13:29:49.688Z;1;4000787030016.0;2017-03-22T22:00:00.000Z;1;ST4000DM000;Z305GVTM;802
2018-01-01T12:47:27.935Z;1;4000787030016.0;2017-02-21T22:00:00.000Z;1;ST4000DM000;Z3023ZFX;693
2018-01-01T12:58:02.028Z;1;4000787030016.0;2017-02-28T22:00:00.000Z;1;ST4000DM000;Z30522DV;86
2018-01-01T12:56:08.470Z;1;4000787030016.0;2017-02-27T22:00:00.000Z;1;ST4000DM000;Z304TK9N;65
2018-01-01T12:59:14.665Z;1;4000787030016.0;2017-03-01T22:00:00.000Z;1;ST4000DM000;Z304JQAE;442
2018-01-01T13:02:37.674Z;1;8001563222016.0;2017-03-03T22:00:00.000Z;1;ST8000DM002;ZA12RATE;110
2018-01-10T07:10:32.690Z;1;4000787030016.0;2016-10-14T21:00:00.000Z;1;ST4000DM000;Z3029GQA;531
2018-01-10T07:10:17.386Z;1;4000787030016.0;2016-10-14T21:00:00.000Z;1;ST4000DM000;Z30251JD;6
2018-01-10T07:15:16.792Z;1;4000787030016.0;2016-10-18T21:00:00.000Z;1;ST4000DM000;S3010LYP;509
2018-01-10T07:30:34.647Z;1;4000787030016.0;2016-10-30T22:00:00.000Z;1;ST4000DM000;Z3041CSM;111
2018-01-10T07:31:25.341Z;1;3000592982016.0;2016-10-31T22:00:00.000Z;1;Hitachi HDS723030ALA640;MK0313YHGK7VTC;51
2018-01-10T07:33:41.659Z;1;4000787030016.0;2016-11-01T22:00:00.000Z;1;ST4000DX000;Z1Z058NN;410
2018-01-10T07:33:54.883Z;1;4000787030016.0;2016-11-02T22:00:00.000Z;1;ST4000DM000;Z3023XJ9;22
2018-01-10T07:33:56.148Z;1;4000787030016.0;2016-11-02T22:00:00.000Z;1;ST4000DM000;W300D36L;565
2018-01-10T07:37:37.865Z;1;4000787030016.0;2016-11-05T22:00:00.000Z;1;ST4000DM000;Z304PDT0;580
2018-01-10T07:51:48.789Z;1;4000787030016.0;2016-11-16T22:00:00.000Z;1;ST4000DM000;Z300ZT02;1241
2018-01-10T07:42:44.949Z;1;8001563222016.0;2016-11-09T22:00:00.000Z;1;ST8000DM002;ZA12RB60;917
2018-01-10T07:42:36.910Z;1;4000787030016.0;2016-11-09T22:00:00.000Z;1;ST4000DM000;Z3040TXC;154
2018-01-10T07:44:51.169Z;1;3000592982016.0;2016-11-10T22:00:00.000Z;1;WDC WD30EFRX;WD-WMC4N0864569;1052
2018-01-10T07:44:13.847Z;1;4000787030016.0;2016-11-10T22:00:00.000Z;1;ST4000DM000;Z30250SA;3272
2018-01-10T07:50:11.435Z;1;4000787030016.0;2016-11-14T22:00:00.000Z;1;ST4000DX000;Z1Z03FAP;607
2018-01-10T07:40:32.762Z;1;4000787030016.0;2016-11-07T22:00:00.000Z;1;ST4000DM000;Z3029F6V;25
2018-01-10T08:08:08.807Z;1;4000787030016.0;2016-11-27T22:00:00.000Z;1;ST4000DM000;W3004Z2W;719
2018-01-10T08:14:18.859Z;1;4000787030016.0;2016-12-01T22:00:00.000Z;1;ST4000DX000;Z1Z06H17;75
2018-01-10T08:12:35.517Z;1;6001175126016.0;2016-11-30T22:00:00.000Z;1;ST6000DX000;Z4D069FS;742
2018-01-10T08:13:15.086Z;1;160041885696.0;2016-11-30T22:00:00.000Z;1;WDC WD1600AAJS;WD-WMAYW2777524;451
2018-01-10T08:08:19.127Z;1;4000787030016.0;2016-11-27T22:00:00.000Z;1;ST4000DM000;Z3023WND;941
2018-01-10T08:10:20.205Z;1;4000787030016.0;2016-11-28T22:00:00.000Z;1;ST4000DM000;Z30260WB;350
2018-01-10T08:18:34.884Z;1;4000787030016.0;2016-12-04T22:00:00.000Z;1;ST4000DM000;Z30414FM;463
2018-01-10T07:54:43.697Z;1;4000787030016.0;2016-11-18T22:00:00.000Z;1;ST4000DM000;Z302AL53;327
2018-01-10T07:55:00.053Z;1;8001563222016.0;2016-11-18T22:00:00.000Z;1;ST8000DM002;ZA12PTF2;921
2018-01-10T07:56:09.440Z;1;8001563222016.0;2016-11-19T22:00:00.000Z;1;ST8000DM002;ZA10B3RV;580
2018-01-10T08:00:35.996Z;1;4000787030016.0;2016-11-22T22:00:00.000Z;1;ST4000DM000;Z3016LHY;1099
2018-01-10T08:03:38.409Z;1;4000787030016.0;2016-11-24T22:00:00.000Z;1;ST4000DM000;Z30149X0;28
2018-01-10T08:02:53.102Z;1;4000787030016.0;2016-11-24T22:00:00.000Z;1;ST4000DM000;Z3025S06;526
2018-01-10T07:57:09.607Z;1;3000592982016.0;2016-11-20T22:00:00.000Z;1;Hitachi HDS723030ALA640;MK0333YHGRH1RC;29
2018-01-10T08:34:55.536Z;1;4000787030016.0;2016-12-15T22:00:00.000Z;1;ST4000DM000;Z3025M16;58
2018-01-10T08:34:57.896Z;1;4000787030016.0;2016-12-15T22:00:00.000Z;1;ST4000DM000;Z3025KA8;34
2018-01-10T08:35:23.675Z;1;4000787030016.0;2016-12-15T22:00:00.000Z;1;ST4000DM000;Z300WF3B;1584
2018-01-10T08:37:52.082Z;1;8001563222016.0;2016-12-17T22:00:00.000Z;1;ST8000DM002;ZA13WDTQ;1072
2018-01-10T08:43:37.608Z;1;4000787030016.0;2016-12-21T22:00:00.000Z;1;ST4000DM000;Z3023WXW;426
2018-01-10T08:43:58.054Z;1;4000787030016.0;2016-12-21T22:00:00.000Z;1;ST4000DM000;Z3041KME;1194
2018-01-10T08:45:13.133Z;1;3000592982016.0;2016-12-22T22:00:00.000Z;1;WDC WD30EFRX;WD-WCC4N0317214;902
2018-01-10T08:47:04.047Z;1;6001175126016.0;2016-12-23T22:00:00.000Z;1;WDC WD60EFRX;WD-WX31D847KFCR;702
2018-01-10T08:31:16.096Z;1;4000787030016.0;2016-12-12T22:00:00.000Z;1;ST4000DM000;W3006HLA;1620
2018-01-10T08:32:01.589Z;1;4000787030016.0;2016-12-13T22:00:00.000Z;1;ST4000DM000;Z304JPEB;602
2018-01-10T08:32:23.646Z;1;4000787030016.0;2016-12-13T22:00:00.000Z;1;ST4000DM000;S300Z3R1;558
2018-01-10T08:19:25.212Z;1;4000787030016.0;2016-12-04T22:00:00.000Z;1;ST4000DM000;Z304R1E6;269
2018-01-10T08:26:09.148Z;1;4000787030016.0;2016-12-08T22:00:00.000Z;1;ST4000DM000;Z30111RP;999
2018-01-10T08:28:36.200Z;1;4000787030016.0;2016-12-10T22:00:00.000Z;1;ST4000DM000;Z3041SLF;556
2018-01-10T08:48:52.091Z;1;3000592982016.0;2016-12-25T22:00:00.000Z;1;WDC WD30EFRX;WD-WMC4N2816989;1142
2018-01-01T12:01:37.175Z;1;4000787030016.0;2017-01-16T22:00:00.000Z;1;ST4000DM000;Z305D2TE;565
2018-01-01T12:01:32.453Z;1;4000787030016.0;2017-01-16T22:00:00.000Z;1;TOSHIBA MD04ABA400V;45CHK11WFMYB;96
2018-01-01T12:02:39.639Z;1;8001563222016.0;2017-01-16T22:00:00.000Z;1;ST8000DM002;ZA143CWR;1098
2018-01-01T12:05:43.045Z;1;4000787030016.0;2017-01-19T22:00:00.000Z;1;ST4000DM000;Z3051NNA;3562
2018-01-01T11:21:14.304Z;1;500107862016.0;2017-06-21T21:00:00.000Z;1;WDC WD5000LPVX;WD-WX21A35A9U5H;1900
2018-01-01T11:28:15.566Z;1;4000787030016.0;2017-06-25T21:00:00.000Z;1;ST4000DM000;Z300V9VK;2
2018-01-01T11:43:16.439Z;1;4000787030016.0;2017-01-03T22:00:00.000Z;1;ST4000DM000;Z300X5E2;187
2018-01-01T11:15:55.512Z;1;4000787030016.0;2017-06-18T21:00:00.000Z;1;ST4000DM000;Z305B6ZA;262
2018-01-01T11:22:43.233Z;1;4000787030016.0;2017-06-22T21:00:00.000Z;1;ST4000DM000;Z304L8R3;801
2018-01-01T11:30:58.122Z;1;8001563222016.0;2017-06-27T21:00:00.000Z;1;ST8000NM0055;ZA13EW58;138
2018-01-01T11:08:00.741Z;1;4000787030016.0;2017-06-13T21:00:00.000Z;1;ST4000DM000;S301CYBE;1008
2018-01-01T12:15:41.349Z;1;4000787030016.0;2017-01-26T22:00:00.000Z;1;ST4000DM000;Z303Q9ML;338
2018-01-01T12:16:46.987Z;1;4000787030016.0;2017-01-26T22:00:00.000Z;1;ST4000DM000;Z3015HGV;546
2018-01-01T12:15:59.220Z;1;3000592982016.0;2017-01-26T22:00:00.000Z;1;Hitachi HDS5C3030ALA630;MJ1311YNG30GLA;2613
2018-01-01T12:15:59.234Z;1;500107862016.0;2017-01-26T22:00:00.000Z;1;ST500LM012 HN;S2ZYJ9GGB02712;746
2018-01-01T12:15:59.564Z;1;4000787030016.0;2017-01-26T22:00:00.000Z;1;ST4000DM000;W3007MK2;169
2018-01-01T12:16:29.942Z;1;4000787030016.0;2017-01-26T22:00:00.000Z;1;ST4000DM000;Z304JW9L;47
2018-01-01T12:19:44.025Z;1;4000787030016.0;2017-02-02T22:00:00.000Z;1;ST4000DM000;W300BDBG;1940
2018-01-01T12:21:31.222Z;1;4000787030016.0;2017-02-03T22:00:00.000Z;1;ST4000DM000;Z304L92J;1007
2018-01-01T12:21:50.770Z;1;4000787030016.0;2017-02-03T22:00:00.000Z;1;HGST HMS5C4040ALE640;PL2331LAGSTJKJ;138
2018-01-01T12:13:17.825Z;1;4000787030016.0;2017-01-24T22:00:00.000Z;1;HGST HMS5C4040ALE640;PL1331LAGP67JH;1023
2018-01-01T12:23:34.200Z;1;4000787030016.0;2017-02-05T22:00:00.000Z;1;ST4000DM000;Z305CTEE;2334
2018-01-01T12:35:27.750Z;1;3000592982016.0;2017-02-12T22:00:00.000Z;1;Hitachi HDS5C3030ALA630;MJ1311YNG5XS1A;144
2018-01-01T11:46:42.382Z;1;3000592982016.0;2017-01-05T22:00:00.000Z;1;Hitachi HDS5C3030ALA630;MJ1311YNG3494A;1384
2018-01-01T11:51:30.284Z;1;4000787030016.0;2017-01-08T22:00:00.000Z;1;ST4000DM000;W300E0B9;496
2018-01-01T11:50:57.430Z;1;3000592982016.0;2017-01-08T22:00:00.000Z;1;Hitachi HDS5C3030ALA630;MJ1311YNG36ZVA;2134
2018-01-01T12:25:00.026Z;1;4000787030016.0;2017-02-06T22:00:00.000Z;1;ST4000DM000;Z302ASB0;391
2018-01-01T12:25:24.763Z;1;4000787030016.0;2017-02-06T22:00:00.000Z;1;ST4000DM000;Z300GZ9R;71
2018-01-01T12:25:38.413Z;1;4000787030016.0;2017-02-06T22:00:00.000Z;1;ST4000DM000;Z30530FH;2333
2018-01-01T12:27:58.242Z;1;4000787030016.0;2017-02-08T22:00:00.000Z;1;ST4000DX000;Z1Z06H5C;414
2018-01-01T12:24:40.030Z;1;4000787030016.0;2017-02-05T22:00:00.000Z;1;ST4000DM000;W300BM3V;485
2018-01-01T12:25:53.512Z;1;4000787030016.0;2017-02-06T22:00:00.000Z;1;ST4000DM000;Z305B6Q4;825
2018-01-01T12:30:49.591Z;1;4000787030016.0;2017-02-09T22:00:00.000Z;1;ST4000DM000;Z304JWQ3;340
2018-01-01T11:20:24.770Z;1;500107862016.0;2017-06-21T21:00:00.000Z;1;ST500LM012 HN;S2ZYJ9KFC03606;868
2018-01-01T11:23:56.633Z;1;4000787030016.0;2017-06-23T21:00:00.000Z;1;ST4000DM001;W4J19HNP;178
2018-01-01T11:26:00.300Z;1;8001563222016.0;2017-06-24T21:00:00.000Z;1;ST8000NM0055;ZA13GZDF;213
2018-01-01T11:32:24.998Z;1;4000787030016.0;2017-06-27T21:00:00.000Z;1;ST4000DX000;Z1Z04RMH;2969
2018-01-01T11:32:22.689Z;1;4000787030016.0;2017-06-27T21:00:00.000Z;1;ST4000DM000;W300H8GB;278
2018-01-01T12:40:05.280Z;1;4000787030016.0;2017-02-16T22:00:00.000Z;1;ST4000DM000;Z30251D6;3391
2017-12-29T23:50:20.131Z;1;4000787030016.0;2017-09-07T21:00:00.000Z;1;ST4000DM000;Z304HTDC;361
2017-12-29T23:48:32.154Z;1;4000787030016.0;2017-09-06T21:00:00.000Z;1;ST4000DM000;Z300W5ZE;820
2017-12-29T23:48:46.755Z;1;6001175126016.0;2017-09-06T21:00:00.000Z;1;WDC WD60EFRX;WD-WX21D947NXS9;67
2017-12-29T23:39:53.326Z;1;4000787030016.0;2017-09-01T21:00:00.000Z;1;ST4000DM000;Z30179SH;610
2017-12-29T23:46:02.014Z;1;8001563222016.0;2017-09-05T21:00:00.000Z;1;ST8000DM002;ZA11TJHR;1181
2017-12-29T23:51:40.625Z;1;4000787030016.0;2017-09-07T21:00:00.000Z;1;ST4000DM000;Z300GPXD;1739
2017-12-30T00:03:05.796Z;1;4000787030016.0;2017-09-13T21:00:00.000Z;1;Hitachi HDS5C4040ALE630;PL2311LAG1P3HC;838
2017-12-30T00:08:37.592Z;1;4000787030016.0;2017-09-16T21:00:00.000Z;1;ST4000DM000;Z300KMMG;85
2017-12-30T00:08:40.056Z;1;8001563222016.0;2017-09-16T21:00:00.000Z;1;ST8000DM002;ZA1208LK;112
2017-12-30T00:15:11.062Z;1;4000787030016.0;2017-09-19T21:00:00.000Z;1;HGST HMS5C4040ALE640;PL1331LAG9E3GH;946
2017-12-30T00:06:39.944Z;1;4000787030016.0;2017-09-15T21:00:00.000Z;1;ST4000DX000;Z1Z054B7;1195
2017-12-30T00:07:04.311Z;1;4000787030016.0;2017-09-15T21:00:00.000Z;1;ST4000DM001;W4J1FWSF;354
2017-12-30T00:14:05.790Z;1;4000787030016.0;2017-09-19T21:00:00.000Z;1;ST4000DM000;Z303VZTS;13
2017-12-30T00:24:09.726Z;1;4000787030016.0;2017-09-24T21:00:00.000Z;1;ST4000DM000;Z305AR4D;440
2017-12-30T00:21:11.231Z;1;4000787030016.0;2017-09-22T21:00:00.000Z;1;ST4000DM000;Z302B16G;46
2017-12-30T00:32:27.069Z;1;4000787030016.0;2017-09-28T21:00:00.000Z;1;ST4000DM000;Z300GPX6;994
2017-12-30T00:32:28.694Z;1;4000787030016.0;2017-09-28T21:00:00.000Z;1;ST4000DM000;S30117PZ;571
2018-01-01T09:04:43.535Z;1;4000787030016.0;2017-03-31T21:00:00.000Z;1;ST4000DM000;Z300CWKP;250
2018-01-01T09:04:46.131Z;1;4000787030016.0;2017-03-31T21:00:00.000Z;1;ST4000DM000;Z305AQGZ;15
2018-01-01T09:05:48.005Z;1;8001563222016.0;2017-04-01T21:00:00.000Z;1;ST8000DM002;ZA12QCGK;138
2018-01-01T09:06:40.804Z;1;4000787030016.0;2017-04-01T21:00:00.000Z;1;ST4000DM000;Z305AGV3;11
2018-01-01T09:08:49.005Z;1;4000787030016.0;2017-04-02T21:00:00.000Z;1;ST4000DM000;Z3011D1Y;1666
2018-01-01T09:10:00.657Z;1;4000787030016.0;2017-04-03T21:00:00.000Z;1;ST4000DM000;Z305N0TD;954
2018-01-01T13:17:26.333Z;1;4000787030016.0;2017-03-14T22:00:00.000Z;1;ST4000DM000;Z3014KY2;2017
2018-01-01T13:18:14.050Z;1;4000787030016.0;2017-03-14T22:00:00.000Z;1;ST4000DM000;Z3025L18;175
2018-01-01T13:08:43.983Z;1;8001563222016.0;2017-03-08T22:00:00.000Z;1;ST8000DM002;ZA11A20H;563
2018-01-01T13:11:35.110Z;1;4000787030016.0;2017-03-10T22:00:00.000Z;1;ST4000DM000;Z304KCXT;1667
2018-01-01T13:12:24.325Z;1;8001563222016.0;2017-03-10T22:00:00.000Z;1;ST8000DM002;ZA132HJ3;3749
2018-01-01T13:17:06.276Z;1;4000787030016.0;2017-03-14T22:00:00.000Z;1;ST4000DM000;Z3051TBH;1471
2018-01-01T13:04:58.656Z;1;4000787030016.0;2017-03-05T22:00:00.000Z;1;ST4000DM000;Z302298C;1279
2018-01-01T13:03:45.655Z;1;4000787030016.0;2017-03-04T22:00:00.000Z;1;ST4000DM000;Z300GZ51;142
2018-01-01T13:12:16.232Z;1;4000787030016.0;2017-03-10T22:00:00.000Z;1;ST4000DM000;Z300KG6P;1140
2018-01-01T13:13:01.610Z;1;4000787030016.0;2017-03-11T22:00:00.000Z;1;ST4000DM000;Z3014P5G;2381
2018-01-01T13:04:11.587Z;1;4000787030016.0;2017-03-05T22:00:00.000Z;1;ST4000DM000;Z301JZLE;3974
2018-01-01T13:11:01.162Z;1;4000787030016.0;2017-03-09T22:00:00.000Z;1;ST4000DM000;Z3029Z0D;1536
2018-01-01T13:12:37.463Z;1;4000787030016.0;2017-03-10T22:00:00.000Z;1;ST4000DX000;Z1Z03HAZ;1242
2018-01-01T13:14:08.190Z;1;4000787030016.0;2017-03-11T22:00:00.000Z;1;ST4000DM000;S300TQZA;240
2018-01-01T13:55:32.819Z;1;4000787030016.0;2017-03-25T22:00:00.000Z;1;ST4000DM000;Z3025LBY;863
2018-01-01T13:56:20.022Z;1;4000787030016.0;2017-03-25T22:00:00.000Z;1;ST4000DM000;S30112SG;445
2018-01-01T13:59:01.960Z;1;4000787030016.0;2017-03-27T21:00:00.000Z;1;HGST HMS5C4040BLE640;PL2331LAH5SXDJ;1006
2018-01-01T13:59:18.027Z;1;4000787030016.0;2017-03-27T21:00:00.000Z;1;ST4000DM000;Z300K8ME;1379
2018-01-01T14:01:52.316Z;1;4000787030016.0;2017-03-29T21:00:00.000Z;1;ST4000DM000;Z304HKK2;223
2018-01-01T14:02:01.380Z;1;4000787030016.0;2017-03-29T21:00:00.000Z;1;HGST HMS5C4040BLE640;PL1331LAHGBA7H;847
2018-01-01T13:24:16.465Z;1;4000787030016.0;2017-03-19T22:00:00.000Z;1;ST4000DM000;Z300KCP3;353
2018-01-01T13:24:40.215Z;1;4000787030016.0;2017-03-19T22:00:00.000Z;1;ST4000DM000;W300273N;1002
2018-01-01T13:26:14.300Z;1;4000787030016.0;2017-03-20T22:00:00.000Z;1;ST4000DM000;Z3029FBN;970
2018-01-01T13:26:28.917Z;1;4000787030016.0;2017-03-20T22:00:00.000Z;1;ST4000DM000;Z3025LWY;784
2018-01-01T13:22:39.093Z;1;4000787030016.0;2017-03-18T22:00:00.000Z;1;ST4000DM000;Z300KMM3;227
2018-01-01T13:25:02.543Z;1;4000787030016.0;2017-03-19T22:00:00.000Z;1;HGST HMS5C4040BLE640;PL1331LAHD0WHH;108
2018-01-01T13:26:57.406Z;1;4000787030016.0;2017-03-20T22:00:00.000Z;1;ST4000DM000;S3010L2W;699
2018-01-01T13:27:49.800Z;1;500107862016.0;2017-03-21T22:00:00.000Z;1;TOSHIBA MQ01ABF050;66HLS2OPS;825
2018-01-10T06:52:28.729Z;1;4000787030016.0;2016-10-02T21:00:00.000Z;1;HGST HMS5C4040ALE640;PL1331LAGT7J9H;564
2018-01-10T06:53:24.789Z;1;4000787030016.0;2016-10-02T21:00:00.000Z;1;ST4000DM000;Z3013TKE;65
2018-01-01T11:01:43.010Z;1;4000787030016.0;2017-06-09T21:00:00.000Z;1;ST4000DM000;W300E19W;574
2018-01-01T11:03:45.574Z;1;4000787030016.0;2017-06-11T21:00:00.000Z;1;ST4000DX000;Z1Z05QGE;973
2018-01-01T11:09:33.998Z;1;4000787030016.0;2017-06-14T21:00:00.000Z;1;ST4000DM000;S3011696;834
2018-01-01T10:46:38.429Z;1;500107862016.0;2017-05-30T21:00:00.000Z;1;WDC WD5000LPVX;WD-WX61A24V0963;1263
2018-01-01T10:48:22.433Z;1;4000787030016.0;2017-06-01T21:00:00.000Z;1;ST4000DM000;S300Z792;2128
2018-01-10T11:17:44.155Z;1;4000787030016.0;2016-07-17T21:00:00.000Z;1;HGST HMS5C4040BLE640;PL2331LAH4707J;149
2018-01-10T11:09:02.957Z;1;4000787030016.0;2016-07-12T21:00:00.000Z;1;HGST HMS5C4040BLE640;PL2331LAGMEYVJ;1367
2018-01-10T11:09:20.172Z;1;4000787030016.0;2016-07-12T21:00:00.000Z;1;ST4000DM000;Z3026161;363
2018-01-10T11:19:00.982Z;1;4000787030016.0;2016-07-18T21:00:00.000Z;1;ST4000DM000;Z304HZHY;1422
2018-01-10T11:07:21.418Z;1;4000787030016.0;2016-07-11T21:00:00.000Z;1;ST4000DM000;Z3023VD3;225
2018-01-10T11:12:11.794Z;1;4000787030016.0;2016-07-14T21:00:00.000Z;1;ST4000DM000;Z305GXWD;1296
2018-01-10T11:14:23.475Z;1;4000787030016.0;2016-07-15T21:00:00.000Z;1;ST4000DM000;W300BXA6;60
2018-01-10T08:57:18.164Z;1;4000787030016.0;2016-12-30T22:00:00.000Z;1;ST4000DM000;S301LJ5G;1863
2018-01-10T11:00:48.914Z;1;4000787030016.0;2016-07-07T21:00:00.000Z;1;ST4000DM000;Z304KA7F;166
2018-01-10T10:52:32.442Z;1;4000787030016.0;2016-07-02T21:00:00.000Z;1;ST4000DM000;Z302B0LA;1136
2018-01-10T10:57:54.163Z;1;4000787030016.0;2016-07-05T21:00:00.000Z;1;ST4000DM000;W300BV9B;1434
2018-01-10T10:58:09.424Z;1;4000787030016.0;2016-07-05T21:00:00.000Z;1;ST4000DM000;Z3025KEJ;1291
2018-01-10T11:27:46.253Z;1;4000787030016.0;2016-07-23T21:00:00.000Z;1;ST4000DM000;W300ATH8;1056
2018-01-10T11:35:42.812Z;1;4000787030016.0;2016-07-29T21:00:00.000Z;1;ST4000DM000;Z3029FA4;711
2018-01-10T11:29:19.544Z;1;4000787030016.0;2016-07-25T21:00:00.000Z;1;ST4000DM000;Z302510H;284
2018-01-10T11:25:03.722Z;1;4000787030016.0;2016-07-22T21:00:00.000Z;1;ST4000DM000;S300YL9S;2398
2018-01-10T11:24:57.911Z;1;4000787030016.0;2016-07-22T21:00:00.000Z;1;ST4000DM000;Z305DW3P;1034
2018-01-01T09:31:57.498Z;1;4000787030016.0;2017-04-14T21:00:00.000Z;1;ST4000DM000;S300Z6RN;911
2018-01-01T09:33:25.485Z;1;8001563222016.0;2017-04-15T21:00:00.000Z;1;ST8000NM0055;ZA14E9F6;62
2018-01-01T09:45:32.044Z;1;4000787030016.0;2017-04-20T21:00:00.000Z;1;HGST HDS5C4040ALE630;PL1331LAGS329H;1118
2018-01-01T09:45:43.423Z;1;4000787030016.0;2017-04-20T21:00:00.000Z;1;ST4000DM000;Z3025LF4;195
2018-01-01T09:43:39.651Z;1;4000787030016.0;2017-04-19T21:00:00.000Z;1;ST4000DM000;Z303R4V0;344
2018-01-01T09:35:46.398Z;1;6001175126016.0;2017-04-17T21:00:00.000Z;1;ST6000DX000;Z4D03SJ5;661
2018-01-01T09:35:47.505Z;1;4000787030016.0;2017-04-17T21:00:00.000Z;1;ST4000DM000;Z300GPZW;733
2018-01-01T09:44:21.596Z;1;4000787030016.0;2017-04-19T21:00:00.000Z;1;HGST HMS5C4040BLE640;PL2331LAH347LJ;221
2018-01-01T09:47:53.950Z;1;4000787030016.0;2017-04-22T21:00:00.000Z;1;ST4000DM000;Z302ALD6;135
2018-01-01T09:29:39.975Z;1;4000787030016.0;2017-04-12T21:00:00.000Z;1;ST4000DM000;Z304JWFA;149
2018-01-01T09:34:07.036Z;1;4000787030016.0;2017-04-15T21:00:00.000Z;1;ST4000DM000;Z305DY3Y;325
2018-01-01T09:44:48.866Z;1;4000787030016.0;2017-04-20T21:00:00.000Z;1;ST4000DM000;Z300ZTYX;1426
2018-01-01T09:48:44.300Z;1;4000787030016.0;2017-04-22T21:00:00.000Z;1;ST4000DM000;Z305GB2K;952
2017-12-29T23:29:27.022Z;1;4000787030016.0;2017-08-27T21:00:00.000Z;1;ST4000DM000;Z305KWZZ;610
2017-12-29T23:25:22.639Z;1;4000787030016.0;2017-08-25T21:00:00.000Z;1;ST4000DM000;Z3025LJ1;537
2017-12-29T23:33:01.674Z;1;8001563222016.0;2017-08-29T21:00:00.000Z;1;ST8000NM0055;ZA1819G0;459
2017-12-29T23:33:12.755Z;1;4000787030016.0;2017-08-29T21:00:00.000Z;1;ST4000DM000;Z3029ALL;757
2017-12-29T23:36:01.029Z;1;4000787030016.0;2017-08-30T21:00:00.000Z;1;HGST HMS5C4040BLE640;PL1331LAHBGTAH;60
2017-12-29T23:38:20.465Z;1;4000787030016.0;2017-09-01T21:00:00.000Z;1;ST4000DM000;Z304KBQP;832
2017-12-29T23:38:21.969Z;1;4000787030016.0;2017-09-01T21:00:00.000Z;1;ST4000DM000;Z3016E4Q;109
2017-12-29T23:38:28.274Z;1;4000787030016.0;2017-09-01T21:00:00.000Z;1;ST4000DM000;Z305D67R;305
2018-01-01T09:12:10.101Z;1;4000787030016.0;2017-04-04T21:00:00.000Z;1;ST4000DM000;S30109P0;261
2018-01-01T09:19:34.391Z;1;4000787030016.0;2017-04-07T21:00:00.000Z;1;ST4000DX000;Z1Z04GMR;702
2018-01-01T09:12:27.173Z;1;4000787030016.0;2017-04-04T21:00:00.000Z;1;ST4000DM000;Z304KQSR;639
2018-01-01T09:22:45.409Z;1;4000787030016.0;2017-04-09T21:00:00.000Z;1;ST4000DM000;S300YQVQ;1558
2018-01-01T09:24:02.637Z;1;3000592982016.0;2017-04-09T21:00:00.000Z;1;Hitachi HDS5C3030ALA630;MJ1323YNG1SD7C;220
2018-01-01T09:24:21.877Z;1;4000787030016.0;2017-04-09T21:00:00.000Z;1;ST4000DM000;Z303R3NG;2342
2018-01-01T09:27:31.549Z;1;4000787030016.0;2017-04-11T21:00:00.000Z;1;ST4000DM000;Z300WY34;595
2018-01-01T09:14:26.475Z;1;4000787030016.0;2017-04-05T21:00:00.000Z;1;ST4000DM000;Z305JTXG;286
2018-01-01T09:29:17.591Z;1;4000787030016.0;2017-04-12T21:00:00.000Z;1;ST4000DM000;W300BD7L;414
2018-01-01T09:52:04.942Z;1;4000787030016.0;2017-04-25T21:00:00.000Z;1;ST4000DM000;Z3025PV5;682
2018-01-01T09:54:05.815Z;1;4000787030016.0;2017-04-26T21:00:00.000Z;1;ST4000DM000;Z300GPYY;5
2018-01-01T10:03:11.048Z;1;4000787030016.0;2017-05-02T21:00:00.000Z;1;ST4000DM000;Z304JWC4;48
2018-01-01T09:49:50.912Z;1;6001175126016.0;2017-04-23T21:00:00.000Z;1;ST6000DX000;Z4D068GS;147
2018-01-01T09:59:52.562Z;1;8001563222016.0;2017-04-30T21:00:00.000Z;1;ST8000DM002;ZA143D0R;249
2018-01-01T09:51:40.730Z;1;4000787030016.0;2017-04-24T21:00:00.000Z;1;ST4000DM000;Z305D63N;132
2018-01-01T09:55:53.698Z;1;3000592982016.0;2017-04-27T21:00:00.000Z;1;Hitachi HDS5C3030ALA630;MJ1311YNG7KRKA;87
2018-01-01T09:56:31.300Z;1;4000787030016.0;2017-04-28T21:00:00.000Z;1;ST4000DM000;Z302T8V3;644
2018-01-01T09:56:22.602Z;1;4000787030016.0;2017-04-27T21:00:00.000Z;1;ST4000DM000;Z304JWQB;572
2018-01-01T10:16:03.216Z;1;4000787030016.0;2017-05-10T21:00:00.000Z;1;ST4000DM000;Z3059J73;52
2018-01-01T10:17:58.694Z;1;4000787030016.0;2017-05-12T21:00:00.000Z;1;ST4000DM000;Z300WNQQ;417
2018-01-01T10:18:14.765Z;1;4000787030016.0;2017-05-12T21:00:00.000Z;1;ST4000DM000;Z304HTLG;96
2018-01-01T09:51:26.774Z;1;4000787030016.0;2017-04-24T21:00:00.000Z;1;ST4000DM000;Z300P9RA;230
2018-01-01T10:05:33.504Z;1;4000787030016.0;2017-05-03T21:00:00.000Z;1;ST4000DM000;S301NGYN;195
2018-01-01T10:07:48.326Z;1;4000787030016.0;2017-05-05T21:00:00.000Z;1;ST4000DM000;S300YQ8S;337
2018-01-01T10:24:15.119Z;1;4000787030016.0;2017-05-16T21:00:00.000Z;1;ST4000DM000;W300T073;41
2018-01-01T10:24:16.675Z;1;4000787030016.0;2017-05-16T21:00:00.000Z;1;ST4000DM000;W300B6AC;30
2018-01-01T10:27:14.918Z;1;4000787030016.0;2017-05-18T21:00:00.000Z;1;ST4000DM000;Z302A0F6;28
2018-01-01T10:21:07.618Z;1;4000787030016.0;2017-05-14T21:00:00.000Z;1;ST4000DM000;Z305D6AV;273
2018-01-01T10:23:03.813Z;1;500107862016.0;2017-05-15T21:00:00.000Z;1;WDC WD5000LPVX;WD-WXD1A2421229;247
2018-01-01T10:26:35.817Z;1;4000787030016.0;2017-05-17T21:00:00.000Z;1;ST4000DM000;Z3016QW5;18
2018-01-01T10:30:22.988Z;1;4000787030016.0;2017-05-20T21:00:00.000Z;1;ST4000DM000;Z304HW07;261
2018-01-01T10:33:43.292Z;1;4000787030016.0;2017-05-22T21:00:00.000Z;1;ST4000DM000;W300DVKG;1354
2018-01-01T10:35:25.230Z;1;4000787030016.0;2017-05-23T21:00:00.000Z;1;ST4000DM000;Z302SYKW;129
2018-01-01T10:35:36.916Z;1;4000787030016.0;2017-05-23T21:00:00.000Z;1;ST4000DM000;Z300S5G9;655
2018-01-01T10:37:42.756Z;1;4000787030016.0;2017-05-24T21:00:00.000Z;1;ST4000DM000;Z300WE40;621
2018-01-01T10:38:57.998Z;1;4000787030016.0;2017-05-25T21:00:00.000Z;1;ST4000DM000;W300J6N1;230
2018-01-01T10:06:52.226Z;1;4000787030016.0;2017-05-04T21:00:00.000Z;1;ST4000DM000;Z3014RDT;2452
2018-01-01T10:09:36.403Z;1;4000787030016.0;2017-05-06T21:00:00.000Z;1;ST4000DM000;Z304JDG0;577
2018-01-01T10:13:29.155Z;1;4000787030016.0;2017-05-09T21:00:00.000Z;1;ST4000DM000;Z302F3SW;459
2018-01-01T10:39:51.061Z;1;4000787030016.0;2017-05-26T21:00:00.000Z;1;ST4000DM000;Z305GPTN;470
2018-01-10T12:44:35.191Z;1;4000787030016.0;2016-09-12T21:00:00.000Z;1;ST4000DM000;Z300X8KG;471
2018-01-10T12:54:37.567Z;1;4000787030016.0;2016-09-19T21:00:00.000Z;1;ST4000DM000;Z300YLQ9;315
2018-01-10T12:54:21.398Z;1;4000787030016.0;2016-09-19T21:00:00.000Z;1;ST4000DM000;Z300ZSHX;288
2018-01-10T12:38:13.206Z;1;4000787030016.0;2016-09-07T21:00:00.000Z;1;ST4000DM000;Z305BV2A;712
2018-01-10T12:58:32.777Z;1;4000787030016.0;2016-09-22T21:00:00.000Z;1;ST4000DM000;S3010CKZ;617
2018-01-10T12:48:23.498Z;1;4000787030016.0;2016-09-15T21:00:00.000Z;1;ST4000DM000;Z3025ZNH;470
2018-01-10T12:57:23.815Z;1;4000787030016.0;2016-09-21T21:00:00.000Z;1;ST4000DM000;Z3011WXM;211
2018-01-10T12:42:42.110Z;1;4000787030016.0;2016-09-11T21:00:00.000Z;1;ST4000DM000;Z305DHAK;1649
2018-01-10T12:47:39.502Z;1;4000787030016.0;2016-09-14T21:00:00.000Z;1;ST4000DM000;Z304YZ8G;704
2018-01-10T12:52:28.608Z;1;4000787030016.0;2016-09-18T21:00:00.000Z;1;ST4000DM000;Z305D581;968
2018-01-10T12:57:57.020Z;1;4000787030016.0;2016-09-22T21:00:00.000Z;1;HGST HMS5C4040ALE640;PL1331LAGT941H;522
2018-01-10T12:58:18.575Z;1;4000787030016.0;2016-09-22T21:00:00.000Z;1;ST4000DM000;Z3015L0K;1346
2018-01-10T12:45:32.071Z;1;4000787030016.0;2016-09-13T21:00:00.000Z;1;ST4000DM000;Z304HML7;1850
2018-01-10T12:51:42.174Z;1;4000787030016.0;2016-09-17T21:00:00.000Z;1;ST4000DM000;Z3025LAG;909
2018-01-10T12:51:36.308Z;1;4000787030016.0;2016-09-17T21:00:00.000Z;1;ST4000DM000;Z305BFXZ;85
2018-01-10T12:59:19.648Z;1;4000787030016.0;2016-09-22T21:00:00.000Z;1;ST4000DM000;Z300GYZV;792
2018-01-12T06:45:54.081Z;1;4000787030016.0;2016-04-05T21:00:00.000Z;1;ST4000DM000;W300B34S;235
2018-01-12T06:48:44.880Z;1;4000787030016.0;2016-04-07T21:00:00.000Z;1;ST4000DM000;Z300PMEL;360
2018-01-12T06:50:02.110Z;1;320072933376.0;2016-04-08T21:00:00.000Z;1;WDC WD3200BEKT;WD-WX71A9290300;677
2018-01-12T06:50:55.532Z;1;4000787030016.0;2016-04-08T21:00:00.000Z;1;ST4000DM000;W300JK91;237
2018-01-10T12:26:12.794Z;1;4000787030016.0;2016-08-30T21:00:00.000Z;1;ST4000DM000;Z304KBYT;598
2018-01-12T06:45:47.375Z;1;4000787030016.0;2016-04-04T21:00:00.000Z;1;ST4000DM000;Z304KCC3;1198
2018-01-12T06:48:12.559Z;1;4000787030016.0;2016-04-06T21:00:00.000Z;1;ST4000DM000;W3006BC2;52
2018-01-10T13:01:21.006Z;1;4000787030016.0;2016-09-24T21:00:00.000Z;1;ST4000DM000;Z302AKDR;4
2018-01-10T13:02:04.226Z;1;4000787030016.0;2016-09-24T21:00:00.000Z;1;ST4000DM000;Z300ZQY6;45
2018-01-12T06:44:13.591Z;1;2000398934016.0;2016-04-03T21:00:00.000Z;1;Hitachi HDS722020ALA330;JK1105B8GHWJZX;2067
2018-01-10T13:01:59.402Z;1;4000787030016.0;2016-09-24T21:00:00.000Z;1;ST4000DM000;Z305D4KT;476
2018-01-12T06:40:36.567Z;1;4000787030016.0;2016-03-31T21:00:00.000Z;1;Hitachi HDS5C4040ALE630;PL1311LAG2B1NH;973
2018-01-12T06:45:03.451Z;1;6001175126016.0;2016-04-04T21:00:00.000Z;1;ST6000DX000;Z4D045CF;75
2018-01-10T12:39:41.247Z;1;8001563222016.0;2016-09-08T21:00:00.000Z;1;ST8000DM002;ZA10B121;1010
2018-01-10T12:44:56.483Z;1;4000787030016.0;2016-09-12T21:00:00.000Z;1;ST4000DM000;Z305ANSH;16
2018-01-10T12:46:36.449Z;1;3000592982016.0;2016-09-13T21:00:00.000Z;1;WDC WD30EFRX;WD-WCC4N0385882;950
2018-01-10T12:56:53.691Z;1;4000787030016.0;2016-09-21T21:00:00.000Z;1;ST4000DM000;Z300KMTN;68
2018-01-12T07:10:13.020Z;1;80026361856.0;2016-04-24T21:00:00.000Z;1;WDC WD800AAJS;WD-WCAV3E973409;2398
2018-01-12T07:12:16.605Z;1;80026361856.0;2016-04-25T21:00:00.000Z;1;WDC WD800AAJS;WD-WMAV3J875025;281
2018-01-12T07:16:17.984Z;1;4000787030016.0;2016-04-29T21:00:00.000Z;1;ST4000DM000;Z304JNRH;384
2018-01-12T07:16:20.300Z;1;4000787030016.0;2016-04-29T21:00:00.000Z;1;ST4000DM000;Z300GQ55;762
2018-01-12T07:10:42.277Z;1;3000592982016.0;2016-04-24T21:00:00.000Z;1;WDC WD30EFRX;WD-WCC4N0968565;326
2018-01-12T07:11:39.163Z;1;80026361856.0;2016-04-25T21:00:00.000Z;1;WDC WD800AAJS;WD-WMAV3J935956;224
2018-01-12T07:12:44.888Z;1;4000787030016.0;2016-04-26T21:00:00.000Z;1;ST4000DM000;Z300X1K0;245
2018-01-12T07:13:21.322Z;1;4000787030016.0;2016-04-26T21:00:00.000Z;1;ST4000DM000;W300CWLM;31
2018-01-12T07:10:27.283Z;1;80026361856.0;2016-04-24T21:00:00.000Z;1;WDC WD800AAJS;WD-WCAV3E974559;970
2018-01-12T07:14:56.503Z;1;2000398934016.0;2016-04-28T21:00:00.000Z;1;Hitachi HDS722020ALA330;JK11A8B9J90WMF;671
2018-01-12T07:01:50.186Z;1;4000787030016.0;2016-04-17T21:00:00.000Z;1;ST4000DM000;Z3015C7D;406
2018-01-12T07:02:00.207Z;1;4000787030016.0;2016-04-17T21:00:00.000Z;1;ST4000DM000;Z300YTZ7;458
2018-01-12T07:05:03.352Z;1;4000787030016.0;2016-04-19T21:00:00.000Z;1;ST4000DM000;S300YPZV;38
2018-01-12T06:58:02.551Z;1;4000787030016.0;2016-04-14T21:00:00.000Z;1;ST4000DM000;W300BT0J;674
2018-01-12T07:04:53.362Z;1;4000787030016.0;2016-04-19T21:00:00.000Z;1;ST4000DM000;Z302FS4Q;576
2018-01-12T06:55:08.727Z;1;160041885696.0;2016-04-12T21:00:00.000Z;1;WDC WD1600AAJB;WD-WMAV3K823369;1137
2018-01-12T07:05:28.431Z;1;4000787030016.0;2016-04-20T21:00:00.000Z;1;ST4000DM000;Z304JFAQ;930
2018-01-12T07:03:20.601Z;1;4000787030016.0;2016-04-18T21:00:00.000Z;1;ST4000DM000;S300Z7CZ;513
2018-01-10T11:40:46.852Z;1;2000398934016.0;2016-08-01T21:00:00.000Z;1;Hitachi HDS722020ALA330;JK1180YAGXSE7T;933
2018-01-10T11:42:52.865Z;1;4000787030016.0;2016-08-02T21:00:00.000Z;1;ST4000DM000;Z3041BXZ;30
2018-01-10T11:39:58.973Z;1;6001175126016.0;2016-08-01T21:00:00.000Z;1;ST6000DX000;Z4D05JPB;449
2018-01-10T11:57:47.519Z;1;4000787030016.0;2016-08-12T21:00:00.000Z;1;ST4000DM000;Z3040E6N;1916
2018-01-10T11:59:01.889Z;1;4000787030016.0;2016-08-13T21:00:00.000Z;1;ST4000DM000;Z3040YXY;21
2018-01-10T11:59:40.298Z;1;3000592982016.0;2016-08-13T21:00:00.000Z;1;WDC WD30EFRX;WD-WMC4N0D2RF3F;2993
2018-01-12T07:23:57.679Z;1;4000787030016.0;2016-05-06T21:00:00.000Z;1;ST4000DM000;Z302SQ7K;384
2018-01-12T07:23:54.243Z;1;4000787030016.0;2016-05-06T21:00:00.000Z;1;ST4000DM000;Z300KK9W;334
2018-01-12T07:17:40.771Z;1;4000787030016.0;2016-04-30T21:00:00.000Z;1;ST4000DM000;Z30111WY;442
2018-01-12T07:22:46.781Z;1;4000787030016.0;2016-05-05T21:00:00.000Z;1;ST4000DM000;S300Z7BR;278
2018-01-12T07:27:00.405Z;1;500107862016.0;2016-05-08T21:00:00.000Z;1;WDC WD5002ABYS;WD-WMASY4167741;1223
2018-01-12T07:19:16.508Z;1;320072933376.0;2016-05-02T21:00:00.000Z;1;ST320LT007;W0Q6JB0X;341
2018-01-12T07:20:54.734Z;1;4000787030016.0;2016-05-03T21:00:00.000Z;1;HGST HMS5C4040ALE640;PL1331LAGSR5WH;346
2018-01-12T07:21:25.461Z;1;4000787030016.0;2016-05-03T21:00:00.000Z;1;ST4000DM000;Z30111QM;891
2018-01-12T07:23:34.846Z;1;4000787030016.0;2016-05-05T21:00:00.000Z;1;ST4000DM000;Z305DVMC;3153
2018-01-10T13:07:50.579Z;1;4000787030016.0;2016-09-28T21:00:00.000Z;1;Hitachi HDS5C4040ALE630;PL1321LAG35TLH;1458
2018-01-12T06:40:21.827Z;1;4000787030016.0;2016-03-31T21:00:00.000Z;1;ST4000DM000;Z3001J37;848
2018-01-10T11:38:57.247Z;1;4000787030016.0;2016-07-31T21:00:00.000Z;1;ST4000DM000;Z304151W;100
2018-01-10T11:46:02.970Z;1;4000787030016.0;2016-08-05T21:00:00.000Z;1;ST4000DM000;Z3014A4Q;99
2018-01-10T11:47:23.159Z;1;4000787030016.0;2016-08-05T21:00:00.000Z;1;HGST HMS5C4040BLE640;PL1331LAHBN14H;1191
2018-01-10T11:47:10.678Z;1;4000787030016.0;2016-08-05T21:00:00.000Z;1;ST4000DM000;Z30149SH;605
2018-01-10T11:51:40.062Z;1;4000787030016.0;2016-08-08T21:00:00.000Z;1;ST4000DM000;Z303C1RC;329
2018-01-10T11:52:33.285Z;1;4000787030016.0;2016-08-09T21:00:00.000Z;1;ST4000DM000;S300Z6WX;273
2018-01-10T11:49:20.987Z;1;4000787030016.0;2016-08-07T21:00:00.000Z;1;HGST HMS5C4040BLE640;PL2331LAHAH58J;160
2018-01-12T07:34:25.359Z;1;4000787030016.0;2016-05-13T21:00:00.000Z;1;ST4000DX000;Z1Z05NX7;140
2018-01-12T07:34:26.559Z;1;3000592982016.0;2016-05-13T21:00:00.000Z;1;Hitachi HDS5C3030ALA630;MJ1311YNG7JRVA;642
2018-01-12T07:28:11.298Z;1;80026361856.0;2016-05-08T21:00:00.000Z;1;WDC WD800AAJS;WD-WMAV3J877106;15
2018-01-12T07:28:16.681Z;1;80026361856.0;2016-05-09T21:00:00.000Z;1;WDC WD800AAJS;WD-WMAV3J876642;434
2018-01-12T07:30:11.799Z;1;4000787030016.0;2016-05-10T21:00:00.000Z;1;ST4000DM000;Z30149W8;615
2018-01-12T07:33:14.244Z;1;500107862016.0;2016-05-12T21:00:00.000Z;1;WDC WD5000LPVX;WD-WX71A24C3812;497
2018-01-10T12:02:48.481Z;1;4000787030016.0;2016-08-15T21:00:00.000Z;1;HGST HMS5C4040ALE640;PL1331LAGSM12H;19
2018-01-10T12:03:46.420Z;1;4000787030016.0;2016-08-15T21:00:00.000Z;1;ST4000DM000;W300J68Y;4030
2018-01-12T07:40:59.192Z;1;6001175126016.0;2016-05-18T21:00:00.000Z;1;ST6000DX000;Z4D090S5;2051
2018-01-12T07:44:34.010Z;1;4000787030016.0;2016-05-21T21:00:00.000Z;1;HGST HMS5C4040BLE640;PL1331LAHE1MDH;931
2018-01-12T07:44:36.541Z;1;2000398934016.0;2016-05-21T21:00:00.000Z;1;WDC WD20EFRX;WD-WMC4M2932590;963
2018-01-12T07:50:09.244Z;1;4000787030016.0;2016-05-26T21:00:00.000Z;1;HGST HMS5C4040BLE640;PL1331LAHD41PH;1830
2018-01-12T08:19:24.814Z;1;4000787030016.0;2016-06-17T21:00:00.000Z;1;ST4000DM000;S300WFPS;772
2018-01-12T08:25:00.845Z;1;4000787030016.0;2016-06-21T21:00:00.000Z;1;ST4000DM000;Z3011WVE;674
2018-01-12T08:24:16.734Z;1;4000787030016.0;2016-06-21T21:00:00.000Z;1;ST4000DM000;Z303ZA70;1765
2018-01-12T08:09:18.782Z;1;4000787030016.0;2016-06-09T21:00:00.000Z;1;ST4000DM000;Z30250NK;3924
2018-01-12T08:23:24.586Z;1;4000787030016.0;2016-06-20T21:00:00.000Z;1;ST4000DM000;W300CKT2;540
2018-01-12T08:10:26.161Z;1;4000787030016.0;2016-06-10T21:00:00.000Z;1;ST4000DM000;Z300MJEQ;980
2018-01-12T08:14:00.640Z;1;4000787030016.0;2016-06-13T21:00:00.000Z;1;ST4000DM000;Z300MHNQ;555
2018-01-12T08:14:51.739Z;1;4000787030016.0;2016-06-13T21:00:00.000Z;1;ST4000DM000;Z305JMYB;819
2018-01-12T08:25:57.841Z;1;4000787030016.0;2016-06-22T21:00:00.000Z;1;ST4000DM000;Z300PMDR;347
2018-01-12T08:16:13.460Z;1;6001175126016.0;2016-06-14T21:00:00.000Z;1;WDC WD60EFRX;WD-WX11DC4FKN4C;1930
2018-01-12T08:15:58.638Z;1;6001175126016.0;2016-06-14T21:00:00.000Z;1;ST6000DX000;Z4D07W87;85
2018-01-12T08:21:14.689Z;1;4000787030016.0;2016-06-18T21:00:00.000Z;1;ST4000DM000;Z300HRCH;70
2018-01-12T08:13:50.602Z;1;4000787030016.0;2016-06-13T21:00:00.000Z;1;ST4000DM000;W300CG75;560
2018-01-10T12:16:55.434Z;1;4000787030016.0;2016-08-24T21:00:00.000Z;1;ST4000DM000;Z30250F3;138
2018-01-10T12:16:02.066Z;1;4000787030016.0;2016-08-24T21:00:00.000Z;1;ST4000DM000;S300818F;149
2018-01-10T12:30:46.582Z;1;4000787030016.0;2016-09-02T21:00:00.000Z;1;ST4000DM000;Z300GPMY;1770
2018-01-10T12:18:20.864Z;1;4000787030016.0;2016-08-25T21:00:00.000Z;1;ST4000DM000;W300BHTL;848
2018-01-10T12:23:12.732Z;1;4000787030016.0;2016-08-29T21:00:00.000Z;1;ST4000DM000;Z300KK12;560
2018-01-10T12:32:49.792Z;1;4000787030016.0;2016-09-04T21:00:00.000Z;1;ST4000DM000;Z3016X8J;1231
2018-01-10T12:09:26.756Z;1;4000787030016.0;2016-08-19T21:00:00.000Z;1;ST4000DM000;Z305B6Z3;59
2018-01-10T12:18:53.605Z;1;4000787030016.0;2016-08-26T21:00:00.000Z;1;ST4000DX000;Z1Z0470E;2605
2018-01-10T12:20:30.273Z;1;4000787030016.0;2016-08-27T21:00:00.000Z;1;ST4000DM000;Z3015CHH;752
2018-01-10T12:14:15.951Z;1;4000787030016.0;2016-08-22T21:00:00.000Z;1;ST4000DM000;Z3025ZRH;1995
2018-01-10T12:22:11.283Z;1;4000787030016.0;2016-08-28T21:00:00.000Z;1;ST4000DM000;Z304KCW8;74
2018-01-10T12:29:43.968Z;1;4000787030016.0;2016-09-02T21:00:00.000Z;1;ST4000DM000;Z304J0X2;256
2018-01-10T12:29:45.216Z;1;4000787030016.0;2016-09-02T21:00:00.000Z;1;ST4000DM000;S300XRSJ;114
2018-01-10T12:32:29.671Z;1;4000787030016.0;2016-09-04T21:00:00.000Z;1;ST4000DM000;Z300GZEF;262
2018-01-12T08:33:55.725Z;1;4000787030016.0;2016-06-28T21:00:00.000Z;1;ST4000DM000;Z302AB8K;1283
2018-01-12T08:50:06.465Z;1;2000398934016.0;2016-01-04T22:00:00.000Z;1;Hitachi HDS722020ALA330;JK1105B8GA6AYX;442
2018-01-12T08:27:26.025Z;1;4000787030016.0;2016-06-23T21:00:00.000Z;1;ST4000DM000;Z300P92S;792
2018-01-12T08:30:28.318Z;1;4000787030016.0;2016-06-25T21:00:00.000Z;1;ST4000DM000;Z30434FJ;435
2018-01-12T08:46:34.372Z;1;4000787030016.0;2016-01-01T22:00:00.000Z;1;ST4000DM000;Z3025LCN;1467
2018-01-12T08:53:51.604Z;1;4000787030016.0;2016-01-07T22:00:00.000Z;1;ST4000DM000;W300D36Z;605
2018-01-12T08:26:52.086Z;1;4000787030016.0;2016-06-23T21:00:00.000Z;1;HGST HMS5C4040ALE640;PL1331LAGSDZXH;441
2018-01-12T08:26:45.804Z;1;4000787030016.0;2016-06-22T21:00:00.000Z;1;ST4000DM000;Z3057N4A;475
2018-01-12T08:26:59.717Z;1;500107862016.0;2016-06-23T21:00:00.000Z;1;ST500LM012 HN;S2ZYJ9CF715337;197
2018-01-12T08:31:49.149Z;1;4000787030016.0;2016-06-27T21:00:00.000Z;1;ST4000DM000;W300CA8V;1063
2018-01-12T08:48:44.287Z;1;2000398934016.0;2016-01-02T22:00:00.000Z;1;Hitachi HDS722020ALA330;JK1105B8GHLUBX;85
2018-01-12T08:52:10.955Z;1;4000787030016.0;2016-01-05T22:00:00.000Z;1;ST4000DM000;W300C8F6;822
2018-01-12T08:31:15.758Z;1;4000787030016.0;2016-06-26T21:00:00.000Z;1;ST4000DM000;Z30111CH;775
2018-01-12T08:48:00.297Z;1;4000787030016.0;2016-01-02T22:00:00.000Z;1;ST4000DM000;Z30054Q5;758
2018-01-12T08:56:15.630Z;1;4000787030016.0;2016-01-09T22:00:00.000Z;1;ST4000DM000;W30068RN;833
2018-01-12T08:32:56.805Z;1;3000592982016.0;2016-06-28T21:00:00.000Z;1;Hitachi HDS723030ALA640;MK0331YHGT1YEA;1296
2018-01-12T08:48:23.347Z;1;4000787030016.0;2016-01-02T22:00:00.000Z;1;ST4000DM000;Z3025K64;2414
2018-01-12T08:53:01.173Z;1;4000787030016.0;2016-01-06T22:00:00.000Z;1;ST4000DM000;Z304HT8H;4567
2018-01-12T08:55:52.930Z;1;4000787030016.0;2016-01-09T22:00:00.000Z;1;ST4000DM000;Z3014A4S;4115
2018-01-12T07:59:35.773Z;1;4000787030016.0;2016-06-02T21:00:00.000Z;1;ST4000DM000;Z302G06J;117
2018-01-12T07:58:06.665Z;1;4000787030016.0;2016-06-01T21:00:00.000Z;1;ST4000DM000;Z303YN96;1642
2018-01-12T07:57:53.739Z;1;320072933376.0;2016-06-01T21:00:00.000Z;1;ST320LT007;W0Q6JFQ8;589
2018-01-12T07:48:02.002Z;1;250059350016.0;2016-05-24T21:00:00.000Z;1;ST250LT007;W0Q4XF6E;319
2018-01-12T07:57:19.692Z;1;320072933376.0;2016-05-31T21:00:00.000Z;1;ST320LT007;W0Q6JB4G;405
2018-01-12T07:49:28.246Z;1;320072933376.0;2016-05-25T21:00:00.000Z;1;ST320LT007;W0Q7G38T;1149
2018-01-12T07:49:33.381Z;1;320072933376.0;2016-05-25T21:00:00.000Z;1;ST320LT007;W0Q6JBRF;1111
2018-01-12T07:45:14.582Z;1;4000787030016.0;2016-05-22T21:00:00.000Z;1;ST4000DM000;S300SQ3J;540
2018-01-12T07:50:35.612Z;1;4000787030016.0;2016-05-26T21:00:00.000Z;1;ST4000DX000;Z1Z03HH1;308
2018-01-12T07:54:34.686Z;1;4000787030016.0;2016-05-29T21:00:00.000Z;1;ST4000DM000;Z3008NL2;1035
2018-01-12T07:57:41.203Z;1;8001563222016.0;2016-05-31T21:00:00.000Z;1;ST8000DM002;ZA10B9G7;468
2018-01-12T07:57:41.287Z;1;4000787030016.0;2016-05-31T21:00:00.000Z;1;ST4000DM000;Z305D6PC;226
2018-01-12T07:57:33.241Z;1;4000787030016.0;2016-05-31T21:00:00.000Z;1;ST4000DM000;Z305BF5D;1505
2018-01-12T08:00:13.136Z;1;320072933376.0;2016-06-02T21:00:00.000Z;1;ST320LT007;W0Q6KYJX;162
2018-01-12T08:00:09.814Z;1;4000787030016.0;2016-06-02T21:00:00.000Z;1;ST4000DM000;Z302187L;114
2018-01-12T08:00:26.020Z;1;320072933376.0;2016-06-02T21:00:00.000Z;1;ST320LT007;W0Q6JFDA;473
2018-01-12T08:00:34.278Z;1;4000787030016.0;2016-06-03T21:00:00.000Z;1;ST4000DM000;Z305GXAY;361
2018-01-12T07:49:07.382Z;1;320072933376.0;2016-05-25T21:00:00.000Z;1;ST320LT007;W0Q7FR7E;1182
2018-01-12T07:56:31.458Z;1;250059350016.0;2016-05-30T21:00:00.000Z;1;ST250LM004 HN;S2T0JX0D500140;201
2018-01-12T07:56:34.669Z;1;2000398934016.0;2016-05-31T21:00:00.000Z;1;Hitachi HDS722020ALA330;JK1101YBK2Z6AF;1262
2018-01-12T07:58:50.888Z;1;4000787030016.0;2016-06-01T21:00:00.000Z;1;ST4000DM000;Z3025LA1;506
2018-01-12T07:55:53.870Z;1;4000787030016.0;2016-05-30T21:00:00.000Z;1;ST4000DM000;Z305GVWX;316
2018-01-12T09:05:31.515Z;1;1000204886016.0;2016-01-18T22:00:00.000Z;1;WDC WD10EADS;WD-WCAU45178029;2213
2018-01-12T11:36:01.986Z;1;4000787030016.0;2016-01-30T22:00:00.000Z;1;HGST HMS5C4040ALE640;PL1331LAGSLWMH;910
2018-01-12T11:54:15.774Z;1;4000787030016.0;2016-02-14T22:00:00.000Z;1;ST4000DM000;S300Y4SR;181
2018-01-12T11:54:28.678Z;1;3000592982016.0;2016-02-14T22:00:00.000Z;1;Hitachi HDS723030ALA640;MK0333YHGNDSXC;229
2018-01-12T11:55:15.527Z;1;4000787030016.0;2016-02-15T22:00:00.000Z;1;Hitachi HDS5C4040ALE630;PL1321LAG34GMH;194
2018-01-12T11:53:51.129Z;1;4000787030016.0;2016-02-14T22:00:00.000Z;1;ST4000DM000;Z3025XZP;162
2018-01-12T11:53:58.400Z;1;4000787030016.0;2016-02-14T22:00:00.000Z;1;ST4000DM000;Z300VGKS;1468
2018-01-12T11:40:28.045Z;1;2000398934016.0;2016-02-03T22:00:00.000Z;1;Hitachi HDS722020ALA330;JK1104B8GGGBXW;710
2018-01-12T11:47:50.912Z;1;320072933376.0;2016-02-09T22:00:00.000Z;1;ST320LT007;W0Q19TPA;230
2018-01-12T11:47:51.991Z;1;500107862016.0;2016-02-09T22:00:00.000Z;1;ST500LM012 HN;S2ZYJ9GF302353;678
2018-01-12T09:13:28.916Z;1;2000398934016.0;2016-01-26T22:00:00.000Z;1;WDC WD20EFRX;WD-WMC4M2889605;1826
2018-01-12T09:13:18.699Z;1;4000787030016.0;2016-01-25T22:00:00.000Z;1;ST4000DM000;Z3029ZSA;192
2018-01-12T11:36:14.957Z;1;4000787030016.0;2016-01-31T22:00:00.000Z;1;ST4000DM000;Z302BYQQ;1467
2018-01-12T11:44:23.416Z;1;4000787030016.0;2016-02-07T22:00:00.000Z;1;ST4000DM000;Z304JLHS;1616
2018-01-12T11:45:04.954Z;1;4000787030016.0;2016-02-07T22:00:00.000Z;1;ST4000DM000;Z302610J;1066
2018-01-12T11:48:30.375Z;1;4000787030016.0;2016-02-10T22:00:00.000Z;1;ST4000DM000;Z3015J4N;24
2018-01-12T11:49:51.689Z;1;4000787030016.0;2016-02-11T22:00:00.000Z;1;ST4000DM000;Z300W60S;591
2018-01-12T11:50:34.912Z;1;4000787030016.0;2016-02-11T22:00:00.000Z;1;ST4000DM000;Z300P94Z;783
2018-01-12T11:50:32.753Z;1;2000398934016.0;2016-02-11T22:00:00.000Z;1;Hitachi HDS722020ALA330;JK11A5B8KK8SKX;215
2018-01-12T09:03:32.699Z;1;2000398934016.0;2016-01-16T22:00:00.000Z;1;Hitachi HDS722020ALA330;JK11A8B9J0U7DF;219
2018-01-12T09:05:48.371Z;1;320072933376.0;2016-01-18T22:00:00.000Z;1;ST320LT007;W0Q0F3BV;352
2018-01-12T09:12:36.988Z;1;4000787030016.0;2016-01-25T22:00:00.000Z;1;ST4000DM000;Z300W356;2
2018-01-12T09:16:57.398Z;1;250059350016.0;2016-01-29T22:00:00.000Z;1;ST9250315AS;S2X4KQSS;1153
2018-01-12T09:09:12.466Z;1;4000787030016.0;2016-01-22T22:00:00.000Z;1;HGST HMS5C4040ALE640;PL2331LAGPRW3J;128
2018-01-12T09:10:44.377Z;1;4000787030016.0;2016-01-23T22:00:00.000Z;1;ST4000DM000;Z3055R6G;711
2018-01-12T09:17:41.641Z;1;2000398934016.0;2016-01-30T22:00:00.000Z;1;WDC WD20EFRX;WD-WCC4M7UYXP88;912
2018-01-12T11:38:13.258Z;1;2000398934016.0;2016-02-01T22:00:00.000Z;1;Hitachi HDS722020ALA330;JK11A4B8HY123W;79
2018-01-12T12:24:43.608Z;1;4000787030016.0;2016-03-12T22:00:00.000Z;1;ST4000DM000;Z300KK2R;88
2018-01-12T12:25:11.668Z;1;4000787030016.0;2016-03-13T22:00:00.000Z;1;ST4000DM000;Z3023X1H;590
2018-01-12T12:25:18.764Z;1;4000787030016.0;2016-03-13T22:00:00.000Z;1;ST4000DM000;Z300X5WX;673
2018-01-12T12:25:50.970Z;1;4000787030016.0;2016-03-14T22:00:00.000Z;1;ST4000DM000;W300SR3X;97
2018-01-12T12:26:11.271Z;1;320072933376.0;2016-03-14T22:00:00.000Z;1;ST320LT007;W0Q6GS3J;214
2018-01-12T07:38:30.754Z;1;3000592982016.0;2016-05-16T21:00:00.000Z;1;Hitachi HDS723030ALA640;MK0313YHGK21NC;147
2018-01-12T12:05:39.312Z;1;4000787030016.0;2016-02-25T22:00:00.000Z;1;ST4000DM000;S300ZQPG;774
2018-01-12T12:05:29.491Z;1;4000787030016.0;2016-02-25T22:00:00.000Z;1;ST4000DM000;W3005MSA;896
2018-01-12T12:03:31.571Z;1;4000787030016.0;2016-02-23T22:00:00.000Z;1;ST4000DM000;Z3026989;42
2018-01-12T12:06:05.800Z;1;4000787030016.0;2016-02-25T22:00:00.000Z;1;ST4000DM000;Z3016MGJ;387
2018-01-12T12:21:20.140Z;1;4000787030016.0;2016-03-09T22:00:00.000Z;1;ST4000DM000;Z300X6HN;143
2018-01-12T12:21:07.822Z;1;4000787030016.0;2016-03-09T22:00:00.000Z;1;ST4000DM000;Z305GX2G;1989
2018-01-12T12:21:28.410Z;1;320072933376.0;2016-03-09T22:00:00.000Z;1;ST320LT007;W0Q6JFVK;290
2018-01-12T12:15:59.138Z;1;4000787030016.0;2016-03-04T22:00:00.000Z;1;ST4000DM000;Z303ESS3;1291
2018-02-15T08:02:28.127Z;1;8001563222016.0;2017-11-25T22:00:00.000Z;1;ST8000NM0055;ZA14EN2G;585
2018-02-15T08:02:02.528Z;1;4000787030016.0;2017-11-25T22:00:00.000Z;1;ST4000DX000;Z1Z053W6;31
2018-02-15T08:01:34.939Z;1;12000138625024.0;2017-11-25T22:00:00.000Z;1;ST12000NM0007;ZCH07CCM;265
2018-02-15T07:20:42.883Z;1;4000787030016.0;2017-11-01T22:00:00.000Z;1;ST4000DM000;Z304JD17;1332
2018-02-15T07:24:06.682Z;1;8001563222016.0;2017-11-03T22:00:00.000Z;1;ST8000DM002;ZA11FCYR;98
2018-02-15T07:25:28.149Z;1;4000787030016.0;2017-11-04T22:00:00.000Z;1;ST4000DM000;Z301060Z;170
2018-02-15T07:38:34.900Z;1;4000787030016.0;2017-11-11T22:00:00.000Z;1;ST4000DM000;Z300PM14;191
2018-02-15T07:39:43.677Z;1;4000787030016.0;2017-11-12T22:00:00.000Z;1;ST4000DM000;W300BNY9;4970
2018-02-15T07:39:41.260Z;1;500107862016.0;2017-11-12T22:00:00.000Z;1;ST500LM012 HN;S2ZYJ9DFA03951;114
2018-02-15T07:40:50.715Z;1;4000787030016.0;2017-11-12T22:00:00.000Z;1;ST4000DM000;Z305ADCY;785
2018-02-15T07:40:42.608Z;1;4000787030016.0;2017-11-12T22:00:00.000Z;1;ST4000DM000;S300Z4NX;101
2018-01-12T12:28:25.851Z;1;80026361856.0;2016-03-16T22:00:00.000Z;1;WDC WD800BB;WD-WCAMD1587919;172
2018-01-12T12:28:37.500Z;1;80026361856.0;2016-03-16T22:00:00.000Z;1;WDC WD800BB;WD-WCAMD3298843;644
2018-01-12T12:30:51.893Z;1;4000787030016.0;2016-03-19T22:00:00.000Z;1;ST4000DM000;W300B6GF;800
2018-01-12T12:31:51.761Z;1;4000787030016.0;2016-03-20T22:00:00.000Z;1;ST4000DM000;Z305DV4B;441
2018-02-15T08:18:57.658Z;1;4000787030016.0;2017-12-04T22:00:00.000Z;1;ST4000DM000;S300Z5N0;1398
2018-02-15T08:21:03.886Z;1;4000787030016.0;2017-12-05T22:00:00.000Z;1;ST4000DM000;Z302AYP0;651
2018-02-15T08:22:06.712Z;1;8001563222016.0;2017-12-05T22:00:00.000Z;1;ST8000NM0055;ZA180ZPZ;338
2018-02-15T08:22:30.635Z;1;4000787030016.0;2017-12-06T22:00:00.000Z;1;ST4000DM000;Z303GLX1;349
2018-02-15T08:22:20.280Z;1;4000787030016.0;2017-12-06T22:00:00.000Z;1;ST4000DM000;Z304HSR8;243
2018-02-15T08:22:17.990Z;1;4000787030016.0;2017-12-06T22:00:00.000Z;1;ST4000DM000;Z302522E;520
2018-02-15T08:23:31.009Z;1;4000787030016.0;2017-12-06T22:00:00.000Z;1;ST4000DM000;Z304GE6Z;853
2018-01-12T12:13:11.024Z;1;4000787030016.0;2016-03-02T22:00:00.000Z;1;ST4000DM000;Z30251KF;417
2018-01-12T12:18:36.269Z;1;320072933376.0;2016-03-06T22:00:00.000Z;1;ST320LT007;W0Q7D89K;17
2018-01-12T12:20:03.631Z;1;4000787030016.0;2016-03-08T22:00:00.000Z;1;Hitachi HDS5C4040ALE630;PL1311LAG2E3LH;466
2018-01-12T12:10:17.132Z;1;4000787030016.0;2016-02-29T22:00:00.000Z;1;ST4000DX000;Z1Z03F39;429
2018-02-15T08:16:46.953Z;1;4000787030016.0;2017-12-03T22:00:00.000Z;1;ST4000DM001;W4J14WF6;39
2018-02-15T08:27:00.435Z;1;4000787030016.0;2017-12-08T22:00:00.000Z;1;ST4000DM000;Z3011WVF;1133
2018-02-15T08:28:26.183Z;1;8001563222016.0;2017-12-09T22:00:00.000Z;1;ST8000DM002;ZA123ZWK;1211
2018-01-12T12:35:19.278Z;1;500107862016.0;2016-03-23T22:00:00.000Z;1;WDC WD5000LPVX;WD-WXU1E83UUNF8;8
2018-01-12T12:33:21.930Z;1;80026361856.0;2016-03-21T22:00:00.000Z;1;WDC WD800JB;WD-WMAM9DVT0203;690
2018-01-12T12:35:29.067Z;1;4000787030016.0;2016-03-23T22:00:00.000Z;1;ST4000DM000;W300FQY9;1765
2018-02-15T06:22:36.761Z;1;4000787030016.0;2017-09-30T21:00:00.000Z;1;ST4000DM000;Z3022DKK;227
2018-02-15T06:31:17.261Z;1;4000787030016.0;2017-10-04T21:00:00.000Z;1;ST4000DX000;Z1Z03FTJ;233
2018-02-15T06:36:10.301Z;1;4000787030016.0;2017-10-07T21:00:00.000Z;1;ST4000DM000;Z302G0Q9;278
2018-01-12T12:36:24.148Z;1;4000787030016.0;2016-03-23T22:00:00.000Z;1;ST4000DM000;Z30149S0;955
2018-02-15T06:24:01.529Z;1;4000787030016.0;2017-09-30T21:00:00.000Z;1;HGST HMS5C4040BLE640;PL1331LAHBG6ZH;4098
2018-02-15T06:33:02.955Z;1;4000787030016.0;2017-10-05T21:00:00.000Z;1;ST4000DM000;Z302519H;786
2018-02-15T06:29:56.774Z;1;4000787030016.0;2017-10-03T21:00:00.000Z;1;ST4000DM000;Z30056BA;1756
2018-02-15T06:30:00.949Z;1;8001563222016.0;2017-10-03T21:00:00.000Z;1;ST8000DM002;ZA13N92Q;127
2018-02-15T06:24:23.034Z;1;4000787030016.0;2017-09-30T21:00:00.000Z;1;ST4000DM000;W300JEZZ;1747
2018-02-15T06:24:45.639Z;1;4000787030016.0;2017-10-01T21:00:00.000Z;1;ST4000DM000;S300Z5WC;153
2018-02-15T06:24:47.817Z;1;4000787030016.0;2017-10-01T21:00:00.000Z;1;ST4000DM000;Z305D5D9;550
2018-01-12T12:33:25.137Z;1;2000398934016.0;2016-03-21T22:00:00.000Z;1;Hitachi HDS722020ALA330;JK11A8B9J7A2JF;144
2018-01-12T12:36:07.702Z;1;4000787030016.0;2016-03-23T22:00:00.000Z;1;ST4000DM000;Z300WP2M;46
2018-02-15T06:22:59.388Z;1;4000787030016.0;2017-09-30T21:00:00.000Z;1;ST4000DM000;Z302NSPV;469
2018-02-15T06:22:51.442Z;1;4000787030016.0;2017-09-30T21:00:00.000Z;1;ST4000DM000;Z304PFSA;659
2018-02-15T06:33:58.330Z;1;8001563222016.0;2017-10-05T21:00:00.000Z;1;ST8000DM002;ZA13Z5XY;1038
2018-02-15T06:30:11.004Z;1;4000787030016.0;2017-10-03T21:00:00.000Z;1;ST4000DM000;Z3035QGV;1226
2018-01-12T12:32:33.440Z;1;500107862016.0;2016-03-20T22:00:00.000Z;1;ST500LM012 HN;S2ZYJ9FG404846;127
2018-01-12T12:43:43.360Z;1;6001175126016.0;2016-03-29T21:00:00.000Z;1;WDC WD60EFRX;WD-WX41D94RNPTY;1477
2018-01-12T12:43:45.539Z;1;4000787030016.0;2016-03-29T21:00:00.000Z;1;ST4000DM000;Z300GPA1;274
2018-02-15T06:46:40.995Z;1;4000787030016.0;2017-10-13T21:00:00.000Z;1;ST4000DM000;S300Z48Z;193
2018-02-15T06:39:22.143Z;1;4000787030016.0;2017-10-08T21:00:00.000Z;1;ST4000DM001;W4J1E7V8;778
2018-02-15T06:37:51.174Z;1;4000787030016.0;2017-10-08T21:00:00.000Z;1;ST4000DM000;Z305B04C;584
2018-02-15T06:41:29.618Z;1;4000787030016.0;2017-10-10T21:00:00.000Z;1;ST4000DM000;Z303QDED;204
2018-02-15T06:46:11.277Z;1;4000787030016.0;2017-10-12T21:00:00.000Z;1;ST4000DM000;Z304LAL4;460
2018-02-15T06:43:05.224Z;1;4000787030016.0;2017-10-10T21:00:00.000Z;1;ST4000DM000;Z3041L16;421
2018-02-15T07:03:23.133Z;1;4000787030016.0;2017-10-22T21:00:00.000Z;1;ST4000DM000;Z3025PNP;187
2018-02-15T07:05:20.548Z;1;4000787030016.0;2017-10-23T21:00:00.000Z;1;HGST HMS5C4040BLE640;PL2331LAHB4G5J;295
2018-02-15T07:16:46.727Z;1;8001563222016.0;2017-10-30T22:00:00.000Z;1;ST8000NM0055;ZA189JVJ;363
2018-02-15T07:17:19.797Z;1;4000787030016.0;2017-10-30T22:00:00.000Z;1;ST4000DM000;Z300GPXL;296
2018-02-15T07:17:25.504Z;1;4000787030016.0;2017-10-30T22:00:00.000Z;1;ST4000DM000;Z3025M1C;2350
2018-02-15T07:09:44.336Z;1;8001563222016.0;2017-10-26T21:00:00.000Z;1;ST8000NM0055;ZA180R2X;140
2018-02-15T07:13:21.589Z;1;4000787030016.0;2017-10-28T21:00:00.000Z;1;ST4000DM000;W300C664;341
2018-02-15T06:43:29.808Z;1;4000787030016.0;2017-10-11T21:00:00.000Z;1;ST4000DM000;Z304L9M8;134
2018-02-15T07:04:55.041Z;1;8001563222016.0;2017-10-23T21:00:00.000Z;1;ST8000NM0055;ZA139FTP;1968
2018-02-15T07:06:34.938Z;1;4000787030016.0;2017-10-24T21:00:00.000Z;1;ST4000DM000;W300BHS6;23
2018-02-15T07:06:50.872Z;1;4000787030016.0;2017-10-24T21:00:00.000Z;1;ST4000DM000;Z300YNE9;138
2018-02-15T07:15:11.174Z;1;4000787030016.0;2017-10-29T22:00:00.000Z;1;ST4000DM000;Z300KH3R;60
2018-02-15T07:17:42.627Z;1;4000787030016.0;2017-10-31T22:00:00.000Z;1;ST4000DM000;Z300Z2VD;258
2018-02-15T07:07:52.447Z;1;4000787030016.0;2017-10-25T21:00:00.000Z;1;ST4000DM000;Z304JH3K;250
2018-02-15T07:33:14.328Z;1;8001563222016.0;2017-11-08T22:00:00.000Z;1;ST8000NM0055;ZA18BLNT;245
2018-02-15T07:35:42.985Z;1;8001563222016.0;2017-11-09T22:00:00.000Z;1;ST8000DM002;ZA13QZMB;648
2018-02-15T07:21:25.940Z;1;10000831348736.0;2017-11-02T22:00:00.000Z;1;ST10000NM0086;ZA21BZ3S;312
2018-02-15T07:37:38.413Z;1;8001563222016.0;2017-11-10T22:00:00.000Z;1;ST8000NM0055;ZA180ZPA;127
2018-02-15T07:43:57.995Z;1;4000787030016.0;2017-11-15T22:00:00.000Z;1;ST4000DM001;W4J161QA;1081
2018-02-15T07:21:56.699Z;1;4000787030016.0;2017-11-02T22:00:00.000Z;1;ST4000DM000;Z3016WC8;839
2018-02-15T07:32:57.239Z;1;4000787030016.0;2017-11-08T22:00:00.000Z;1;ST4000DM000;W300BN3T;2151
2018-02-15T07:36:54.325Z;1;4000787030016.0;2017-11-10T22:00:00.000Z;1;ST4000DM001;W4J1MBP1;450
2018-02-15T07:48:24.033Z;1;4000787030016.0;2017-11-17T22:00:00.000Z;1;ST4000DM001;W4J1F0N8;212
2018-02-15T07:53:37.019Z;1;4000787030016.0;2017-11-20T22:00:00.000Z;1;ST4000DM000;W300BNJ9;393
2018-02-15T07:59:46.482Z;1;4000787030016.0;2017-11-24T22:00:00.000Z;1;ST4000DM000;Z300PA4H;1058
2018-02-15T08:43:10.738Z;1;4000787030016.0;2017-12-17T22:00:00.000Z;1;ST4000DM000;Z300ZV0V;594
2018-02-15T08:30:17.965Z;1;4000787030016.0;2017-12-09T22:00:00.000Z;1;ST4000DM000;S300YQF1;974
2018-02-15T08:43:50.396Z;1;4000787030016.0;2017-12-17T22:00:00.000Z;1;ST4000DM000;Z3041857;164
2018-02-15T08:45:31.643Z;1;4000787030016.0;2017-12-18T22:00:00.000Z;1;ST4000DM000;Z305D5ME;282
2018-02-15T08:30:50.639Z;1;4000787030016.0;2017-12-10T22:00:00.000Z;1;ST4000DM000;Z300KN10;1714
2018-02-15T08:48:07.273Z;1;4000787030016.0;2017-12-20T22:00:00.000Z;1;ST4000DM000;Z3011WAL;1063
2018-02-15T08:50:09.932Z;1;8001563222016.0;2017-12-21T22:00:00.000Z;1;ST8000NM0055;ZA16DXLR;659
2018-02-15T08:51:09.718Z;1;4000787030016.0;2017-12-21T22:00:00.000Z;1;Hitachi HDS5C4040ALE630;PL2311LAG1KZPC;226
2018-02-15T08:47:55.366Z;1;4000787030016.0;2017-12-20T22:00:00.000Z;1;ST4000DM000;Z304KBFE;144
2018-02-15T08:33:30.752Z;1;8001563222016.0;2017-12-12T22:00:00.000Z;1;ST8000NM0055;ZA136HJV;438
2018-02-15T08:36:30.539Z;1;8001563222016.0;2017-12-13T22:00:00.000Z;1;ST8000DM002;ZA13R3T3;1397
2018-02-15T08:54:52.382Z;1;4000787030016.0;2017-12-24T22:00:00.000Z;1;ST4000DM000;Z3014P0L;2326
2018-02-15T08:55:11.378Z;1;12000138625024.0;2017-12-24T22:00:00.000Z;1;ST12000NM0007;ZCH03K2S;189
2018-02-15T10:29:54.647Z;1;4000787030016.0;2017-12-25T22:00:00.000Z;1;ST4000DM000;S301GNPF;471
2018-02-15T10:35:37.917Z;1;4000787030016.0;2017-12-27T22:00:00.000Z;1;HGST HMS5C4040BLE640;PL1331LAHD1JAH;1408
